ISO-10303-21;
HEADER;
/* Generated by software containing ST-Developer
 * from STEP Tools, Inc. (www.steptools.com) 
 */

FILE_DESCRIPTION(
/* description */ ('',
'CAx-IF Rec.Pracs.---Representation and Presentation of Product Manufa
cturing Information (PMI)---4.0---2014-10-13'),
/* implementation_level */ '2;1');

FILE_NAME(
/* name */ 'frame_250108.step',
/* time_stamp */ '2025-01-08T14:56:51-05:00',
/* author */ (''),
/* organization */ (''),
/* preprocessor_version */ 'ST-DEVELOPER v20',
/* originating_system */ 'Autodesk Translation Framework v13.20.0.188',

/* authorisation */ '');

FILE_SCHEMA (('AP242_MANAGED_MODEL_BASED_3D_ENGINEERING_MIM_LF { 1 0 10303 442 1 1 4 }'));
ENDSEC;

DATA;
#10=MECHANICAL_DESIGN_GEOMETRIC_PRESENTATION_REPRESENTATION('',(#13),#4306);
#11=SHAPE_REPRESENTATION_RELATIONSHIP('SRR','None',#4312,#12);
#12=ADVANCED_BREP_SHAPE_REPRESENTATION('',(#14),#4305);
#13=STYLED_ITEM('',(#4322),#14);
#14=MANIFOLD_SOLID_BREP('Body1',#2522);
#15=FACE_BOUND('',#263,.T.);
#16=FACE_BOUND('',#264,.T.);
#17=FACE_BOUND('',#265,.T.);
#18=FACE_BOUND('',#266,.T.);
#19=FACE_BOUND('',#267,.T.);
#20=FACE_BOUND('',#268,.T.);
#21=FACE_BOUND('',#269,.T.);
#22=FACE_BOUND('',#279,.T.);
#23=FACE_BOUND('',#280,.T.);
#24=FACE_BOUND('',#281,.T.);
#25=FACE_BOUND('',#282,.T.);
#26=FACE_BOUND('',#283,.T.);
#27=FACE_BOUND('',#374,.T.);
#28=FACE_BOUND('',#375,.T.);
#29=FACE_BOUND('',#376,.T.);
#30=FACE_BOUND('',#377,.T.);
#31=FACE_BOUND('',#378,.T.);
#32=FACE_BOUND('',#379,.T.);
#33=FACE_BOUND('',#380,.T.);
#34=FACE_BOUND('',#381,.T.);
#35=FACE_BOUND('',#392,.T.);
#36=FACE_BOUND('',#393,.T.);
#37=FACE_BOUND('',#394,.T.);
#38=FACE_BOUND('',#395,.T.);
#39=FACE_BOUND('',#396,.T.);
#40=FACE_BOUND('',#398,.T.);
#41=FACE_BOUND('',#399,.T.);
#42=FACE_BOUND('',#400,.T.);
#43=FACE_BOUND('',#401,.T.);
#44=FACE_BOUND('',#402,.T.);
#45=FACE_BOUND('',#403,.T.);
#46=FACE_BOUND('',#404,.T.);
#47=FACE_BOUND('',#407,.T.);
#48=FACE_BOUND('',#408,.T.);
#49=FACE_BOUND('',#409,.T.);
#50=FACE_BOUND('',#410,.T.);
#51=FACE_BOUND('',#411,.T.);
#52=FACE_BOUND('',#412,.T.);
#53=FACE_BOUND('',#413,.T.);
#54=FACE_BOUND('',#414,.T.);
#55=PLANE('',#2527);
#56=PLANE('',#2531);
#57=PLANE('',#2535);
#58=PLANE('',#2539);
#59=PLANE('',#2543);
#60=PLANE('',#2547);
#61=PLANE('',#2551);
#62=PLANE('',#2555);
#63=PLANE('',#2559);
#64=PLANE('',#2560);
#65=PLANE('',#2589);
#66=PLANE('',#2592);
#67=PLANE('',#2595);
#68=PLANE('',#2599);
#69=PLANE('',#2600);
#70=PLANE('',#2625);
#71=PLANE('',#2626);
#72=PLANE('',#2630);
#73=PLANE('',#2634);
#74=PLANE('',#2635);
#75=PLANE('',#2639);
#76=PLANE('',#2648);
#77=PLANE('',#2651);
#78=PLANE('',#2654);
#79=PLANE('',#2657);
#80=PLANE('',#2660);
#81=PLANE('',#2667);
#82=PLANE('',#2670);
#83=PLANE('',#2679);
#84=PLANE('',#2714);
#85=PLANE('',#2717);
#86=PLANE('',#2720);
#87=PLANE('',#2723);
#88=PLANE('',#2724);
#89=PLANE('',#2727);
#90=PLANE('',#2734);
#91=PLANE('',#2737);
#92=PLANE('',#2740);
#93=PLANE('',#2752);
#94=PLANE('',#2754);
#95=PLANE('',#2756);
#96=PLANE('',#2758);
#97=PLANE('',#2762);
#98=PLANE('',#2764);
#99=PLANE('',#2766);
#100=PLANE('',#2768);
#101=PLANE('',#2769);
#102=PLANE('',#2772);
#103=PLANE('',#2781);
#104=PLANE('',#2783);
#105=PLANE('',#2784);
#106=PLANE('',#2791);
#107=PLANE('',#2792);
#108=PLANE('',#2795);
#109=PLANE('',#2796);
#110=PLANE('',#2797);
#111=PLANE('',#2798);
#112=PLANE('',#2800);
#113=FACE_OUTER_BOUND('',#244,.T.);
#114=FACE_OUTER_BOUND('',#245,.T.);
#115=FACE_OUTER_BOUND('',#246,.T.);
#116=FACE_OUTER_BOUND('',#247,.T.);
#117=FACE_OUTER_BOUND('',#248,.T.);
#118=FACE_OUTER_BOUND('',#249,.T.);
#119=FACE_OUTER_BOUND('',#250,.T.);
#120=FACE_OUTER_BOUND('',#251,.T.);
#121=FACE_OUTER_BOUND('',#252,.T.);
#122=FACE_OUTER_BOUND('',#253,.T.);
#123=FACE_OUTER_BOUND('',#254,.T.);
#124=FACE_OUTER_BOUND('',#255,.T.);
#125=FACE_OUTER_BOUND('',#256,.T.);
#126=FACE_OUTER_BOUND('',#257,.T.);
#127=FACE_OUTER_BOUND('',#258,.T.);
#128=FACE_OUTER_BOUND('',#259,.T.);
#129=FACE_OUTER_BOUND('',#260,.T.);
#130=FACE_OUTER_BOUND('',#261,.T.);
#131=FACE_OUTER_BOUND('',#262,.T.);
#132=FACE_OUTER_BOUND('',#270,.T.);
#133=FACE_OUTER_BOUND('',#271,.T.);
#134=FACE_OUTER_BOUND('',#272,.T.);
#135=FACE_OUTER_BOUND('',#273,.T.);
#136=FACE_OUTER_BOUND('',#274,.T.);
#137=FACE_OUTER_BOUND('',#275,.T.);
#138=FACE_OUTER_BOUND('',#276,.T.);
#139=FACE_OUTER_BOUND('',#277,.T.);
#140=FACE_OUTER_BOUND('',#278,.T.);
#141=FACE_OUTER_BOUND('',#284,.T.);
#142=FACE_OUTER_BOUND('',#285,.T.);
#143=FACE_OUTER_BOUND('',#286,.T.);
#144=FACE_OUTER_BOUND('',#287,.T.);
#145=FACE_OUTER_BOUND('',#288,.T.);
#146=FACE_OUTER_BOUND('',#289,.T.);
#147=FACE_OUTER_BOUND('',#290,.T.);
#148=FACE_OUTER_BOUND('',#291,.T.);
#149=FACE_OUTER_BOUND('',#292,.T.);
#150=FACE_OUTER_BOUND('',#293,.T.);
#151=FACE_OUTER_BOUND('',#294,.T.);
#152=FACE_OUTER_BOUND('',#295,.T.);
#153=FACE_OUTER_BOUND('',#296,.T.);
#154=FACE_OUTER_BOUND('',#297,.T.);
#155=FACE_OUTER_BOUND('',#298,.T.);
#156=FACE_OUTER_BOUND('',#299,.T.);
#157=FACE_OUTER_BOUND('',#300,.T.);
#158=FACE_OUTER_BOUND('',#301,.T.);
#159=FACE_OUTER_BOUND('',#302,.T.);
#160=FACE_OUTER_BOUND('',#303,.T.);
#161=FACE_OUTER_BOUND('',#304,.T.);
#162=FACE_OUTER_BOUND('',#305,.T.);
#163=FACE_OUTER_BOUND('',#306,.T.);
#164=FACE_OUTER_BOUND('',#307,.T.);
#165=FACE_OUTER_BOUND('',#308,.T.);
#166=FACE_OUTER_BOUND('',#309,.T.);
#167=FACE_OUTER_BOUND('',#310,.T.);
#168=FACE_OUTER_BOUND('',#311,.T.);
#169=FACE_OUTER_BOUND('',#312,.T.);
#170=FACE_OUTER_BOUND('',#313,.T.);
#171=FACE_OUTER_BOUND('',#314,.T.);
#172=FACE_OUTER_BOUND('',#315,.T.);
#173=FACE_OUTER_BOUND('',#316,.T.);
#174=FACE_OUTER_BOUND('',#317,.T.);
#175=FACE_OUTER_BOUND('',#318,.T.);
#176=FACE_OUTER_BOUND('',#319,.T.);
#177=FACE_OUTER_BOUND('',#320,.T.);
#178=FACE_OUTER_BOUND('',#321,.T.);
#179=FACE_OUTER_BOUND('',#322,.T.);
#180=FACE_OUTER_BOUND('',#323,.T.);
#181=FACE_OUTER_BOUND('',#324,.T.);
#182=FACE_OUTER_BOUND('',#325,.T.);
#183=FACE_OUTER_BOUND('',#326,.T.);
#184=FACE_OUTER_BOUND('',#327,.T.);
#185=FACE_OUTER_BOUND('',#328,.T.);
#186=FACE_OUTER_BOUND('',#329,.T.);
#187=FACE_OUTER_BOUND('',#330,.T.);
#188=FACE_OUTER_BOUND('',#331,.T.);
#189=FACE_OUTER_BOUND('',#332,.T.);
#190=FACE_OUTER_BOUND('',#333,.T.);
#191=FACE_OUTER_BOUND('',#334,.T.);
#192=FACE_OUTER_BOUND('',#335,.T.);
#193=FACE_OUTER_BOUND('',#336,.T.);
#194=FACE_OUTER_BOUND('',#337,.T.);
#195=FACE_OUTER_BOUND('',#338,.T.);
#196=FACE_OUTER_BOUND('',#339,.T.);
#197=FACE_OUTER_BOUND('',#340,.T.);
#198=FACE_OUTER_BOUND('',#341,.T.);
#199=FACE_OUTER_BOUND('',#342,.T.);
#200=FACE_OUTER_BOUND('',#343,.T.);
#201=FACE_OUTER_BOUND('',#344,.T.);
#202=FACE_OUTER_BOUND('',#345,.T.);
#203=FACE_OUTER_BOUND('',#346,.T.);
#204=FACE_OUTER_BOUND('',#347,.T.);
#205=FACE_OUTER_BOUND('',#348,.T.);
#206=FACE_OUTER_BOUND('',#349,.T.);
#207=FACE_OUTER_BOUND('',#350,.T.);
#208=FACE_OUTER_BOUND('',#351,.T.);
#209=FACE_OUTER_BOUND('',#352,.T.);
#210=FACE_OUTER_BOUND('',#353,.T.);
#211=FACE_OUTER_BOUND('',#354,.T.);
#212=FACE_OUTER_BOUND('',#355,.T.);
#213=FACE_OUTER_BOUND('',#356,.T.);
#214=FACE_OUTER_BOUND('',#357,.T.);
#215=FACE_OUTER_BOUND('',#358,.T.);
#216=FACE_OUTER_BOUND('',#359,.T.);
#217=FACE_OUTER_BOUND('',#360,.T.);
#218=FACE_OUTER_BOUND('',#361,.T.);
#219=FACE_OUTER_BOUND('',#362,.T.);
#220=FACE_OUTER_BOUND('',#363,.T.);
#221=FACE_OUTER_BOUND('',#364,.T.);
#222=FACE_OUTER_BOUND('',#365,.T.);
#223=FACE_OUTER_BOUND('',#366,.T.);
#224=FACE_OUTER_BOUND('',#367,.T.);
#225=FACE_OUTER_BOUND('',#368,.T.);
#226=FACE_OUTER_BOUND('',#369,.T.);
#227=FACE_OUTER_BOUND('',#370,.T.);
#228=FACE_OUTER_BOUND('',#371,.T.);
#229=FACE_OUTER_BOUND('',#372,.T.);
#230=FACE_OUTER_BOUND('',#373,.T.);
#231=FACE_OUTER_BOUND('',#382,.T.);
#232=FACE_OUTER_BOUND('',#383,.T.);
#233=FACE_OUTER_BOUND('',#384,.T.);
#234=FACE_OUTER_BOUND('',#385,.T.);
#235=FACE_OUTER_BOUND('',#386,.T.);
#236=FACE_OUTER_BOUND('',#387,.T.);
#237=FACE_OUTER_BOUND('',#388,.T.);
#238=FACE_OUTER_BOUND('',#389,.T.);
#239=FACE_OUTER_BOUND('',#390,.T.);
#240=FACE_OUTER_BOUND('',#391,.T.);
#241=FACE_OUTER_BOUND('',#397,.T.);
#242=FACE_OUTER_BOUND('',#405,.T.);
#243=FACE_OUTER_BOUND('',#406,.T.);
#244=EDGE_LOOP('',(#1592,#1593,#1594,#1595));
#245=EDGE_LOOP('',(#1596,#1597,#1598,#1599));
#246=EDGE_LOOP('',(#1600,#1601,#1602,#1603));
#247=EDGE_LOOP('',(#1604,#1605,#1606,#1607));
#248=EDGE_LOOP('',(#1608,#1609,#1610,#1611));
#249=EDGE_LOOP('',(#1612,#1613,#1614,#1615));
#250=EDGE_LOOP('',(#1616,#1617,#1618,#1619));
#251=EDGE_LOOP('',(#1620,#1621,#1622,#1623));
#252=EDGE_LOOP('',(#1624,#1625,#1626,#1627));
#253=EDGE_LOOP('',(#1628,#1629,#1630,#1631));
#254=EDGE_LOOP('',(#1632,#1633,#1634,#1635));
#255=EDGE_LOOP('',(#1636,#1637,#1638,#1639));
#256=EDGE_LOOP('',(#1640,#1641,#1642,#1643));
#257=EDGE_LOOP('',(#1644,#1645,#1646,#1647));
#258=EDGE_LOOP('',(#1648,#1649,#1650,#1651));
#259=EDGE_LOOP('',(#1652,#1653,#1654,#1655));
#260=EDGE_LOOP('',(#1656,#1657,#1658,#1659));
#261=EDGE_LOOP('',(#1660,#1661,#1662,#1663));
#262=EDGE_LOOP('',(#1664,#1665,#1666,#1667,#1668,#1669,#1670,#1671,#1672,
#1673,#1674,#1675,#1676,#1677,#1678,#1679,#1680,#1681,#1682,#1683,#1684,
#1685,#1686,#1687,#1688,#1689,#1690,#1691,#1692,#1693));
#263=EDGE_LOOP('',(#1694));
#264=EDGE_LOOP('',(#1695));
#265=EDGE_LOOP('',(#1696));
#266=EDGE_LOOP('',(#1697));
#267=EDGE_LOOP('',(#1698,#1699,#1700,#1701));
#268=EDGE_LOOP('',(#1702,#1703,#1704,#1705));
#269=EDGE_LOOP('',(#1706,#1707,#1708,#1709));
#270=EDGE_LOOP('',(#1710,#1711,#1712,#1713));
#271=EDGE_LOOP('',(#1714,#1715,#1716,#1717));
#272=EDGE_LOOP('',(#1718,#1719,#1720,#1721));
#273=EDGE_LOOP('',(#1722,#1723,#1724,#1725));
#274=EDGE_LOOP('',(#1726,#1727,#1728,#1729));
#275=EDGE_LOOP('',(#1730,#1731,#1732,#1733));
#276=EDGE_LOOP('',(#1734,#1735,#1736,#1737));
#277=EDGE_LOOP('',(#1738,#1739,#1740,#1741));
#278=EDGE_LOOP('',(#1742,#1743,#1744,#1745,#1746,#1747,#1748,#1749,#1750,
#1751,#1752,#1753,#1754,#1755,#1756,#1757,#1758,#1759,#1760,#1761,#1762,
#1763,#1764,#1765));
#279=EDGE_LOOP('',(#1766));
#280=EDGE_LOOP('',(#1767));
#281=EDGE_LOOP('',(#1768));
#282=EDGE_LOOP('',(#1769));
#283=EDGE_LOOP('',(#1770));
#284=EDGE_LOOP('',(#1771,#1772,#1773,#1774));
#285=EDGE_LOOP('',(#1775,#1776,#1777,#1778));
#286=EDGE_LOOP('',(#1779,#1780,#1781,#1782));
#287=EDGE_LOOP('',(#1783,#1784,#1785,#1786,#1787,#1788));
#288=EDGE_LOOP('',(#1789,#1790,#1791,#1792));
#289=EDGE_LOOP('',(#1793,#1794,#1795,#1796));
#290=EDGE_LOOP('',(#1797,#1798,#1799,#1800));
#291=EDGE_LOOP('',(#1801,#1802,#1803,#1804));
#292=EDGE_LOOP('',(#1805,#1806,#1807,#1808,#1809,#1810));
#293=EDGE_LOOP('',(#1811,#1812,#1813,#1814));
#294=EDGE_LOOP('',(#1815,#1816,#1817,#1818));
#295=EDGE_LOOP('',(#1819,#1820,#1821,#1822));
#296=EDGE_LOOP('',(#1823,#1824,#1825,#1826));
#297=EDGE_LOOP('',(#1827,#1828,#1829,#1830));
#298=EDGE_LOOP('',(#1831,#1832,#1833,#1834));
#299=EDGE_LOOP('',(#1835,#1836,#1837,#1838));
#300=EDGE_LOOP('',(#1839,#1840,#1841,#1842));
#301=EDGE_LOOP('',(#1843,#1844,#1845,#1846));
#302=EDGE_LOOP('',(#1847,#1848,#1849,#1850));
#303=EDGE_LOOP('',(#1851,#1852,#1853,#1854));
#304=EDGE_LOOP('',(#1855,#1856,#1857,#1858));
#305=EDGE_LOOP('',(#1859,#1860,#1861,#1862));
#306=EDGE_LOOP('',(#1863,#1864,#1865,#1866));
#307=EDGE_LOOP('',(#1867,#1868,#1869,#1870));
#308=EDGE_LOOP('',(#1871,#1872,#1873,#1874));
#309=EDGE_LOOP('',(#1875,#1876,#1877,#1878));
#310=EDGE_LOOP('',(#1879,#1880,#1881,#1882));
#311=EDGE_LOOP('',(#1883,#1884,#1885,#1886));
#312=EDGE_LOOP('',(#1887,#1888,#1889,#1890));
#313=EDGE_LOOP('',(#1891,#1892,#1893,#1894));
#314=EDGE_LOOP('',(#1895,#1896,#1897,#1898));
#315=EDGE_LOOP('',(#1899,#1900,#1901,#1902));
#316=EDGE_LOOP('',(#1903,#1904,#1905,#1906));
#317=EDGE_LOOP('',(#1907,#1908,#1909,#1910));
#318=EDGE_LOOP('',(#1911,#1912,#1913,#1914));
#319=EDGE_LOOP('',(#1915,#1916,#1917,#1918));
#320=EDGE_LOOP('',(#1919,#1920,#1921,#1922));
#321=EDGE_LOOP('',(#1923,#1924,#1925,#1926));
#322=EDGE_LOOP('',(#1927,#1928,#1929,#1930));
#323=EDGE_LOOP('',(#1931,#1932,#1933,#1934));
#324=EDGE_LOOP('',(#1935,#1936,#1937,#1938));
#325=EDGE_LOOP('',(#1939,#1940,#1941,#1942));
#326=EDGE_LOOP('',(#1943,#1944,#1945,#1946));
#327=EDGE_LOOP('',(#1947,#1948,#1949,#1950));
#328=EDGE_LOOP('',(#1951,#1952,#1953,#1954));
#329=EDGE_LOOP('',(#1955,#1956,#1957,#1958));
#330=EDGE_LOOP('',(#1959,#1960,#1961,#1962));
#331=EDGE_LOOP('',(#1963,#1964,#1965,#1966));
#332=EDGE_LOOP('',(#1967,#1968,#1969,#1970));
#333=EDGE_LOOP('',(#1971,#1972,#1973,#1974));
#334=EDGE_LOOP('',(#1975,#1976,#1977,#1978));
#335=EDGE_LOOP('',(#1979,#1980,#1981,#1982));
#336=EDGE_LOOP('',(#1983,#1984,#1985,#1986));
#337=EDGE_LOOP('',(#1987,#1988,#1989,#1990));
#338=EDGE_LOOP('',(#1991,#1992,#1993,#1994));
#339=EDGE_LOOP('',(#1995,#1996,#1997,#1998));
#340=EDGE_LOOP('',(#1999,#2000,#2001,#2002));
#341=EDGE_LOOP('',(#2003,#2004,#2005,#2006));
#342=EDGE_LOOP('',(#2007,#2008,#2009,#2010));
#343=EDGE_LOOP('',(#2011,#2012,#2013,#2014));
#344=EDGE_LOOP('',(#2015,#2016,#2017,#2018));
#345=EDGE_LOOP('',(#2019,#2020,#2021,#2022));
#346=EDGE_LOOP('',(#2023,#2024,#2025,#2026));
#347=EDGE_LOOP('',(#2027,#2028,#2029,#2030));
#348=EDGE_LOOP('',(#2031,#2032,#2033,#2034));
#349=EDGE_LOOP('',(#2035,#2036,#2037,#2038));
#350=EDGE_LOOP('',(#2039,#2040,#2041,#2042));
#351=EDGE_LOOP('',(#2043,#2044,#2045,#2046));
#352=EDGE_LOOP('',(#2047,#2048,#2049,#2050));
#353=EDGE_LOOP('',(#2051,#2052,#2053,#2054));
#354=EDGE_LOOP('',(#2055,#2056,#2057,#2058));
#355=EDGE_LOOP('',(#2059,#2060,#2061,#2062));
#356=EDGE_LOOP('',(#2063,#2064,#2065,#2066));
#357=EDGE_LOOP('',(#2067,#2068,#2069,#2070));
#358=EDGE_LOOP('',(#2071,#2072,#2073,#2074));
#359=EDGE_LOOP('',(#2075,#2076,#2077,#2078));
#360=EDGE_LOOP('',(#2079,#2080,#2081,#2082,#2083,#2084));
#361=EDGE_LOOP('',(#2085,#2086,#2087,#2088));
#362=EDGE_LOOP('',(#2089,#2090,#2091,#2092));
#363=EDGE_LOOP('',(#2093,#2094,#2095,#2096));
#364=EDGE_LOOP('',(#2097,#2098,#2099,#2100));
#365=EDGE_LOOP('',(#2101,#2102,#2103,#2104));
#366=EDGE_LOOP('',(#2105,#2106,#2107,#2108,#2109,#2110));
#367=EDGE_LOOP('',(#2111,#2112,#2113,#2114,#2115,#2116));
#368=EDGE_LOOP('',(#2117,#2118,#2119,#2120,#2121,#2122));
#369=EDGE_LOOP('',(#2123,#2124,#2125,#2126));
#370=EDGE_LOOP('',(#2127,#2128,#2129,#2130));
#371=EDGE_LOOP('',(#2131,#2132,#2133,#2134));
#372=EDGE_LOOP('',(#2135,#2136,#2137,#2138,#2139,#2140));
#373=EDGE_LOOP('',(#2141,#2142,#2143,#2144,#2145,#2146,#2147,#2148));
#374=EDGE_LOOP('',(#2149));
#375=EDGE_LOOP('',(#2150));
#376=EDGE_LOOP('',(#2151));
#377=EDGE_LOOP('',(#2152,#2153,#2154,#2155,#2156,#2157,#2158,#2159));
#378=EDGE_LOOP('',(#2160));
#379=EDGE_LOOP('',(#2161));
#380=EDGE_LOOP('',(#2162));
#381=EDGE_LOOP('',(#2163,#2164,#2165,#2166,#2167,#2168,#2169,#2170));
#382=EDGE_LOOP('',(#2171,#2172,#2173,#2174,#2175,#2176));
#383=EDGE_LOOP('',(#2177,#2178,#2179,#2180));
#384=EDGE_LOOP('',(#2181,#2182,#2183,#2184));
#385=EDGE_LOOP('',(#2185,#2186,#2187,#2188));
#386=EDGE_LOOP('',(#2189,#2190,#2191,#2192));
#387=EDGE_LOOP('',(#2193,#2194,#2195,#2196));
#388=EDGE_LOOP('',(#2197,#2198,#2199,#2200));
#389=EDGE_LOOP('',(#2201,#2202,#2203,#2204));
#390=EDGE_LOOP('',(#2205,#2206,#2207,#2208));
#391=EDGE_LOOP('',(#2209,#2210,#2211,#2212,#2213,#2214,#2215,#2216,#2217,
#2218,#2219,#2220,#2221,#2222,#2223,#2224,#2225,#2226,#2227,#2228,#2229,
#2230,#2231,#2232));
#392=EDGE_LOOP('',(#2233));
#393=EDGE_LOOP('',(#2234));
#394=EDGE_LOOP('',(#2235));
#395=EDGE_LOOP('',(#2236));
#396=EDGE_LOOP('',(#2237));
#397=EDGE_LOOP('',(#2238,#2239,#2240,#2241,#2242,#2243,#2244,#2245,#2246,
#2247,#2248,#2249,#2250,#2251,#2252,#2253,#2254,#2255,#2256,#2257,#2258,
#2259,#2260,#2261,#2262,#2263,#2264,#2265,#2266,#2267));
#398=EDGE_LOOP('',(#2268,#2269,#2270,#2271));
#399=EDGE_LOOP('',(#2272,#2273,#2274,#2275));
#400=EDGE_LOOP('',(#2276,#2277,#2278,#2279));
#401=EDGE_LOOP('',(#2280));
#402=EDGE_LOOP('',(#2281));
#403=EDGE_LOOP('',(#2282));
#404=EDGE_LOOP('',(#2283));
#405=EDGE_LOOP('',(#2284,#2285,#2286,#2287));
#406=EDGE_LOOP('',(#2288,#2289,#2290,#2291,#2292,#2293,#2294,#2295));
#407=EDGE_LOOP('',(#2296));
#408=EDGE_LOOP('',(#2297));
#409=EDGE_LOOP('',(#2298));
#410=EDGE_LOOP('',(#2299,#2300,#2301,#2302,#2303,#2304,#2305,#2306));
#411=EDGE_LOOP('',(#2307));
#412=EDGE_LOOP('',(#2308));
#413=EDGE_LOOP('',(#2309));
#414=EDGE_LOOP('',(#2310,#2311,#2312,#2313,#2314,#2315,#2316,#2317));
#415=LINE('',#3580,#632);
#416=LINE('',#3583,#633);
#417=LINE('',#3586,#634);
#418=LINE('',#3588,#635);
#419=LINE('',#3589,#636);
#420=LINE('',#3595,#637);
#421=LINE('',#3598,#638);
#422=LINE('',#3600,#639);
#423=LINE('',#3601,#640);
#424=LINE('',#3606,#641);
#425=LINE('',#3610,#642);
#426=LINE('',#3612,#643);
#427=LINE('',#3613,#644);
#428=LINE('',#3618,#645);
#429=LINE('',#3621,#646);
#430=LINE('',#3622,#647);
#431=LINE('',#3628,#648);
#432=LINE('',#3631,#649);
#433=LINE('',#3634,#650);
#434=LINE('',#3636,#651);
#435=LINE('',#3637,#652);
#436=LINE('',#3643,#653);
#437=LINE('',#3646,#654);
#438=LINE('',#3648,#655);
#439=LINE('',#3649,#656);
#440=LINE('',#3654,#657);
#441=LINE('',#3658,#658);
#442=LINE('',#3660,#659);
#443=LINE('',#3661,#660);
#444=LINE('',#3666,#661);
#445=LINE('',#3669,#662);
#446=LINE('',#3670,#663);
#447=LINE('',#3676,#664);
#448=LINE('',#3679,#665);
#449=LINE('',#3682,#666);
#450=LINE('',#3684,#667);
#451=LINE('',#3685,#668);
#452=LINE('',#3688,#669);
#453=LINE('',#3692,#670);
#454=LINE('',#3696,#671);
#455=LINE('',#3704,#672);
#456=LINE('',#3708,#673);
#457=LINE('',#3712,#674);
#458=LINE('',#3716,#675);
#459=LINE('',#3720,#676);
#460=LINE('',#3728,#677);
#461=LINE('',#3732,#678);
#462=LINE('',#3736,#679);
#463=LINE('',#3740,#680);
#464=LINE('',#3752,#681);
#465=LINE('',#3756,#682);
#466=LINE('',#3762,#683);
#467=LINE('',#3765,#684);
#468=LINE('',#3770,#685);
#469=LINE('',#3773,#686);
#470=LINE('',#3776,#687);
#471=LINE('',#3779,#688);
#472=LINE('',#3782,#689);
#473=LINE('',#3783,#690);
#474=LINE('',#3786,#691);
#475=LINE('',#3789,#692);
#476=LINE('',#3792,#693);
#477=LINE('',#3793,#694);
#478=LINE('',#3798,#695);
#479=LINE('',#3799,#696);
#480=LINE('',#3802,#697);
#481=LINE('',#3803,#698);
#482=LINE('',#3809,#699);
#483=LINE('',#3812,#700);
#484=LINE('',#3815,#701);
#485=LINE('',#3817,#702);
#486=LINE('',#3818,#703);
#487=LINE('',#3821,#704);
#488=LINE('',#3825,#705);
#489=LINE('',#3829,#706);
#490=LINE('',#3837,#707);
#491=LINE('',#3843,#708);
#492=LINE('',#3847,#709);
#493=LINE('',#3853,#710);
#494=LINE('',#3861,#711);
#495=LINE('',#3877,#712);
#496=LINE('',#3878,#713);
#497=LINE('',#3884,#714);
#498=LINE('',#3887,#715);
#499=LINE('',#3890,#716);
#500=LINE('',#3892,#717);
#501=LINE('',#3893,#718);
#502=LINE('',#3896,#719);
#503=LINE('',#3900,#720);
#504=LINE('',#3901,#721);
#505=LINE('',#3906,#722);
#506=LINE('',#3907,#723);
#507=LINE('',#3910,#724);
#508=LINE('',#3911,#725);
#509=LINE('',#3917,#726);
#510=LINE('',#3920,#727);
#511=LINE('',#3923,#728);
#512=LINE('',#3925,#729);
#513=LINE('',#3926,#730);
#514=LINE('',#3929,#731);
#515=LINE('',#3933,#732);
#516=LINE('',#3934,#733);
#517=LINE('',#3939,#734);
#518=LINE('',#3940,#735);
#519=LINE('',#3943,#736);
#520=LINE('',#3944,#737);
#521=LINE('',#3947,#738);
#522=LINE('',#3951,#739);
#523=LINE('',#3956,#740);
#524=LINE('',#3959,#741);
#525=LINE('',#3963,#742);
#526=LINE('',#3964,#743);
#527=LINE('',#3967,#744);
#528=LINE('',#3970,#745);
#529=LINE('',#3972,#746);
#530=LINE('',#3975,#747);
#531=LINE('',#3979,#748);
#532=LINE('',#3980,#749);
#533=LINE('',#3983,#750);
#534=LINE('',#3986,#751);
#535=LINE('',#3989,#752);
#536=LINE('',#3990,#753);
#537=LINE('',#3993,#754);
#538=LINE('',#3996,#755);
#539=LINE('',#3999,#756);
#540=LINE('',#4000,#757);
#541=LINE('',#4003,#758);
#542=LINE('',#4007,#759);
#543=LINE('',#4011,#760);
#544=LINE('',#4014,#761);
#545=LINE('',#4017,#762);
#546=LINE('',#4020,#763);
#547=LINE('',#4022,#764);
#548=LINE('',#4025,#765);
#549=LINE('',#4029,#766);
#550=LINE('',#4032,#767);
#551=LINE('',#4035,#768);
#552=LINE('',#4039,#769);
#553=LINE('',#4042,#770);
#554=LINE('',#4045,#771);
#555=LINE('',#4048,#772);
#556=LINE('',#4052,#773);
#557=LINE('',#4057,#774);
#558=LINE('',#4060,#775);
#559=LINE('',#4063,#776);
#560=LINE('',#4067,#777);
#561=LINE('',#4070,#778);
#562=LINE('',#4074,#779);
#563=LINE('',#4079,#780);
#564=LINE('',#4085,#781);
#565=LINE('',#4091,#782);
#566=LINE('',#4097,#783);
#567=LINE('',#4103,#784);
#568=LINE('',#4109,#785);
#569=LINE('',#4113,#786);
#570=LINE('',#4116,#787);
#571=LINE('',#4119,#788);
#572=LINE('',#4120,#789);
#573=LINE('',#4124,#790);
#574=LINE('',#4126,#791);
#575=LINE('',#4129,#792);
#576=LINE('',#4132,#793);
#577=LINE('',#4135,#794);
#578=LINE('',#4136,#795);
#579=LINE('',#4140,#796);
#580=LINE('',#4142,#797);
#581=LINE('',#4145,#798);
#582=LINE('',#4147,#799);
#583=LINE('',#4148,#800);
#584=LINE('',#4152,#801);
#585=LINE('',#4155,#802);
#586=LINE('',#4156,#803);
#587=LINE('',#4162,#804);
#588=LINE('',#4166,#805);
#589=LINE('',#4169,#806);
#590=LINE('',#4170,#807);
#591=LINE('',#4175,#808);
#592=LINE('',#4176,#809);
#593=LINE('',#4181,#810);
#594=LINE('',#4182,#811);
#595=LINE('',#4190,#812);
#596=LINE('',#4194,#813);
#597=LINE('',#4196,#814);
#598=LINE('',#4200,#815);
#599=LINE('',#4205,#816);
#600=LINE('',#4208,#817);
#601=LINE('',#4211,#818);
#602=LINE('',#4213,#819);
#603=LINE('',#4216,#820);
#604=LINE('',#4220,#821);
#605=LINE('',#4225,#822);
#606=LINE('',#4228,#823);
#607=LINE('',#4231,#824);
#608=LINE('',#4233,#825);
#609=LINE('',#4237,#826);
#610=LINE('',#4241,#827);
#611=LINE('',#4244,#828);
#612=LINE('',#4248,#829);
#613=LINE('',#4251,#830);
#614=LINE('',#4256,#831);
#615=LINE('',#4258,#832);
#616=LINE('',#4261,#833);
#617=LINE('',#4264,#834);
#618=LINE('',#4266,#835);
#619=LINE('',#4268,#836);
#620=LINE('',#4269,#837);
#621=LINE('',#4271,#838);
#622=LINE('',#4275,#839);
#623=LINE('',#4279,#840);
#624=LINE('',#4283,#841);
#625=LINE('',#4285,#842);
#626=LINE('',#4288,#843);
#627=LINE('',#4289,#844);
#628=LINE('',#4293,#845);
#629=LINE('',#4295,#846);
#630=LINE('',#4297,#847);
#631=LINE('',#4300,#848);
#632=VECTOR('',#2807,10.);
#633=VECTOR('',#2810,10.);
#634=VECTOR('',#2813,10.);
#635=VECTOR('',#2814,10.);
#636=VECTOR('',#2815,10.);
#637=VECTOR('',#2820,10.);
#638=VECTOR('',#2823,10.);
#639=VECTOR('',#2826,10.);
#640=VECTOR('',#2827,10.);
#641=VECTOR('',#2832,10.);
#642=VECTOR('',#2837,10.);
#643=VECTOR('',#2838,10.);
#644=VECTOR('',#2839,10.);
#645=VECTOR('',#2844,10.);
#646=VECTOR('',#2849,10.);
#647=VECTOR('',#2850,10.);
#648=VECTOR('',#2855,10.);
#649=VECTOR('',#2858,10.);
#650=VECTOR('',#2861,10.);
#651=VECTOR('',#2862,10.);
#652=VECTOR('',#2863,10.);
#653=VECTOR('',#2868,10.);
#654=VECTOR('',#2871,10.);
#655=VECTOR('',#2874,10.);
#656=VECTOR('',#2875,10.);
#657=VECTOR('',#2880,10.);
#658=VECTOR('',#2885,10.);
#659=VECTOR('',#2886,10.);
#660=VECTOR('',#2887,10.);
#661=VECTOR('',#2892,10.);
#662=VECTOR('',#2897,10.);
#663=VECTOR('',#2898,10.);
#664=VECTOR('',#2903,10.);
#665=VECTOR('',#2906,10.);
#666=VECTOR('',#2909,10.);
#667=VECTOR('',#2910,10.);
#668=VECTOR('',#2911,10.);
#669=VECTOR('',#2914,10.);
#670=VECTOR('',#2917,10.);
#671=VECTOR('',#2920,10.);
#672=VECTOR('',#2927,10.);
#673=VECTOR('',#2930,10.);
#674=VECTOR('',#2933,10.);
#675=VECTOR('',#2936,10.);
#676=VECTOR('',#2939,10.);
#677=VECTOR('',#2946,10.);
#678=VECTOR('',#2949,10.);
#679=VECTOR('',#2952,10.);
#680=VECTOR('',#2955,10.);
#681=VECTOR('',#2966,10.);
#682=VECTOR('',#2969,10.);
#683=VECTOR('',#2974,10.);
#684=VECTOR('',#2977,10.);
#685=VECTOR('',#2980,10.);
#686=VECTOR('',#2983,10.);
#687=VECTOR('',#2986,10.);
#688=VECTOR('',#2989,10.);
#689=VECTOR('',#2992,10.);
#690=VECTOR('',#2993,10.);
#691=VECTOR('',#2996,35.);
#692=VECTOR('',#2999,10.);
#693=VECTOR('',#3002,10.);
#694=VECTOR('',#3003,10.);
#695=VECTOR('',#3008,35.);
#696=VECTOR('',#3009,10.);
#697=VECTOR('',#3012,10.);
#698=VECTOR('',#3013,10.);
#699=VECTOR('',#3018,35.);
#700=VECTOR('',#3021,10.);
#701=VECTOR('',#3024,10.);
#702=VECTOR('',#3025,10.);
#703=VECTOR('',#3026,10.);
#704=VECTOR('',#3029,10.);
#705=VECTOR('',#3032,10.);
#706=VECTOR('',#3035,10.);
#707=VECTOR('',#3042,10.);
#708=VECTOR('',#3047,10.);
#709=VECTOR('',#3050,10.);
#710=VECTOR('',#3055,10.);
#711=VECTOR('',#3062,10.);
#712=VECTOR('',#3079,35.);
#713=VECTOR('',#3080,10.);
#714=VECTOR('',#3085,10.);
#715=VECTOR('',#3088,10.);
#716=VECTOR('',#3091,4.572);
#717=VECTOR('',#3092,10.);
#718=VECTOR('',#3093,10.);
#719=VECTOR('',#3096,10.);
#720=VECTOR('',#3099,4.572);
#721=VECTOR('',#3100,10.);
#722=VECTOR('',#3105,10.);
#723=VECTOR('',#3106,10.);
#724=VECTOR('',#3109,4.572);
#725=VECTOR('',#3110,10.);
#726=VECTOR('',#3115,10.);
#727=VECTOR('',#3118,10.);
#728=VECTOR('',#3121,4.572);
#729=VECTOR('',#3122,10.);
#730=VECTOR('',#3123,10.);
#731=VECTOR('',#3126,10.);
#732=VECTOR('',#3129,4.572);
#733=VECTOR('',#3130,10.);
#734=VECTOR('',#3135,10.);
#735=VECTOR('',#3136,10.);
#736=VECTOR('',#3139,4.572);
#737=VECTOR('',#3140,10.);
#738=VECTOR('',#3143,3.);
#739=VECTOR('',#3148,3.);
#740=VECTOR('',#3155,10.);
#741=VECTOR('',#3158,10.);
#742=VECTOR('',#3163,10.);
#743=VECTOR('',#3164,10.);
#744=VECTOR('',#3167,10.);
#745=VECTOR('',#3170,10.);
#746=VECTOR('',#3173,10.);
#747=VECTOR('',#3176,10.);
#748=VECTOR('',#3181,10.);
#749=VECTOR('',#3182,10.);
#750=VECTOR('',#3185,10.);
#751=VECTOR('',#3188,10.);
#752=VECTOR('',#3191,10.);
#753=VECTOR('',#3192,10.);
#754=VECTOR('',#3195,10.);
#755=VECTOR('',#3198,10.);
#756=VECTOR('',#3201,10.);
#757=VECTOR('',#3202,10.);
#758=VECTOR('',#3205,10.);
#759=VECTOR('',#3210,10.);
#760=VECTOR('',#3215,10.);
#761=VECTOR('',#3220,10.);
#762=VECTOR('',#3223,10.);
#763=VECTOR('',#3226,10.);
#764=VECTOR('',#3229,10.);
#765=VECTOR('',#3232,10.);
#766=VECTOR('',#3237,10.);
#767=VECTOR('',#3240,10.);
#768=VECTOR('',#3243,10.);
#769=VECTOR('',#3248,10.);
#770=VECTOR('',#3253,10.);
#771=VECTOR('',#3256,10.);
#772=VECTOR('',#3259,10.);
#773=VECTOR('',#3264,10.);
#774=VECTOR('',#3271,10.);
#775=VECTOR('',#3274,10.);
#776=VECTOR('',#3277,10.);
#777=VECTOR('',#3282,10.);
#778=VECTOR('',#3285,10.);
#779=VECTOR('',#3290,10.);
#780=VECTOR('',#3295,1.5875);
#781=VECTOR('',#3302,1.5875);
#782=VECTOR('',#3309,1.5875);
#783=VECTOR('',#3316,1.5875);
#784=VECTOR('',#3323,1.5875);
#785=VECTOR('',#3330,1.5875);
#786=VECTOR('',#3335,10.);
#787=VECTOR('',#3338,10.);
#788=VECTOR('',#3341,10.);
#789=VECTOR('',#3342,10.);
#790=VECTOR('',#3347,10.);
#791=VECTOR('',#3350,10.);
#792=VECTOR('',#3353,10.);
#793=VECTOR('',#3356,10.);
#794=VECTOR('',#3359,10.);
#795=VECTOR('',#3360,10.);
#796=VECTOR('',#3365,10.);
#797=VECTOR('',#3368,10.);
#798=VECTOR('',#3371,10.);
#799=VECTOR('',#3372,10.);
#800=VECTOR('',#3373,10.);
#801=VECTOR('',#3378,10.);
#802=VECTOR('',#3381,10.);
#803=VECTOR('',#3382,10.);
#804=VECTOR('',#3391,1.6);
#805=VECTOR('',#3396,1.2);
#806=VECTOR('',#3399,10.);
#807=VECTOR('',#3400,10.);
#808=VECTOR('',#3407,10.);
#809=VECTOR('',#3408,10.);
#810=VECTOR('',#3415,10.);
#811=VECTOR('',#3416,10.);
#812=VECTOR('',#3429,1.2);
#813=VECTOR('',#3434,1.6);
#814=VECTOR('',#3437,10.);
#815=VECTOR('',#3440,10.);
#816=VECTOR('',#3447,10.);
#817=VECTOR('',#3450,10.);
#818=VECTOR('',#3455,10.);
#819=VECTOR('',#3458,10.);
#820=VECTOR('',#3463,10.);
#821=VECTOR('',#3466,10.);
#822=VECTOR('',#3473,10.);
#823=VECTOR('',#3476,10.);
#824=VECTOR('',#3481,10.);
#825=VECTOR('',#3484,10.);
#826=VECTOR('',#3489,10.);
#827=VECTOR('',#3494,10.);
#828=VECTOR('',#3497,10.);
#829=VECTOR('',#3502,10.);
#830=VECTOR('',#3505,10.);
#831=VECTOR('',#3512,10.);
#832=VECTOR('',#3515,10.);
#833=VECTOR('',#3518,10.);
#834=VECTOR('',#3521,10.);
#835=VECTOR('',#3524,10.);
#836=VECTOR('',#3527,10.);
#837=VECTOR('',#3528,10.);
#838=VECTOR('',#3531,10.);
#839=VECTOR('',#3536,1.2);
#840=VECTOR('',#3541,1.2);
#841=VECTOR('',#3546,7.);
#842=VECTOR('',#3549,10.);
#843=VECTOR('',#3552,10.);
#844=VECTOR('',#3553,10.);
#845=VECTOR('',#3558,10.);
#846=VECTOR('',#3561,10.);
#847=VECTOR('',#3564,10.);
#848=VECTOR('',#3569,10.);
#849=CIRCLE('',#2525,1.);
#850=CIRCLE('',#2526,1.);
#851=CIRCLE('',#2529,1.);
#852=CIRCLE('',#2530,1.);
#853=CIRCLE('',#2533,1.);
#854=CIRCLE('',#2534,1.);
#855=CIRCLE('',#2537,1.);
#856=CIRCLE('',#2538,1.);
#857=CIRCLE('',#2541,1.);
#858=CIRCLE('',#2542,1.);
#859=CIRCLE('',#2545,1.);
#860=CIRCLE('',#2546,1.);
#861=CIRCLE('',#2549,1.);
#862=CIRCLE('',#2550,1.);
#863=CIRCLE('',#2553,1.);
#864=CIRCLE('',#2554,1.);
#865=CIRCLE('',#2557,2.5);
#866=CIRCLE('',#2558,2.5);
#867=CIRCLE('',#2561,3.9);
#868=CIRCLE('',#2562,1.);
#869=CIRCLE('',#2563,1.);
#870=CIRCLE('',#2564,6.225);
#871=CIRCLE('',#2565,1.);
#872=CIRCLE('',#2566,1.);
#873=CIRCLE('',#2567,35.);
#874=CIRCLE('',#2568,35.);
#875=CIRCLE('',#2569,1.);
#876=CIRCLE('',#2570,1.);
#877=CIRCLE('',#2571,6.225);
#878=CIRCLE('',#2572,1.);
#879=CIRCLE('',#2573,1.);
#880=CIRCLE('',#2574,3.9);
#881=CIRCLE('',#2575,2.5);
#882=CIRCLE('',#2576,15.05);
#883=CIRCLE('',#2577,1.6);
#884=CIRCLE('',#2578,1.2);
#885=CIRCLE('',#2579,1.2);
#886=CIRCLE('',#2580,1.6);
#887=CIRCLE('',#2581,1.6);
#888=CIRCLE('',#2582,3.125);
#889=CIRCLE('',#2583,11.25);
#890=CIRCLE('',#2584,11.25);
#891=CIRCLE('',#2585,1.6);
#892=CIRCLE('',#2586,3.125);
#893=CIRCLE('',#2588,2.5);
#894=CIRCLE('',#2591,35.);
#895=CIRCLE('',#2594,35.);
#896=CIRCLE('',#2597,35.);
#897=CIRCLE('',#2598,35.);
#898=CIRCLE('',#2601,35.);
#899=CIRCLE('',#2602,1.);
#900=CIRCLE('',#2603,1.);
#901=CIRCLE('',#2604,6.225);
#902=CIRCLE('',#2605,1.);
#903=CIRCLE('',#2606,1.);
#904=CIRCLE('',#2607,9.);
#905=CIRCLE('',#2608,13.05);
#906=CIRCLE('',#2609,9.);
#907=CIRCLE('',#2610,1.);
#908=CIRCLE('',#2611,1.);
#909=CIRCLE('',#2612,6.225);
#910=CIRCLE('',#2613,1.);
#911=CIRCLE('',#2614,1.);
#912=CIRCLE('',#2615,3.);
#913=CIRCLE('',#2616,3.);
#914=CIRCLE('',#2617,7.);
#915=CIRCLE('',#2618,1.2);
#916=CIRCLE('',#2619,1.2);
#917=CIRCLE('',#2621,35.);
#918=CIRCLE('',#2623,6.);
#919=CIRCLE('',#2624,6.);
#920=CIRCLE('',#2627,6.);
#921=CIRCLE('',#2629,6.);
#922=CIRCLE('',#2632,6.);
#923=CIRCLE('',#2633,6.);
#924=CIRCLE('',#2636,6.);
#925=CIRCLE('',#2638,6.);
#926=CIRCLE('',#2641,3.);
#927=CIRCLE('',#2643,3.);
#928=CIRCLE('',#2645,1.);
#929=CIRCLE('',#2647,1.);
#930=CIRCLE('',#2650,1.);
#931=CIRCLE('',#2653,1.);
#932=CIRCLE('',#2656,1.);
#933=CIRCLE('',#2659,1.);
#934=CIRCLE('',#2662,1.);
#935=CIRCLE('',#2664,6.225);
#936=CIRCLE('',#2666,1.);
#937=CIRCLE('',#2669,1.);
#938=CIRCLE('',#2672,1.);
#939=CIRCLE('',#2674,1.);
#940=CIRCLE('',#2676,6.225);
#941=CIRCLE('',#2678,1.);
#942=CIRCLE('',#2681,1.);
#943=CIRCLE('',#2683,6.225);
#944=CIRCLE('',#2685,1.);
#945=CIRCLE('',#2687,1.);
#946=CIRCLE('',#2689,9.);
#947=CIRCLE('',#2691,1.);
#948=CIRCLE('',#2693,9.);
#949=CIRCLE('',#2695,1.5875);
#950=CIRCLE('',#2696,1.5875);
#951=CIRCLE('',#2698,1.5875);
#952=CIRCLE('',#2699,1.5875);
#953=CIRCLE('',#2701,1.5875);
#954=CIRCLE('',#2702,1.5875);
#955=CIRCLE('',#2704,1.5875);
#956=CIRCLE('',#2705,1.5875);
#957=CIRCLE('',#2707,1.5875);
#958=CIRCLE('',#2708,1.5875);
#959=CIRCLE('',#2710,1.5875);
#960=CIRCLE('',#2711,1.5875);
#961=CIRCLE('',#2713,1.6);
#962=CIRCLE('',#2716,3.125);
#963=CIRCLE('',#2719,11.25);
#964=CIRCLE('',#2722,11.25);
#965=CIRCLE('',#2726,1.6);
#966=CIRCLE('',#2729,3.125);
#967=CIRCLE('',#2731,1.6);
#968=CIRCLE('',#2733,1.2);
#969=CIRCLE('',#2736,3.9);
#970=CIRCLE('',#2739,15.05);
#971=CIRCLE('',#2742,3.9);
#972=CIRCLE('',#2744,6.225);
#973=CIRCLE('',#2746,1.2);
#974=CIRCLE('',#2748,1.6);
#975=CIRCLE('',#2750,3.175);
#976=CIRCLE('',#2751,3.175);
#977=CIRCLE('',#2753,6.35);
#978=CIRCLE('',#2755,6.35);
#979=CIRCLE('',#2760,3.17500000000001);
#980=CIRCLE('',#2761,3.175);
#981=CIRCLE('',#2763,6.35);
#982=CIRCLE('',#2765,6.35);
#983=CIRCLE('',#2770,3.175);
#984=CIRCLE('',#2771,6.35);
#985=CIRCLE('',#2773,3.175);
#986=CIRCLE('',#2774,6.35);
#987=CIRCLE('',#2776,3.175);
#988=CIRCLE('',#2778,3.175);
#989=CIRCLE('',#2780,6.35);
#990=CIRCLE('',#2782,6.35);
#991=CIRCLE('',#2786,1.2);
#992=CIRCLE('',#2788,1.2);
#993=CIRCLE('',#2790,7.);
#994=CIRCLE('',#2794,13.05);
#995=VERTEX_POINT('',#3576);
#996=VERTEX_POINT('',#3577);
#997=VERTEX_POINT('',#3579);
#998=VERTEX_POINT('',#3581);
#999=VERTEX_POINT('',#3585);
#1000=VERTEX_POINT('',#3587);
#1001=VERTEX_POINT('',#3591);
#1002=VERTEX_POINT('',#3592);
#1003=VERTEX_POINT('',#3594);
#1004=VERTEX_POINT('',#3596);
#1005=VERTEX_POINT('',#3603);
#1006=VERTEX_POINT('',#3605);
#1007=VERTEX_POINT('',#3609);
#1008=VERTEX_POINT('',#3611);
#1009=VERTEX_POINT('',#3615);
#1010=VERTEX_POINT('',#3617);
#1011=VERTEX_POINT('',#3624);
#1012=VERTEX_POINT('',#3625);
#1013=VERTEX_POINT('',#3627);
#1014=VERTEX_POINT('',#3629);
#1015=VERTEX_POINT('',#3633);
#1016=VERTEX_POINT('',#3635);
#1017=VERTEX_POINT('',#3639);
#1018=VERTEX_POINT('',#3640);
#1019=VERTEX_POINT('',#3642);
#1020=VERTEX_POINT('',#3644);
#1021=VERTEX_POINT('',#3651);
#1022=VERTEX_POINT('',#3653);
#1023=VERTEX_POINT('',#3657);
#1024=VERTEX_POINT('',#3659);
#1025=VERTEX_POINT('',#3663);
#1026=VERTEX_POINT('',#3665);
#1027=VERTEX_POINT('',#3672);
#1028=VERTEX_POINT('',#3673);
#1029=VERTEX_POINT('',#3675);
#1030=VERTEX_POINT('',#3677);
#1031=VERTEX_POINT('',#3681);
#1032=VERTEX_POINT('',#3683);
#1033=VERTEX_POINT('',#3687);
#1034=VERTEX_POINT('',#3689);
#1035=VERTEX_POINT('',#3691);
#1036=VERTEX_POINT('',#3693);
#1037=VERTEX_POINT('',#3695);
#1038=VERTEX_POINT('',#3697);
#1039=VERTEX_POINT('',#3699);
#1040=VERTEX_POINT('',#3701);
#1041=VERTEX_POINT('',#3703);
#1042=VERTEX_POINT('',#3705);
#1043=VERTEX_POINT('',#3707);
#1044=VERTEX_POINT('',#3709);
#1045=VERTEX_POINT('',#3711);
#1046=VERTEX_POINT('',#3713);
#1047=VERTEX_POINT('',#3715);
#1048=VERTEX_POINT('',#3717);
#1049=VERTEX_POINT('',#3719);
#1050=VERTEX_POINT('',#3721);
#1051=VERTEX_POINT('',#3723);
#1052=VERTEX_POINT('',#3725);
#1053=VERTEX_POINT('',#3727);
#1054=VERTEX_POINT('',#3729);
#1055=VERTEX_POINT('',#3731);
#1056=VERTEX_POINT('',#3733);
#1057=VERTEX_POINT('',#3735);
#1058=VERTEX_POINT('',#3737);
#1059=VERTEX_POINT('',#3739);
#1060=VERTEX_POINT('',#3742);
#1061=VERTEX_POINT('',#3744);
#1062=VERTEX_POINT('',#3746);
#1063=VERTEX_POINT('',#3748);
#1064=VERTEX_POINT('',#3750);
#1065=VERTEX_POINT('',#3751);
#1066=VERTEX_POINT('',#3753);
#1067=VERTEX_POINT('',#3755);
#1068=VERTEX_POINT('',#3758);
#1069=VERTEX_POINT('',#3759);
#1070=VERTEX_POINT('',#3761);
#1071=VERTEX_POINT('',#3763);
#1072=VERTEX_POINT('',#3766);
#1073=VERTEX_POINT('',#3767);
#1074=VERTEX_POINT('',#3769);
#1075=VERTEX_POINT('',#3771);
#1076=VERTEX_POINT('',#3775);
#1077=VERTEX_POINT('',#3777);
#1078=VERTEX_POINT('',#3781);
#1079=VERTEX_POINT('',#3785);
#1080=VERTEX_POINT('',#3787);
#1081=VERTEX_POINT('',#3791);
#1082=VERTEX_POINT('',#3795);
#1083=VERTEX_POINT('',#3796);
#1084=VERTEX_POINT('',#3801);
#1085=VERTEX_POINT('',#3805);
#1086=VERTEX_POINT('',#3806);
#1087=VERTEX_POINT('',#3808);
#1088=VERTEX_POINT('',#3810);
#1089=VERTEX_POINT('',#3814);
#1090=VERTEX_POINT('',#3816);
#1091=VERTEX_POINT('',#3820);
#1092=VERTEX_POINT('',#3822);
#1093=VERTEX_POINT('',#3824);
#1094=VERTEX_POINT('',#3826);
#1095=VERTEX_POINT('',#3828);
#1096=VERTEX_POINT('',#3830);
#1097=VERTEX_POINT('',#3832);
#1098=VERTEX_POINT('',#3834);
#1099=VERTEX_POINT('',#3836);
#1100=VERTEX_POINT('',#3838);
#1101=VERTEX_POINT('',#3840);
#1102=VERTEX_POINT('',#3842);
#1103=VERTEX_POINT('',#3844);
#1104=VERTEX_POINT('',#3846);
#1105=VERTEX_POINT('',#3848);
#1106=VERTEX_POINT('',#3850);
#1107=VERTEX_POINT('',#3852);
#1108=VERTEX_POINT('',#3854);
#1109=VERTEX_POINT('',#3856);
#1110=VERTEX_POINT('',#3858);
#1111=VERTEX_POINT('',#3860);
#1112=VERTEX_POINT('',#3863);
#1113=VERTEX_POINT('',#3865);
#1114=VERTEX_POINT('',#3867);
#1115=VERTEX_POINT('',#3869);
#1116=VERTEX_POINT('',#3871);
#1117=VERTEX_POINT('',#3874);
#1118=VERTEX_POINT('',#3875);
#1119=VERTEX_POINT('',#3880);
#1120=VERTEX_POINT('',#3881);
#1121=VERTEX_POINT('',#3883);
#1122=VERTEX_POINT('',#3885);
#1123=VERTEX_POINT('',#3889);
#1124=VERTEX_POINT('',#3891);
#1125=VERTEX_POINT('',#3895);
#1126=VERTEX_POINT('',#3897);
#1127=VERTEX_POINT('',#3899);
#1128=VERTEX_POINT('',#3903);
#1129=VERTEX_POINT('',#3904);
#1130=VERTEX_POINT('',#3909);
#1131=VERTEX_POINT('',#3913);
#1132=VERTEX_POINT('',#3914);
#1133=VERTEX_POINT('',#3916);
#1134=VERTEX_POINT('',#3918);
#1135=VERTEX_POINT('',#3922);
#1136=VERTEX_POINT('',#3924);
#1137=VERTEX_POINT('',#3928);
#1138=VERTEX_POINT('',#3930);
#1139=VERTEX_POINT('',#3932);
#1140=VERTEX_POINT('',#3936);
#1141=VERTEX_POINT('',#3937);
#1142=VERTEX_POINT('',#3942);
#1143=VERTEX_POINT('',#3946);
#1144=VERTEX_POINT('',#3950);
#1145=VERTEX_POINT('',#3954);
#1146=VERTEX_POINT('',#3958);
#1147=VERTEX_POINT('',#3962);
#1148=VERTEX_POINT('',#3966);
#1149=VERTEX_POINT('',#3968);
#1150=VERTEX_POINT('',#3974);
#1151=VERTEX_POINT('',#3978);
#1152=VERTEX_POINT('',#3982);
#1153=VERTEX_POINT('',#3984);
#1154=VERTEX_POINT('',#3988);
#1155=VERTEX_POINT('',#3992);
#1156=VERTEX_POINT('',#3994);
#1157=VERTEX_POINT('',#3998);
#1158=VERTEX_POINT('',#4002);
#1159=VERTEX_POINT('',#4006);
#1160=VERTEX_POINT('',#4010);
#1161=VERTEX_POINT('',#4016);
#1162=VERTEX_POINT('',#4018);
#1163=VERTEX_POINT('',#4024);
#1164=VERTEX_POINT('',#4028);
#1165=VERTEX_POINT('',#4030);
#1166=VERTEX_POINT('',#4034);
#1167=VERTEX_POINT('',#4038);
#1168=VERTEX_POINT('',#4044);
#1169=VERTEX_POINT('',#4046);
#1170=VERTEX_POINT('',#4050);
#1171=VERTEX_POINT('',#4056);
#1172=VERTEX_POINT('',#4058);
#1173=VERTEX_POINT('',#4062);
#1174=VERTEX_POINT('',#4066);
#1175=VERTEX_POINT('',#4068);
#1176=VERTEX_POINT('',#4072);
#1177=VERTEX_POINT('',#4076);
#1178=VERTEX_POINT('',#4078);
#1179=VERTEX_POINT('',#4082);
#1180=VERTEX_POINT('',#4084);
#1181=VERTEX_POINT('',#4088);
#1182=VERTEX_POINT('',#4090);
#1183=VERTEX_POINT('',#4094);
#1184=VERTEX_POINT('',#4096);
#1185=VERTEX_POINT('',#4100);
#1186=VERTEX_POINT('',#4102);
#1187=VERTEX_POINT('',#4106);
#1188=VERTEX_POINT('',#4108);
#1189=VERTEX_POINT('',#4112);
#1190=VERTEX_POINT('',#4114);
#1191=VERTEX_POINT('',#4118);
#1192=VERTEX_POINT('',#4122);
#1193=VERTEX_POINT('',#4128);
#1194=VERTEX_POINT('',#4130);
#1195=VERTEX_POINT('',#4134);
#1196=VERTEX_POINT('',#4138);
#1197=VERTEX_POINT('',#4144);
#1198=VERTEX_POINT('',#4146);
#1199=VERTEX_POINT('',#4150);
#1200=VERTEX_POINT('',#4154);
#1201=VERTEX_POINT('',#4160);
#1202=VERTEX_POINT('',#4164);
#1203=VERTEX_POINT('',#4168);
#1204=VERTEX_POINT('',#4174);
#1205=VERTEX_POINT('',#4180);
#1206=VERTEX_POINT('',#4188);
#1207=VERTEX_POINT('',#4192);
#1208=VERTEX_POINT('',#4197);
#1209=VERTEX_POINT('',#4199);
#1210=VERTEX_POINT('',#4203);
#1211=VERTEX_POINT('',#4207);
#1212=VERTEX_POINT('',#4217);
#1213=VERTEX_POINT('',#4219);
#1214=VERTEX_POINT('',#4223);
#1215=VERTEX_POINT('',#4227);
#1216=VERTEX_POINT('',#4236);
#1217=VERTEX_POINT('',#4239);
#1218=VERTEX_POINT('',#4243);
#1219=VERTEX_POINT('',#4246);
#1220=VERTEX_POINT('',#4250);
#1221=VERTEX_POINT('',#4254);
#1222=VERTEX_POINT('',#4259);
#1223=VERTEX_POINT('',#4263);
#1224=VERTEX_POINT('',#4273);
#1225=VERTEX_POINT('',#4277);
#1226=VERTEX_POINT('',#4281);
#1227=VERTEX_POINT('',#4287);
#1228=VERTEX_POINT('',#4291);
#1229=EDGE_CURVE('',#995,#996,#849,.T.);
#1230=EDGE_CURVE('',#996,#997,#415,.T.);
#1231=EDGE_CURVE('',#997,#998,#850,.T.);
#1232=EDGE_CURVE('',#998,#995,#416,.T.);
#1233=EDGE_CURVE('',#999,#996,#417,.T.);
#1234=EDGE_CURVE('',#1000,#999,#418,.T.);
#1235=EDGE_CURVE('',#997,#1000,#419,.T.);
#1236=EDGE_CURVE('',#1001,#1002,#851,.T.);
#1237=EDGE_CURVE('',#1002,#1003,#420,.T.);
#1238=EDGE_CURVE('',#1003,#1004,#852,.T.);
#1239=EDGE_CURVE('',#1004,#1001,#421,.T.);
#1240=EDGE_CURVE('',#1003,#998,#422,.T.);
#1241=EDGE_CURVE('',#995,#1002,#423,.T.);
#1242=EDGE_CURVE('',#999,#1005,#853,.T.);
#1243=EDGE_CURVE('',#1005,#1006,#424,.T.);
#1244=EDGE_CURVE('',#1006,#1000,#854,.T.);
#1245=EDGE_CURVE('',#1007,#1005,#425,.T.);
#1246=EDGE_CURVE('',#1008,#1007,#426,.T.);
#1247=EDGE_CURVE('',#1006,#1008,#427,.T.);
#1248=EDGE_CURVE('',#1007,#1009,#855,.T.);
#1249=EDGE_CURVE('',#1009,#1010,#428,.T.);
#1250=EDGE_CURVE('',#1010,#1008,#856,.T.);
#1251=EDGE_CURVE('',#1010,#1004,#429,.T.);
#1252=EDGE_CURVE('',#1001,#1009,#430,.T.);
#1253=EDGE_CURVE('',#1011,#1012,#857,.T.);
#1254=EDGE_CURVE('',#1012,#1013,#431,.T.);
#1255=EDGE_CURVE('',#1013,#1014,#858,.T.);
#1256=EDGE_CURVE('',#1014,#1011,#432,.T.);
#1257=EDGE_CURVE('',#1015,#1012,#433,.T.);
#1258=EDGE_CURVE('',#1016,#1015,#434,.T.);
#1259=EDGE_CURVE('',#1013,#1016,#435,.T.);
#1260=EDGE_CURVE('',#1017,#1018,#859,.T.);
#1261=EDGE_CURVE('',#1018,#1019,#436,.T.);
#1262=EDGE_CURVE('',#1019,#1020,#860,.T.);
#1263=EDGE_CURVE('',#1020,#1017,#437,.T.);
#1264=EDGE_CURVE('',#1019,#1014,#438,.T.);
#1265=EDGE_CURVE('',#1011,#1018,#439,.T.);
#1266=EDGE_CURVE('',#1015,#1021,#861,.T.);
#1267=EDGE_CURVE('',#1021,#1022,#440,.T.);
#1268=EDGE_CURVE('',#1022,#1016,#862,.T.);
#1269=EDGE_CURVE('',#1023,#1021,#441,.T.);
#1270=EDGE_CURVE('',#1024,#1023,#442,.T.);
#1271=EDGE_CURVE('',#1022,#1024,#443,.T.);
#1272=EDGE_CURVE('',#1023,#1025,#863,.T.);
#1273=EDGE_CURVE('',#1025,#1026,#444,.T.);
#1274=EDGE_CURVE('',#1026,#1024,#864,.T.);
#1275=EDGE_CURVE('',#1026,#1020,#445,.T.);
#1276=EDGE_CURVE('',#1017,#1025,#446,.T.);
#1277=EDGE_CURVE('',#1027,#1028,#865,.T.);
#1278=EDGE_CURVE('',#1028,#1029,#447,.T.);
#1279=EDGE_CURVE('',#1029,#1030,#866,.T.);
#1280=EDGE_CURVE('',#1030,#1027,#448,.T.);
#1281=EDGE_CURVE('',#1031,#1028,#449,.T.);
#1282=EDGE_CURVE('',#1032,#1031,#450,.T.);
#1283=EDGE_CURVE('',#1029,#1032,#451,.T.);
#1284=EDGE_CURVE('',#1027,#1033,#452,.T.);
#1285=EDGE_CURVE('',#1033,#1034,#867,.T.);
#1286=EDGE_CURVE('',#1034,#1035,#453,.T.);
#1287=EDGE_CURVE('',#1036,#1035,#868,.T.);
#1288=EDGE_CURVE('',#1036,#1037,#454,.T.);
#1289=EDGE_CURVE('',#1038,#1037,#869,.T.);
#1290=EDGE_CURVE('',#1038,#1039,#870,.T.);
#1291=EDGE_CURVE('',#1040,#1039,#871,.T.);
#1292=EDGE_CURVE('',#1040,#1041,#455,.T.);
#1293=EDGE_CURVE('',#1042,#1041,#872,.T.);
#1294=EDGE_CURVE('',#1042,#1043,#456,.T.);
#1295=EDGE_CURVE('',#1044,#1043,#873,.T.);
#1296=EDGE_CURVE('',#1044,#1045,#457,.T.);
#1297=EDGE_CURVE('',#1046,#1045,#874,.T.);
#1298=EDGE_CURVE('',#1046,#1047,#458,.T.);
#1299=EDGE_CURVE('',#1048,#1047,#875,.T.);
#1300=EDGE_CURVE('',#1048,#1049,#459,.T.);
#1301=EDGE_CURVE('',#1050,#1049,#876,.T.);
#1302=EDGE_CURVE('',#1050,#1051,#877,.T.);
#1303=EDGE_CURVE('',#1052,#1051,#878,.T.);
#1304=EDGE_CURVE('',#1052,#1053,#460,.T.);
#1305=EDGE_CURVE('',#1054,#1053,#879,.T.);
#1306=EDGE_CURVE('',#1054,#1055,#461,.T.);
#1307=EDGE_CURVE('',#1055,#1056,#880,.T.);
#1308=EDGE_CURVE('',#1056,#1057,#462,.T.);
#1309=EDGE_CURVE('',#1058,#1057,#881,.T.);
#1310=EDGE_CURVE('',#1058,#1059,#463,.T.);
#1311=EDGE_CURVE('',#1059,#1031,#882,.T.);
#1312=EDGE_CURVE('',#1060,#1060,#883,.T.);
#1313=EDGE_CURVE('',#1061,#1061,#884,.T.);
#1314=EDGE_CURVE('',#1062,#1062,#885,.T.);
#1315=EDGE_CURVE('',#1063,#1063,#886,.T.);
#1316=EDGE_CURVE('',#1064,#1065,#464,.T.);
#1317=EDGE_CURVE('',#1065,#1066,#887,.T.);
#1318=EDGE_CURVE('',#1066,#1067,#465,.T.);
#1319=EDGE_CURVE('',#1067,#1064,#888,.T.);
#1320=EDGE_CURVE('',#1068,#1069,#889,.T.);
#1321=EDGE_CURVE('',#1069,#1070,#466,.T.);
#1322=EDGE_CURVE('',#1070,#1071,#890,.T.);
#1323=EDGE_CURVE('',#1071,#1068,#467,.T.);
#1324=EDGE_CURVE('',#1072,#1073,#891,.T.);
#1325=EDGE_CURVE('',#1073,#1074,#468,.T.);
#1326=EDGE_CURVE('',#1074,#1075,#892,.T.);
#1327=EDGE_CURVE('',#1075,#1072,#469,.T.);
#1328=EDGE_CURVE('',#1057,#1076,#470,.T.);
#1329=EDGE_CURVE('',#1076,#1077,#893,.T.);
#1330=EDGE_CURVE('',#1077,#1058,#471,.T.);
#1331=EDGE_CURVE('',#1078,#1056,#472,.T.);
#1332=EDGE_CURVE('',#1076,#1078,#473,.T.);
#1333=EDGE_CURVE('',#1043,#1079,#474,.T.);
#1334=EDGE_CURVE('',#1079,#1080,#894,.T.);
#1335=EDGE_CURVE('',#1044,#1080,#475,.T.);
#1336=EDGE_CURVE('',#1081,#1042,#476,.T.);
#1337=EDGE_CURVE('',#1079,#1081,#477,.T.);
#1338=EDGE_CURVE('',#1082,#1083,#895,.T.);
#1339=EDGE_CURVE('',#1083,#1046,#478,.T.);
#1340=EDGE_CURVE('',#1045,#1082,#479,.T.);
#1341=EDGE_CURVE('',#1084,#1083,#480,.T.);
#1342=EDGE_CURVE('',#1047,#1084,#481,.T.);
#1343=EDGE_CURVE('',#1085,#1086,#896,.T.);
#1344=EDGE_CURVE('',#1086,#1087,#482,.T.);
#1345=EDGE_CURVE('',#1087,#1088,#897,.T.);
#1346=EDGE_CURVE('',#1085,#1088,#483,.T.);
#1347=EDGE_CURVE('',#1089,#1086,#484,.T.);
#1348=EDGE_CURVE('',#1090,#1089,#485,.T.);
#1349=EDGE_CURVE('',#1087,#1090,#486,.T.);
#1350=EDGE_CURVE('',#1085,#1091,#487,.T.);
#1351=EDGE_CURVE('',#1092,#1091,#898,.T.);
#1352=EDGE_CURVE('',#1092,#1093,#488,.T.);
#1353=EDGE_CURVE('',#1094,#1093,#899,.T.);
#1354=EDGE_CURVE('',#1094,#1095,#489,.T.);
#1355=EDGE_CURVE('',#1096,#1095,#900,.T.);
#1356=EDGE_CURVE('',#1096,#1097,#901,.T.);
#1357=EDGE_CURVE('',#1098,#1097,#902,.T.);
#1358=EDGE_CURVE('',#1098,#1099,#490,.T.);
#1359=EDGE_CURVE('',#1100,#1099,#903,.T.);
#1360=EDGE_CURVE('',#1100,#1101,#904,.T.);
#1361=EDGE_CURVE('',#1101,#1102,#491,.T.);
#1362=EDGE_CURVE('',#1102,#1103,#905,.T.);
#1363=EDGE_CURVE('',#1103,#1104,#492,.T.);
#1364=EDGE_CURVE('',#1104,#1105,#906,.T.);
#1365=EDGE_CURVE('',#1106,#1105,#907,.T.);
#1366=EDGE_CURVE('',#1106,#1107,#493,.T.);
#1367=EDGE_CURVE('',#1108,#1107,#908,.T.);
#1368=EDGE_CURVE('',#1108,#1109,#909,.T.);
#1369=EDGE_CURVE('',#1110,#1109,#910,.T.);
#1370=EDGE_CURVE('',#1110,#1111,#494,.T.);
#1371=EDGE_CURVE('',#1089,#1111,#911,.T.);
#1372=EDGE_CURVE('',#1112,#1112,#912,.T.);
#1373=EDGE_CURVE('',#1113,#1113,#913,.T.);
#1374=EDGE_CURVE('',#1114,#1114,#914,.T.);
#1375=EDGE_CURVE('',#1115,#1115,#915,.T.);
#1376=EDGE_CURVE('',#1116,#1116,#916,.T.);
#1377=EDGE_CURVE('',#1117,#1118,#917,.T.);
#1378=EDGE_CURVE('',#1118,#1092,#495,.T.);
#1379=EDGE_CURVE('',#1091,#1117,#496,.T.);
#1380=EDGE_CURVE('',#1119,#1120,#918,.T.);
#1381=EDGE_CURVE('',#1120,#1121,#497,.T.);
#1382=EDGE_CURVE('',#1121,#1122,#919,.T.);
#1383=EDGE_CURVE('',#1122,#1119,#498,.T.);
#1384=EDGE_CURVE('',#1123,#1122,#499,.T.);
#1385=EDGE_CURVE('',#1123,#1124,#500,.T.);
#1386=EDGE_CURVE('',#1119,#1124,#501,.T.);
#1387=EDGE_CURVE('',#1121,#1125,#502,.T.);
#1388=EDGE_CURVE('',#1126,#1125,#920,.T.);
#1389=EDGE_CURVE('',#1127,#1126,#503,.T.);
#1390=EDGE_CURVE('',#1127,#1123,#504,.T.);
#1391=EDGE_CURVE('',#1128,#1129,#921,.T.);
#1392=EDGE_CURVE('',#1129,#1126,#505,.T.);
#1393=EDGE_CURVE('',#1125,#1128,#506,.T.);
#1394=EDGE_CURVE('',#1130,#1129,#507,.T.);
#1395=EDGE_CURVE('',#1130,#1127,#508,.T.);
#1396=EDGE_CURVE('',#1131,#1132,#922,.T.);
#1397=EDGE_CURVE('',#1132,#1133,#509,.T.);
#1398=EDGE_CURVE('',#1133,#1134,#923,.T.);
#1399=EDGE_CURVE('',#1134,#1131,#510,.T.);
#1400=EDGE_CURVE('',#1135,#1134,#511,.T.);
#1401=EDGE_CURVE('',#1135,#1136,#512,.T.);
#1402=EDGE_CURVE('',#1131,#1136,#513,.T.);
#1403=EDGE_CURVE('',#1133,#1137,#514,.T.);
#1404=EDGE_CURVE('',#1138,#1137,#924,.T.);
#1405=EDGE_CURVE('',#1139,#1138,#515,.T.);
#1406=EDGE_CURVE('',#1139,#1135,#516,.T.);
#1407=EDGE_CURVE('',#1140,#1141,#925,.T.);
#1408=EDGE_CURVE('',#1141,#1138,#517,.T.);
#1409=EDGE_CURVE('',#1137,#1140,#518,.T.);
#1410=EDGE_CURVE('',#1142,#1141,#519,.T.);
#1411=EDGE_CURVE('',#1142,#1139,#520,.T.);
#1412=EDGE_CURVE('',#1112,#1143,#521,.T.);
#1413=EDGE_CURVE('',#1143,#1143,#926,.T.);
#1414=EDGE_CURVE('',#1113,#1144,#522,.T.);
#1415=EDGE_CURVE('',#1144,#1144,#927,.T.);
#1416=EDGE_CURVE('',#1084,#1145,#928,.T.);
#1417=EDGE_CURVE('',#1145,#1048,#523,.T.);
#1418=EDGE_CURVE('',#1111,#1146,#524,.T.);
#1419=EDGE_CURVE('',#1146,#1090,#929,.T.);
#1420=EDGE_CURVE('',#1147,#1110,#525,.T.);
#1421=EDGE_CURVE('',#1146,#1147,#526,.T.);
#1422=EDGE_CURVE('',#1093,#1148,#527,.T.);
#1423=EDGE_CURVE('',#1148,#1149,#930,.T.);
#1424=EDGE_CURVE('',#1149,#1094,#528,.T.);
#1425=EDGE_CURVE('',#1148,#1118,#529,.T.);
#1426=EDGE_CURVE('',#1041,#1150,#530,.T.);
#1427=EDGE_CURVE('',#1150,#1081,#931,.T.);
#1428=EDGE_CURVE('',#1151,#1040,#531,.T.);
#1429=EDGE_CURVE('',#1150,#1151,#532,.T.);
#1430=EDGE_CURVE('',#1053,#1152,#533,.T.);
#1431=EDGE_CURVE('',#1152,#1153,#932,.T.);
#1432=EDGE_CURVE('',#1153,#1054,#534,.T.);
#1433=EDGE_CURVE('',#1154,#1052,#535,.T.);
#1434=EDGE_CURVE('',#1152,#1154,#536,.T.);
#1435=EDGE_CURVE('',#1035,#1155,#537,.T.);
#1436=EDGE_CURVE('',#1155,#1156,#933,.T.);
#1437=EDGE_CURVE('',#1156,#1036,#538,.T.);
#1438=EDGE_CURVE('',#1157,#1034,#539,.T.);
#1439=EDGE_CURVE('',#1155,#1157,#540,.T.);
#1440=EDGE_CURVE('',#1051,#1158,#541,.T.);
#1441=EDGE_CURVE('',#1158,#1154,#934,.T.);
#1442=EDGE_CURVE('',#1159,#1050,#542,.T.);
#1443=EDGE_CURVE('',#1158,#1159,#935,.T.);
#1444=EDGE_CURVE('',#1049,#1160,#543,.T.);
#1445=EDGE_CURVE('',#1160,#1159,#936,.T.);
#1446=EDGE_CURVE('',#1160,#1145,#544,.T.);
#1447=EDGE_CURVE('',#1037,#1161,#545,.T.);
#1448=EDGE_CURVE('',#1161,#1162,#937,.T.);
#1449=EDGE_CURVE('',#1162,#1038,#546,.T.);
#1450=EDGE_CURVE('',#1161,#1156,#547,.T.);
#1451=EDGE_CURVE('',#1039,#1163,#548,.T.);
#1452=EDGE_CURVE('',#1163,#1151,#938,.T.);
#1453=EDGE_CURVE('',#1097,#1164,#549,.T.);
#1454=EDGE_CURVE('',#1164,#1165,#939,.T.);
#1455=EDGE_CURVE('',#1165,#1098,#550,.T.);
#1456=EDGE_CURVE('',#1166,#1096,#551,.T.);
#1457=EDGE_CURVE('',#1164,#1166,#940,.T.);
#1458=EDGE_CURVE('',#1095,#1167,#552,.T.);
#1459=EDGE_CURVE('',#1167,#1166,#941,.T.);
#1460=EDGE_CURVE('',#1167,#1149,#553,.T.);
#1461=EDGE_CURVE('',#1107,#1168,#554,.T.);
#1462=EDGE_CURVE('',#1168,#1169,#942,.T.);
#1463=EDGE_CURVE('',#1169,#1108,#555,.T.);
#1464=EDGE_CURVE('',#1170,#1169,#943,.T.);
#1465=EDGE_CURVE('',#1109,#1170,#556,.T.);
#1466=EDGE_CURVE('',#1170,#1147,#944,.T.);
#1467=EDGE_CURVE('',#1105,#1171,#557,.T.);
#1468=EDGE_CURVE('',#1171,#1172,#945,.T.);
#1469=EDGE_CURVE('',#1172,#1106,#558,.T.);
#1470=EDGE_CURVE('',#1173,#1104,#559,.T.);
#1471=EDGE_CURVE('',#1171,#1173,#946,.T.);
#1472=EDGE_CURVE('',#1099,#1174,#560,.T.);
#1473=EDGE_CURVE('',#1174,#1175,#947,.T.);
#1474=EDGE_CURVE('',#1175,#1100,#561,.T.);
#1475=EDGE_CURVE('',#1176,#1175,#948,.T.);
#1476=EDGE_CURVE('',#1176,#1101,#562,.T.);
#1477=EDGE_CURVE('',#1177,#1177,#949,.T.);
#1478=EDGE_CURVE('',#1177,#1178,#563,.T.);
#1479=EDGE_CURVE('',#1178,#1178,#950,.T.);
#1480=EDGE_CURVE('',#1179,#1179,#951,.T.);
#1481=EDGE_CURVE('',#1179,#1180,#564,.T.);
#1482=EDGE_CURVE('',#1180,#1180,#952,.T.);
#1483=EDGE_CURVE('',#1181,#1181,#953,.T.);
#1484=EDGE_CURVE('',#1181,#1182,#565,.T.);
#1485=EDGE_CURVE('',#1182,#1182,#954,.T.);
#1486=EDGE_CURVE('',#1183,#1183,#955,.T.);
#1487=EDGE_CURVE('',#1183,#1184,#566,.T.);
#1488=EDGE_CURVE('',#1184,#1184,#956,.T.);
#1489=EDGE_CURVE('',#1185,#1185,#957,.T.);
#1490=EDGE_CURVE('',#1185,#1186,#567,.T.);
#1491=EDGE_CURVE('',#1186,#1186,#958,.T.);
#1492=EDGE_CURVE('',#1187,#1187,#959,.T.);
#1493=EDGE_CURVE('',#1187,#1188,#568,.T.);
#1494=EDGE_CURVE('',#1188,#1188,#960,.T.);
#1495=EDGE_CURVE('',#1189,#1072,#569,.T.);
#1496=EDGE_CURVE('',#1190,#1189,#961,.T.);
#1497=EDGE_CURVE('',#1190,#1073,#570,.T.);
#1498=EDGE_CURVE('',#1191,#1190,#571,.T.);
#1499=EDGE_CURVE('',#1191,#1074,#572,.T.);
#1500=EDGE_CURVE('',#1192,#1191,#962,.T.);
#1501=EDGE_CURVE('',#1192,#1075,#573,.T.);
#1502=EDGE_CURVE('',#1189,#1192,#574,.T.);
#1503=EDGE_CURVE('',#1193,#1068,#575,.T.);
#1504=EDGE_CURVE('',#1194,#1193,#963,.T.);
#1505=EDGE_CURVE('',#1194,#1069,#576,.T.);
#1506=EDGE_CURVE('',#1195,#1194,#577,.T.);
#1507=EDGE_CURVE('',#1195,#1070,#578,.T.);
#1508=EDGE_CURVE('',#1196,#1195,#964,.T.);
#1509=EDGE_CURVE('',#1196,#1071,#579,.T.);
#1510=EDGE_CURVE('',#1193,#1196,#580,.T.);
#1511=EDGE_CURVE('',#1197,#1064,#581,.T.);
#1512=EDGE_CURVE('',#1198,#1197,#582,.T.);
#1513=EDGE_CURVE('',#1198,#1065,#583,.T.);
#1514=EDGE_CURVE('',#1199,#1198,#965,.T.);
#1515=EDGE_CURVE('',#1199,#1066,#584,.T.);
#1516=EDGE_CURVE('',#1200,#1199,#585,.T.);
#1517=EDGE_CURVE('',#1200,#1067,#586,.T.);
#1518=EDGE_CURVE('',#1197,#1200,#966,.T.);
#1519=EDGE_CURVE('',#1201,#1201,#967,.T.);
#1520=EDGE_CURVE('',#1201,#1063,#587,.T.);
#1521=EDGE_CURVE('',#1202,#1202,#968,.T.);
#1522=EDGE_CURVE('',#1202,#1062,#588,.T.);
#1523=EDGE_CURVE('',#1203,#1153,#589,.T.);
#1524=EDGE_CURVE('',#1203,#1055,#590,.T.);
#1525=EDGE_CURVE('',#1078,#1203,#969,.T.);
#1526=EDGE_CURVE('',#1204,#1077,#591,.T.);
#1527=EDGE_CURVE('',#1204,#1059,#592,.T.);
#1528=EDGE_CURVE('',#1032,#1204,#970,.T.);
#1529=EDGE_CURVE('',#1205,#1030,#593,.T.);
#1530=EDGE_CURVE('',#1205,#1033,#594,.T.);
#1531=EDGE_CURVE('',#1157,#1205,#971,.T.);
#1532=EDGE_CURVE('',#1163,#1162,#972,.T.);
#1533=EDGE_CURVE('',#1206,#1206,#973,.T.);
#1534=EDGE_CURVE('',#1206,#1061,#595,.T.);
#1535=EDGE_CURVE('',#1207,#1207,#974,.T.);
#1536=EDGE_CURVE('',#1207,#1060,#596,.T.);
#1537=EDGE_CURVE('',#1124,#1130,#597,.T.);
#1538=EDGE_CURVE('',#1124,#1208,#975,.T.);
#1539=EDGE_CURVE('',#1209,#1208,#598,.T.);
#1540=EDGE_CURVE('',#1209,#1130,#976,.T.);
#1541=EDGE_CURVE('',#1210,#1123,#977,.T.);
#1542=EDGE_CURVE('',#1208,#1210,#599,.T.);
#1543=EDGE_CURVE('',#1211,#1209,#600,.T.);
#1544=EDGE_CURVE('',#1211,#1127,#978,.T.);
#1545=EDGE_CURVE('',#1128,#1120,#601,.T.);
#1546=EDGE_CURVE('',#1210,#1211,#602,.T.);
#1547=EDGE_CURVE('',#1136,#1142,#603,.T.);
#1548=EDGE_CURVE('',#1136,#1212,#979,.T.);
#1549=EDGE_CURVE('',#1213,#1212,#604,.T.);
#1550=EDGE_CURVE('',#1213,#1142,#980,.T.);
#1551=EDGE_CURVE('',#1214,#1135,#981,.T.);
#1552=EDGE_CURVE('',#1212,#1214,#605,.T.);
#1553=EDGE_CURVE('',#1215,#1213,#606,.T.);
#1554=EDGE_CURVE('',#1215,#1139,#982,.T.);
#1555=EDGE_CURVE('',#1140,#1132,#607,.T.);
#1556=EDGE_CURVE('',#1214,#1215,#608,.T.);
#1557=EDGE_CURVE('',#1216,#1209,#609,.T.);
#1558=EDGE_CURVE('',#1085,#1216,#983,.T.);
#1559=EDGE_CURVE('',#1217,#1088,#984,.T.);
#1560=EDGE_CURVE('',#1211,#1217,#610,.T.);
#1561=EDGE_CURVE('',#1218,#1213,#611,.T.);
#1562=EDGE_CURVE('',#1044,#1218,#985,.T.);
#1563=EDGE_CURVE('',#1219,#1080,#986,.T.);
#1564=EDGE_CURVE('',#1215,#1219,#612,.T.);
#1565=EDGE_CURVE('',#1220,#1216,#613,.T.);
#1566=EDGE_CURVE('',#1220,#1091,#987,.T.);
#1567=EDGE_CURVE('',#1221,#1045,#988,.T.);
#1568=EDGE_CURVE('',#1221,#1218,#614,.T.);
#1569=EDGE_CURVE('',#1117,#1088,#615,.T.);
#1570=EDGE_CURVE('',#1117,#1222,#989,.T.);
#1571=EDGE_CURVE('',#1217,#1222,#616,.T.);
#1572=EDGE_CURVE('',#1223,#1210,#617,.T.);
#1573=EDGE_CURVE('',#1082,#1223,#990,.T.);
#1574=EDGE_CURVE('',#1208,#1221,#618,.T.);
#1575=EDGE_CURVE('',#1222,#1214,#619,.T.);
#1576=EDGE_CURVE('',#1219,#1223,#620,.T.);
#1577=EDGE_CURVE('',#1212,#1220,#621,.T.);
#1578=EDGE_CURVE('',#1224,#1224,#991,.T.);
#1579=EDGE_CURVE('',#1224,#1116,#622,.T.);
#1580=EDGE_CURVE('',#1225,#1225,#992,.T.);
#1581=EDGE_CURVE('',#1225,#1115,#623,.T.);
#1582=EDGE_CURVE('',#1226,#1226,#993,.T.);
#1583=EDGE_CURVE('',#1226,#1114,#624,.T.);
#1584=EDGE_CURVE('',#1174,#1165,#625,.T.);
#1585=EDGE_CURVE('',#1227,#1176,#626,.T.);
#1586=EDGE_CURVE('',#1227,#1102,#627,.T.);
#1587=EDGE_CURVE('',#1228,#1227,#994,.T.);
#1588=EDGE_CURVE('',#1228,#1103,#628,.T.);
#1589=EDGE_CURVE('',#1173,#1228,#629,.T.);
#1590=EDGE_CURVE('',#1168,#1172,#630,.T.);
#1591=EDGE_CURVE('',#1082,#1080,#631,.T.);
#1592=ORIENTED_EDGE('',*,*,#1229,.T.);
#1593=ORIENTED_EDGE('',*,*,#1230,.T.);
#1594=ORIENTED_EDGE('',*,*,#1231,.T.);
#1595=ORIENTED_EDGE('',*,*,#1232,.T.);
#1596=ORIENTED_EDGE('',*,*,#1230,.F.);
#1597=ORIENTED_EDGE('',*,*,#1233,.F.);
#1598=ORIENTED_EDGE('',*,*,#1234,.F.);
#1599=ORIENTED_EDGE('',*,*,#1235,.F.);
#1600=ORIENTED_EDGE('',*,*,#1236,.T.);
#1601=ORIENTED_EDGE('',*,*,#1237,.T.);
#1602=ORIENTED_EDGE('',*,*,#1238,.T.);
#1603=ORIENTED_EDGE('',*,*,#1239,.T.);
#1604=ORIENTED_EDGE('',*,*,#1232,.F.);
#1605=ORIENTED_EDGE('',*,*,#1240,.F.);
#1606=ORIENTED_EDGE('',*,*,#1237,.F.);
#1607=ORIENTED_EDGE('',*,*,#1241,.F.);
#1608=ORIENTED_EDGE('',*,*,#1242,.T.);
#1609=ORIENTED_EDGE('',*,*,#1243,.T.);
#1610=ORIENTED_EDGE('',*,*,#1244,.T.);
#1611=ORIENTED_EDGE('',*,*,#1234,.T.);
#1612=ORIENTED_EDGE('',*,*,#1243,.F.);
#1613=ORIENTED_EDGE('',*,*,#1245,.F.);
#1614=ORIENTED_EDGE('',*,*,#1246,.F.);
#1615=ORIENTED_EDGE('',*,*,#1247,.F.);
#1616=ORIENTED_EDGE('',*,*,#1248,.T.);
#1617=ORIENTED_EDGE('',*,*,#1249,.T.);
#1618=ORIENTED_EDGE('',*,*,#1250,.T.);
#1619=ORIENTED_EDGE('',*,*,#1246,.T.);
#1620=ORIENTED_EDGE('',*,*,#1239,.F.);
#1621=ORIENTED_EDGE('',*,*,#1251,.F.);
#1622=ORIENTED_EDGE('',*,*,#1249,.F.);
#1623=ORIENTED_EDGE('',*,*,#1252,.F.);
#1624=ORIENTED_EDGE('',*,*,#1253,.T.);
#1625=ORIENTED_EDGE('',*,*,#1254,.T.);
#1626=ORIENTED_EDGE('',*,*,#1255,.T.);
#1627=ORIENTED_EDGE('',*,*,#1256,.T.);
#1628=ORIENTED_EDGE('',*,*,#1254,.F.);
#1629=ORIENTED_EDGE('',*,*,#1257,.F.);
#1630=ORIENTED_EDGE('',*,*,#1258,.F.);
#1631=ORIENTED_EDGE('',*,*,#1259,.F.);
#1632=ORIENTED_EDGE('',*,*,#1260,.T.);
#1633=ORIENTED_EDGE('',*,*,#1261,.T.);
#1634=ORIENTED_EDGE('',*,*,#1262,.T.);
#1635=ORIENTED_EDGE('',*,*,#1263,.T.);
#1636=ORIENTED_EDGE('',*,*,#1256,.F.);
#1637=ORIENTED_EDGE('',*,*,#1264,.F.);
#1638=ORIENTED_EDGE('',*,*,#1261,.F.);
#1639=ORIENTED_EDGE('',*,*,#1265,.F.);
#1640=ORIENTED_EDGE('',*,*,#1266,.T.);
#1641=ORIENTED_EDGE('',*,*,#1267,.T.);
#1642=ORIENTED_EDGE('',*,*,#1268,.T.);
#1643=ORIENTED_EDGE('',*,*,#1258,.T.);
#1644=ORIENTED_EDGE('',*,*,#1267,.F.);
#1645=ORIENTED_EDGE('',*,*,#1269,.F.);
#1646=ORIENTED_EDGE('',*,*,#1270,.F.);
#1647=ORIENTED_EDGE('',*,*,#1271,.F.);
#1648=ORIENTED_EDGE('',*,*,#1272,.T.);
#1649=ORIENTED_EDGE('',*,*,#1273,.T.);
#1650=ORIENTED_EDGE('',*,*,#1274,.T.);
#1651=ORIENTED_EDGE('',*,*,#1270,.T.);
#1652=ORIENTED_EDGE('',*,*,#1263,.F.);
#1653=ORIENTED_EDGE('',*,*,#1275,.F.);
#1654=ORIENTED_EDGE('',*,*,#1273,.F.);
#1655=ORIENTED_EDGE('',*,*,#1276,.F.);
#1656=ORIENTED_EDGE('',*,*,#1277,.T.);
#1657=ORIENTED_EDGE('',*,*,#1278,.T.);
#1658=ORIENTED_EDGE('',*,*,#1279,.T.);
#1659=ORIENTED_EDGE('',*,*,#1280,.T.);
#1660=ORIENTED_EDGE('',*,*,#1278,.F.);
#1661=ORIENTED_EDGE('',*,*,#1281,.F.);
#1662=ORIENTED_EDGE('',*,*,#1282,.F.);
#1663=ORIENTED_EDGE('',*,*,#1283,.F.);
#1664=ORIENTED_EDGE('',*,*,#1277,.F.);
#1665=ORIENTED_EDGE('',*,*,#1284,.T.);
#1666=ORIENTED_EDGE('',*,*,#1285,.T.);
#1667=ORIENTED_EDGE('',*,*,#1286,.T.);
#1668=ORIENTED_EDGE('',*,*,#1287,.F.);
#1669=ORIENTED_EDGE('',*,*,#1288,.T.);
#1670=ORIENTED_EDGE('',*,*,#1289,.F.);
#1671=ORIENTED_EDGE('',*,*,#1290,.T.);
#1672=ORIENTED_EDGE('',*,*,#1291,.F.);
#1673=ORIENTED_EDGE('',*,*,#1292,.T.);
#1674=ORIENTED_EDGE('',*,*,#1293,.F.);
#1675=ORIENTED_EDGE('',*,*,#1294,.T.);
#1676=ORIENTED_EDGE('',*,*,#1295,.F.);
#1677=ORIENTED_EDGE('',*,*,#1296,.T.);
#1678=ORIENTED_EDGE('',*,*,#1297,.F.);
#1679=ORIENTED_EDGE('',*,*,#1298,.T.);
#1680=ORIENTED_EDGE('',*,*,#1299,.F.);
#1681=ORIENTED_EDGE('',*,*,#1300,.T.);
#1682=ORIENTED_EDGE('',*,*,#1301,.F.);
#1683=ORIENTED_EDGE('',*,*,#1302,.T.);
#1684=ORIENTED_EDGE('',*,*,#1303,.F.);
#1685=ORIENTED_EDGE('',*,*,#1304,.T.);
#1686=ORIENTED_EDGE('',*,*,#1305,.F.);
#1687=ORIENTED_EDGE('',*,*,#1306,.T.);
#1688=ORIENTED_EDGE('',*,*,#1307,.T.);
#1689=ORIENTED_EDGE('',*,*,#1308,.T.);
#1690=ORIENTED_EDGE('',*,*,#1309,.F.);
#1691=ORIENTED_EDGE('',*,*,#1310,.T.);
#1692=ORIENTED_EDGE('',*,*,#1311,.T.);
#1693=ORIENTED_EDGE('',*,*,#1281,.T.);
#1694=ORIENTED_EDGE('',*,*,#1312,.T.);
#1695=ORIENTED_EDGE('',*,*,#1313,.T.);
#1696=ORIENTED_EDGE('',*,*,#1314,.T.);
#1697=ORIENTED_EDGE('',*,*,#1315,.T.);
#1698=ORIENTED_EDGE('',*,*,#1316,.T.);
#1699=ORIENTED_EDGE('',*,*,#1317,.T.);
#1700=ORIENTED_EDGE('',*,*,#1318,.T.);
#1701=ORIENTED_EDGE('',*,*,#1319,.T.);
#1702=ORIENTED_EDGE('',*,*,#1320,.T.);
#1703=ORIENTED_EDGE('',*,*,#1321,.T.);
#1704=ORIENTED_EDGE('',*,*,#1322,.T.);
#1705=ORIENTED_EDGE('',*,*,#1323,.T.);
#1706=ORIENTED_EDGE('',*,*,#1324,.T.);
#1707=ORIENTED_EDGE('',*,*,#1325,.T.);
#1708=ORIENTED_EDGE('',*,*,#1326,.T.);
#1709=ORIENTED_EDGE('',*,*,#1327,.T.);
#1710=ORIENTED_EDGE('',*,*,#1309,.T.);
#1711=ORIENTED_EDGE('',*,*,#1328,.T.);
#1712=ORIENTED_EDGE('',*,*,#1329,.T.);
#1713=ORIENTED_EDGE('',*,*,#1330,.T.);
#1714=ORIENTED_EDGE('',*,*,#1328,.F.);
#1715=ORIENTED_EDGE('',*,*,#1308,.F.);
#1716=ORIENTED_EDGE('',*,*,#1331,.F.);
#1717=ORIENTED_EDGE('',*,*,#1332,.F.);
#1718=ORIENTED_EDGE('',*,*,#1295,.T.);
#1719=ORIENTED_EDGE('',*,*,#1333,.T.);
#1720=ORIENTED_EDGE('',*,*,#1334,.T.);
#1721=ORIENTED_EDGE('',*,*,#1335,.F.);
#1722=ORIENTED_EDGE('',*,*,#1333,.F.);
#1723=ORIENTED_EDGE('',*,*,#1294,.F.);
#1724=ORIENTED_EDGE('',*,*,#1336,.F.);
#1725=ORIENTED_EDGE('',*,*,#1337,.F.);
#1726=ORIENTED_EDGE('',*,*,#1338,.T.);
#1727=ORIENTED_EDGE('',*,*,#1339,.T.);
#1728=ORIENTED_EDGE('',*,*,#1297,.T.);
#1729=ORIENTED_EDGE('',*,*,#1340,.T.);
#1730=ORIENTED_EDGE('',*,*,#1339,.F.);
#1731=ORIENTED_EDGE('',*,*,#1341,.F.);
#1732=ORIENTED_EDGE('',*,*,#1342,.F.);
#1733=ORIENTED_EDGE('',*,*,#1298,.F.);
#1734=ORIENTED_EDGE('',*,*,#1343,.T.);
#1735=ORIENTED_EDGE('',*,*,#1344,.T.);
#1736=ORIENTED_EDGE('',*,*,#1345,.T.);
#1737=ORIENTED_EDGE('',*,*,#1346,.F.);
#1738=ORIENTED_EDGE('',*,*,#1344,.F.);
#1739=ORIENTED_EDGE('',*,*,#1347,.F.);
#1740=ORIENTED_EDGE('',*,*,#1348,.F.);
#1741=ORIENTED_EDGE('',*,*,#1349,.F.);
#1742=ORIENTED_EDGE('',*,*,#1343,.F.);
#1743=ORIENTED_EDGE('',*,*,#1350,.T.);
#1744=ORIENTED_EDGE('',*,*,#1351,.F.);
#1745=ORIENTED_EDGE('',*,*,#1352,.T.);
#1746=ORIENTED_EDGE('',*,*,#1353,.F.);
#1747=ORIENTED_EDGE('',*,*,#1354,.T.);
#1748=ORIENTED_EDGE('',*,*,#1355,.F.);
#1749=ORIENTED_EDGE('',*,*,#1356,.T.);
#1750=ORIENTED_EDGE('',*,*,#1357,.F.);
#1751=ORIENTED_EDGE('',*,*,#1358,.T.);
#1752=ORIENTED_EDGE('',*,*,#1359,.F.);
#1753=ORIENTED_EDGE('',*,*,#1360,.T.);
#1754=ORIENTED_EDGE('',*,*,#1361,.T.);
#1755=ORIENTED_EDGE('',*,*,#1362,.T.);
#1756=ORIENTED_EDGE('',*,*,#1363,.T.);
#1757=ORIENTED_EDGE('',*,*,#1364,.T.);
#1758=ORIENTED_EDGE('',*,*,#1365,.F.);
#1759=ORIENTED_EDGE('',*,*,#1366,.T.);
#1760=ORIENTED_EDGE('',*,*,#1367,.F.);
#1761=ORIENTED_EDGE('',*,*,#1368,.T.);
#1762=ORIENTED_EDGE('',*,*,#1369,.F.);
#1763=ORIENTED_EDGE('',*,*,#1370,.T.);
#1764=ORIENTED_EDGE('',*,*,#1371,.F.);
#1765=ORIENTED_EDGE('',*,*,#1347,.T.);
#1766=ORIENTED_EDGE('',*,*,#1372,.T.);
#1767=ORIENTED_EDGE('',*,*,#1373,.T.);
#1768=ORIENTED_EDGE('',*,*,#1374,.T.);
#1769=ORIENTED_EDGE('',*,*,#1375,.T.);
#1770=ORIENTED_EDGE('',*,*,#1376,.T.);
#1771=ORIENTED_EDGE('',*,*,#1377,.T.);
#1772=ORIENTED_EDGE('',*,*,#1378,.T.);
#1773=ORIENTED_EDGE('',*,*,#1351,.T.);
#1774=ORIENTED_EDGE('',*,*,#1379,.T.);
#1775=ORIENTED_EDGE('',*,*,#1380,.T.);
#1776=ORIENTED_EDGE('',*,*,#1381,.T.);
#1777=ORIENTED_EDGE('',*,*,#1382,.T.);
#1778=ORIENTED_EDGE('',*,*,#1383,.T.);
#1779=ORIENTED_EDGE('',*,*,#1383,.F.);
#1780=ORIENTED_EDGE('',*,*,#1384,.F.);
#1781=ORIENTED_EDGE('',*,*,#1385,.T.);
#1782=ORIENTED_EDGE('',*,*,#1386,.F.);
#1783=ORIENTED_EDGE('',*,*,#1382,.F.);
#1784=ORIENTED_EDGE('',*,*,#1387,.T.);
#1785=ORIENTED_EDGE('',*,*,#1388,.F.);
#1786=ORIENTED_EDGE('',*,*,#1389,.F.);
#1787=ORIENTED_EDGE('',*,*,#1390,.T.);
#1788=ORIENTED_EDGE('',*,*,#1384,.T.);
#1789=ORIENTED_EDGE('',*,*,#1391,.T.);
#1790=ORIENTED_EDGE('',*,*,#1392,.T.);
#1791=ORIENTED_EDGE('',*,*,#1388,.T.);
#1792=ORIENTED_EDGE('',*,*,#1393,.T.);
#1793=ORIENTED_EDGE('',*,*,#1392,.F.);
#1794=ORIENTED_EDGE('',*,*,#1394,.F.);
#1795=ORIENTED_EDGE('',*,*,#1395,.T.);
#1796=ORIENTED_EDGE('',*,*,#1389,.T.);
#1797=ORIENTED_EDGE('',*,*,#1396,.T.);
#1798=ORIENTED_EDGE('',*,*,#1397,.T.);
#1799=ORIENTED_EDGE('',*,*,#1398,.T.);
#1800=ORIENTED_EDGE('',*,*,#1399,.T.);
#1801=ORIENTED_EDGE('',*,*,#1399,.F.);
#1802=ORIENTED_EDGE('',*,*,#1400,.F.);
#1803=ORIENTED_EDGE('',*,*,#1401,.T.);
#1804=ORIENTED_EDGE('',*,*,#1402,.F.);
#1805=ORIENTED_EDGE('',*,*,#1398,.F.);
#1806=ORIENTED_EDGE('',*,*,#1403,.T.);
#1807=ORIENTED_EDGE('',*,*,#1404,.F.);
#1808=ORIENTED_EDGE('',*,*,#1405,.F.);
#1809=ORIENTED_EDGE('',*,*,#1406,.T.);
#1810=ORIENTED_EDGE('',*,*,#1400,.T.);
#1811=ORIENTED_EDGE('',*,*,#1407,.T.);
#1812=ORIENTED_EDGE('',*,*,#1408,.T.);
#1813=ORIENTED_EDGE('',*,*,#1404,.T.);
#1814=ORIENTED_EDGE('',*,*,#1409,.T.);
#1815=ORIENTED_EDGE('',*,*,#1408,.F.);
#1816=ORIENTED_EDGE('',*,*,#1410,.F.);
#1817=ORIENTED_EDGE('',*,*,#1411,.T.);
#1818=ORIENTED_EDGE('',*,*,#1405,.T.);
#1819=ORIENTED_EDGE('',*,*,#1372,.F.);
#1820=ORIENTED_EDGE('',*,*,#1412,.T.);
#1821=ORIENTED_EDGE('',*,*,#1413,.F.);
#1822=ORIENTED_EDGE('',*,*,#1412,.F.);
#1823=ORIENTED_EDGE('',*,*,#1373,.F.);
#1824=ORIENTED_EDGE('',*,*,#1414,.T.);
#1825=ORIENTED_EDGE('',*,*,#1415,.F.);
#1826=ORIENTED_EDGE('',*,*,#1414,.F.);
#1827=ORIENTED_EDGE('',*,*,#1299,.T.);
#1828=ORIENTED_EDGE('',*,*,#1342,.T.);
#1829=ORIENTED_EDGE('',*,*,#1416,.T.);
#1830=ORIENTED_EDGE('',*,*,#1417,.T.);
#1831=ORIENTED_EDGE('',*,*,#1371,.T.);
#1832=ORIENTED_EDGE('',*,*,#1418,.T.);
#1833=ORIENTED_EDGE('',*,*,#1419,.T.);
#1834=ORIENTED_EDGE('',*,*,#1348,.T.);
#1835=ORIENTED_EDGE('',*,*,#1418,.F.);
#1836=ORIENTED_EDGE('',*,*,#1370,.F.);
#1837=ORIENTED_EDGE('',*,*,#1420,.F.);
#1838=ORIENTED_EDGE('',*,*,#1421,.F.);
#1839=ORIENTED_EDGE('',*,*,#1353,.T.);
#1840=ORIENTED_EDGE('',*,*,#1422,.T.);
#1841=ORIENTED_EDGE('',*,*,#1423,.T.);
#1842=ORIENTED_EDGE('',*,*,#1424,.T.);
#1843=ORIENTED_EDGE('',*,*,#1378,.F.);
#1844=ORIENTED_EDGE('',*,*,#1425,.F.);
#1845=ORIENTED_EDGE('',*,*,#1422,.F.);
#1846=ORIENTED_EDGE('',*,*,#1352,.F.);
#1847=ORIENTED_EDGE('',*,*,#1293,.T.);
#1848=ORIENTED_EDGE('',*,*,#1426,.T.);
#1849=ORIENTED_EDGE('',*,*,#1427,.T.);
#1850=ORIENTED_EDGE('',*,*,#1336,.T.);
#1851=ORIENTED_EDGE('',*,*,#1426,.F.);
#1852=ORIENTED_EDGE('',*,*,#1292,.F.);
#1853=ORIENTED_EDGE('',*,*,#1428,.F.);
#1854=ORIENTED_EDGE('',*,*,#1429,.F.);
#1855=ORIENTED_EDGE('',*,*,#1305,.T.);
#1856=ORIENTED_EDGE('',*,*,#1430,.T.);
#1857=ORIENTED_EDGE('',*,*,#1431,.T.);
#1858=ORIENTED_EDGE('',*,*,#1432,.T.);
#1859=ORIENTED_EDGE('',*,*,#1430,.F.);
#1860=ORIENTED_EDGE('',*,*,#1304,.F.);
#1861=ORIENTED_EDGE('',*,*,#1433,.F.);
#1862=ORIENTED_EDGE('',*,*,#1434,.F.);
#1863=ORIENTED_EDGE('',*,*,#1287,.T.);
#1864=ORIENTED_EDGE('',*,*,#1435,.T.);
#1865=ORIENTED_EDGE('',*,*,#1436,.T.);
#1866=ORIENTED_EDGE('',*,*,#1437,.T.);
#1867=ORIENTED_EDGE('',*,*,#1435,.F.);
#1868=ORIENTED_EDGE('',*,*,#1286,.F.);
#1869=ORIENTED_EDGE('',*,*,#1438,.F.);
#1870=ORIENTED_EDGE('',*,*,#1439,.F.);
#1871=ORIENTED_EDGE('',*,*,#1303,.T.);
#1872=ORIENTED_EDGE('',*,*,#1440,.T.);
#1873=ORIENTED_EDGE('',*,*,#1441,.T.);
#1874=ORIENTED_EDGE('',*,*,#1433,.T.);
#1875=ORIENTED_EDGE('',*,*,#1440,.F.);
#1876=ORIENTED_EDGE('',*,*,#1302,.F.);
#1877=ORIENTED_EDGE('',*,*,#1442,.F.);
#1878=ORIENTED_EDGE('',*,*,#1443,.F.);
#1879=ORIENTED_EDGE('',*,*,#1301,.T.);
#1880=ORIENTED_EDGE('',*,*,#1444,.T.);
#1881=ORIENTED_EDGE('',*,*,#1445,.T.);
#1882=ORIENTED_EDGE('',*,*,#1442,.T.);
#1883=ORIENTED_EDGE('',*,*,#1417,.F.);
#1884=ORIENTED_EDGE('',*,*,#1446,.F.);
#1885=ORIENTED_EDGE('',*,*,#1444,.F.);
#1886=ORIENTED_EDGE('',*,*,#1300,.F.);
#1887=ORIENTED_EDGE('',*,*,#1289,.T.);
#1888=ORIENTED_EDGE('',*,*,#1447,.T.);
#1889=ORIENTED_EDGE('',*,*,#1448,.T.);
#1890=ORIENTED_EDGE('',*,*,#1449,.T.);
#1891=ORIENTED_EDGE('',*,*,#1437,.F.);
#1892=ORIENTED_EDGE('',*,*,#1450,.F.);
#1893=ORIENTED_EDGE('',*,*,#1447,.F.);
#1894=ORIENTED_EDGE('',*,*,#1288,.F.);
#1895=ORIENTED_EDGE('',*,*,#1291,.T.);
#1896=ORIENTED_EDGE('',*,*,#1451,.T.);
#1897=ORIENTED_EDGE('',*,*,#1452,.T.);
#1898=ORIENTED_EDGE('',*,*,#1428,.T.);
#1899=ORIENTED_EDGE('',*,*,#1357,.T.);
#1900=ORIENTED_EDGE('',*,*,#1453,.T.);
#1901=ORIENTED_EDGE('',*,*,#1454,.T.);
#1902=ORIENTED_EDGE('',*,*,#1455,.T.);
#1903=ORIENTED_EDGE('',*,*,#1453,.F.);
#1904=ORIENTED_EDGE('',*,*,#1356,.F.);
#1905=ORIENTED_EDGE('',*,*,#1456,.F.);
#1906=ORIENTED_EDGE('',*,*,#1457,.F.);
#1907=ORIENTED_EDGE('',*,*,#1355,.T.);
#1908=ORIENTED_EDGE('',*,*,#1458,.T.);
#1909=ORIENTED_EDGE('',*,*,#1459,.T.);
#1910=ORIENTED_EDGE('',*,*,#1456,.T.);
#1911=ORIENTED_EDGE('',*,*,#1424,.F.);
#1912=ORIENTED_EDGE('',*,*,#1460,.F.);
#1913=ORIENTED_EDGE('',*,*,#1458,.F.);
#1914=ORIENTED_EDGE('',*,*,#1354,.F.);
#1915=ORIENTED_EDGE('',*,*,#1367,.T.);
#1916=ORIENTED_EDGE('',*,*,#1461,.T.);
#1917=ORIENTED_EDGE('',*,*,#1462,.T.);
#1918=ORIENTED_EDGE('',*,*,#1463,.T.);
#1919=ORIENTED_EDGE('',*,*,#1463,.F.);
#1920=ORIENTED_EDGE('',*,*,#1464,.F.);
#1921=ORIENTED_EDGE('',*,*,#1465,.F.);
#1922=ORIENTED_EDGE('',*,*,#1368,.F.);
#1923=ORIENTED_EDGE('',*,*,#1369,.T.);
#1924=ORIENTED_EDGE('',*,*,#1465,.T.);
#1925=ORIENTED_EDGE('',*,*,#1466,.T.);
#1926=ORIENTED_EDGE('',*,*,#1420,.T.);
#1927=ORIENTED_EDGE('',*,*,#1365,.T.);
#1928=ORIENTED_EDGE('',*,*,#1467,.T.);
#1929=ORIENTED_EDGE('',*,*,#1468,.T.);
#1930=ORIENTED_EDGE('',*,*,#1469,.T.);
#1931=ORIENTED_EDGE('',*,*,#1467,.F.);
#1932=ORIENTED_EDGE('',*,*,#1364,.F.);
#1933=ORIENTED_EDGE('',*,*,#1470,.F.);
#1934=ORIENTED_EDGE('',*,*,#1471,.F.);
#1935=ORIENTED_EDGE('',*,*,#1359,.T.);
#1936=ORIENTED_EDGE('',*,*,#1472,.T.);
#1937=ORIENTED_EDGE('',*,*,#1473,.T.);
#1938=ORIENTED_EDGE('',*,*,#1474,.T.);
#1939=ORIENTED_EDGE('',*,*,#1474,.F.);
#1940=ORIENTED_EDGE('',*,*,#1475,.F.);
#1941=ORIENTED_EDGE('',*,*,#1476,.T.);
#1942=ORIENTED_EDGE('',*,*,#1360,.F.);
#1943=ORIENTED_EDGE('',*,*,#1477,.F.);
#1944=ORIENTED_EDGE('',*,*,#1478,.T.);
#1945=ORIENTED_EDGE('',*,*,#1479,.F.);
#1946=ORIENTED_EDGE('',*,*,#1478,.F.);
#1947=ORIENTED_EDGE('',*,*,#1480,.F.);
#1948=ORIENTED_EDGE('',*,*,#1481,.T.);
#1949=ORIENTED_EDGE('',*,*,#1482,.F.);
#1950=ORIENTED_EDGE('',*,*,#1481,.F.);
#1951=ORIENTED_EDGE('',*,*,#1483,.F.);
#1952=ORIENTED_EDGE('',*,*,#1484,.T.);
#1953=ORIENTED_EDGE('',*,*,#1485,.F.);
#1954=ORIENTED_EDGE('',*,*,#1484,.F.);
#1955=ORIENTED_EDGE('',*,*,#1486,.F.);
#1956=ORIENTED_EDGE('',*,*,#1487,.T.);
#1957=ORIENTED_EDGE('',*,*,#1488,.F.);
#1958=ORIENTED_EDGE('',*,*,#1487,.F.);
#1959=ORIENTED_EDGE('',*,*,#1489,.F.);
#1960=ORIENTED_EDGE('',*,*,#1490,.T.);
#1961=ORIENTED_EDGE('',*,*,#1491,.F.);
#1962=ORIENTED_EDGE('',*,*,#1490,.F.);
#1963=ORIENTED_EDGE('',*,*,#1492,.F.);
#1964=ORIENTED_EDGE('',*,*,#1493,.T.);
#1965=ORIENTED_EDGE('',*,*,#1494,.F.);
#1966=ORIENTED_EDGE('',*,*,#1493,.F.);
#1967=ORIENTED_EDGE('',*,*,#1324,.F.);
#1968=ORIENTED_EDGE('',*,*,#1495,.F.);
#1969=ORIENTED_EDGE('',*,*,#1496,.F.);
#1970=ORIENTED_EDGE('',*,*,#1497,.T.);
#1971=ORIENTED_EDGE('',*,*,#1325,.F.);
#1972=ORIENTED_EDGE('',*,*,#1497,.F.);
#1973=ORIENTED_EDGE('',*,*,#1498,.F.);
#1974=ORIENTED_EDGE('',*,*,#1499,.T.);
#1975=ORIENTED_EDGE('',*,*,#1326,.F.);
#1976=ORIENTED_EDGE('',*,*,#1499,.F.);
#1977=ORIENTED_EDGE('',*,*,#1500,.F.);
#1978=ORIENTED_EDGE('',*,*,#1501,.T.);
#1979=ORIENTED_EDGE('',*,*,#1327,.F.);
#1980=ORIENTED_EDGE('',*,*,#1501,.F.);
#1981=ORIENTED_EDGE('',*,*,#1502,.F.);
#1982=ORIENTED_EDGE('',*,*,#1495,.T.);
#1983=ORIENTED_EDGE('',*,*,#1320,.F.);
#1984=ORIENTED_EDGE('',*,*,#1503,.F.);
#1985=ORIENTED_EDGE('',*,*,#1504,.F.);
#1986=ORIENTED_EDGE('',*,*,#1505,.T.);
#1987=ORIENTED_EDGE('',*,*,#1321,.F.);
#1988=ORIENTED_EDGE('',*,*,#1505,.F.);
#1989=ORIENTED_EDGE('',*,*,#1506,.F.);
#1990=ORIENTED_EDGE('',*,*,#1507,.T.);
#1991=ORIENTED_EDGE('',*,*,#1322,.F.);
#1992=ORIENTED_EDGE('',*,*,#1507,.F.);
#1993=ORIENTED_EDGE('',*,*,#1508,.F.);
#1994=ORIENTED_EDGE('',*,*,#1509,.T.);
#1995=ORIENTED_EDGE('',*,*,#1323,.F.);
#1996=ORIENTED_EDGE('',*,*,#1509,.F.);
#1997=ORIENTED_EDGE('',*,*,#1510,.F.);
#1998=ORIENTED_EDGE('',*,*,#1503,.T.);
#1999=ORIENTED_EDGE('',*,*,#1316,.F.);
#2000=ORIENTED_EDGE('',*,*,#1511,.F.);
#2001=ORIENTED_EDGE('',*,*,#1512,.F.);
#2002=ORIENTED_EDGE('',*,*,#1513,.T.);
#2003=ORIENTED_EDGE('',*,*,#1317,.F.);
#2004=ORIENTED_EDGE('',*,*,#1513,.F.);
#2005=ORIENTED_EDGE('',*,*,#1514,.F.);
#2006=ORIENTED_EDGE('',*,*,#1515,.T.);
#2007=ORIENTED_EDGE('',*,*,#1318,.F.);
#2008=ORIENTED_EDGE('',*,*,#1515,.F.);
#2009=ORIENTED_EDGE('',*,*,#1516,.F.);
#2010=ORIENTED_EDGE('',*,*,#1517,.T.);
#2011=ORIENTED_EDGE('',*,*,#1319,.F.);
#2012=ORIENTED_EDGE('',*,*,#1517,.F.);
#2013=ORIENTED_EDGE('',*,*,#1518,.F.);
#2014=ORIENTED_EDGE('',*,*,#1511,.T.);
#2015=ORIENTED_EDGE('',*,*,#1519,.F.);
#2016=ORIENTED_EDGE('',*,*,#1520,.T.);
#2017=ORIENTED_EDGE('',*,*,#1315,.F.);
#2018=ORIENTED_EDGE('',*,*,#1520,.F.);
#2019=ORIENTED_EDGE('',*,*,#1521,.F.);
#2020=ORIENTED_EDGE('',*,*,#1522,.T.);
#2021=ORIENTED_EDGE('',*,*,#1314,.F.);
#2022=ORIENTED_EDGE('',*,*,#1522,.F.);
#2023=ORIENTED_EDGE('',*,*,#1432,.F.);
#2024=ORIENTED_EDGE('',*,*,#1523,.F.);
#2025=ORIENTED_EDGE('',*,*,#1524,.T.);
#2026=ORIENTED_EDGE('',*,*,#1306,.F.);
#2027=ORIENTED_EDGE('',*,*,#1307,.F.);
#2028=ORIENTED_EDGE('',*,*,#1524,.F.);
#2029=ORIENTED_EDGE('',*,*,#1525,.F.);
#2030=ORIENTED_EDGE('',*,*,#1331,.T.);
#2031=ORIENTED_EDGE('',*,*,#1330,.F.);
#2032=ORIENTED_EDGE('',*,*,#1526,.F.);
#2033=ORIENTED_EDGE('',*,*,#1527,.T.);
#2034=ORIENTED_EDGE('',*,*,#1310,.F.);
#2035=ORIENTED_EDGE('',*,*,#1311,.F.);
#2036=ORIENTED_EDGE('',*,*,#1527,.F.);
#2037=ORIENTED_EDGE('',*,*,#1528,.F.);
#2038=ORIENTED_EDGE('',*,*,#1282,.T.);
#2039=ORIENTED_EDGE('',*,*,#1280,.F.);
#2040=ORIENTED_EDGE('',*,*,#1529,.F.);
#2041=ORIENTED_EDGE('',*,*,#1530,.T.);
#2042=ORIENTED_EDGE('',*,*,#1284,.F.);
#2043=ORIENTED_EDGE('',*,*,#1285,.F.);
#2044=ORIENTED_EDGE('',*,*,#1530,.F.);
#2045=ORIENTED_EDGE('',*,*,#1531,.F.);
#2046=ORIENTED_EDGE('',*,*,#1438,.T.);
#2047=ORIENTED_EDGE('',*,*,#1449,.F.);
#2048=ORIENTED_EDGE('',*,*,#1532,.F.);
#2049=ORIENTED_EDGE('',*,*,#1451,.F.);
#2050=ORIENTED_EDGE('',*,*,#1290,.F.);
#2051=ORIENTED_EDGE('',*,*,#1533,.F.);
#2052=ORIENTED_EDGE('',*,*,#1534,.T.);
#2053=ORIENTED_EDGE('',*,*,#1313,.F.);
#2054=ORIENTED_EDGE('',*,*,#1534,.F.);
#2055=ORIENTED_EDGE('',*,*,#1535,.F.);
#2056=ORIENTED_EDGE('',*,*,#1536,.T.);
#2057=ORIENTED_EDGE('',*,*,#1312,.F.);
#2058=ORIENTED_EDGE('',*,*,#1536,.F.);
#2059=ORIENTED_EDGE('',*,*,#1537,.F.);
#2060=ORIENTED_EDGE('',*,*,#1538,.T.);
#2061=ORIENTED_EDGE('',*,*,#1539,.F.);
#2062=ORIENTED_EDGE('',*,*,#1540,.T.);
#2063=ORIENTED_EDGE('',*,*,#1385,.F.);
#2064=ORIENTED_EDGE('',*,*,#1541,.F.);
#2065=ORIENTED_EDGE('',*,*,#1542,.F.);
#2066=ORIENTED_EDGE('',*,*,#1538,.F.);
#2067=ORIENTED_EDGE('',*,*,#1395,.F.);
#2068=ORIENTED_EDGE('',*,*,#1540,.F.);
#2069=ORIENTED_EDGE('',*,*,#1543,.F.);
#2070=ORIENTED_EDGE('',*,*,#1544,.T.);
#2071=ORIENTED_EDGE('',*,*,#1381,.F.);
#2072=ORIENTED_EDGE('',*,*,#1545,.F.);
#2073=ORIENTED_EDGE('',*,*,#1393,.F.);
#2074=ORIENTED_EDGE('',*,*,#1387,.F.);
#2075=ORIENTED_EDGE('',*,*,#1390,.F.);
#2076=ORIENTED_EDGE('',*,*,#1544,.F.);
#2077=ORIENTED_EDGE('',*,*,#1546,.F.);
#2078=ORIENTED_EDGE('',*,*,#1541,.T.);
#2079=ORIENTED_EDGE('',*,*,#1380,.F.);
#2080=ORIENTED_EDGE('',*,*,#1386,.T.);
#2081=ORIENTED_EDGE('',*,*,#1537,.T.);
#2082=ORIENTED_EDGE('',*,*,#1394,.T.);
#2083=ORIENTED_EDGE('',*,*,#1391,.F.);
#2084=ORIENTED_EDGE('',*,*,#1545,.T.);
#2085=ORIENTED_EDGE('',*,*,#1547,.F.);
#2086=ORIENTED_EDGE('',*,*,#1548,.T.);
#2087=ORIENTED_EDGE('',*,*,#1549,.F.);
#2088=ORIENTED_EDGE('',*,*,#1550,.T.);
#2089=ORIENTED_EDGE('',*,*,#1401,.F.);
#2090=ORIENTED_EDGE('',*,*,#1551,.F.);
#2091=ORIENTED_EDGE('',*,*,#1552,.F.);
#2092=ORIENTED_EDGE('',*,*,#1548,.F.);
#2093=ORIENTED_EDGE('',*,*,#1411,.F.);
#2094=ORIENTED_EDGE('',*,*,#1550,.F.);
#2095=ORIENTED_EDGE('',*,*,#1553,.F.);
#2096=ORIENTED_EDGE('',*,*,#1554,.T.);
#2097=ORIENTED_EDGE('',*,*,#1397,.F.);
#2098=ORIENTED_EDGE('',*,*,#1555,.F.);
#2099=ORIENTED_EDGE('',*,*,#1409,.F.);
#2100=ORIENTED_EDGE('',*,*,#1403,.F.);
#2101=ORIENTED_EDGE('',*,*,#1406,.F.);
#2102=ORIENTED_EDGE('',*,*,#1554,.F.);
#2103=ORIENTED_EDGE('',*,*,#1556,.F.);
#2104=ORIENTED_EDGE('',*,*,#1551,.T.);
#2105=ORIENTED_EDGE('',*,*,#1396,.F.);
#2106=ORIENTED_EDGE('',*,*,#1402,.T.);
#2107=ORIENTED_EDGE('',*,*,#1547,.T.);
#2108=ORIENTED_EDGE('',*,*,#1410,.T.);
#2109=ORIENTED_EDGE('',*,*,#1407,.F.);
#2110=ORIENTED_EDGE('',*,*,#1555,.T.);
#2111=ORIENTED_EDGE('',*,*,#1543,.T.);
#2112=ORIENTED_EDGE('',*,*,#1557,.F.);
#2113=ORIENTED_EDGE('',*,*,#1558,.F.);
#2114=ORIENTED_EDGE('',*,*,#1346,.T.);
#2115=ORIENTED_EDGE('',*,*,#1559,.F.);
#2116=ORIENTED_EDGE('',*,*,#1560,.F.);
#2117=ORIENTED_EDGE('',*,*,#1553,.T.);
#2118=ORIENTED_EDGE('',*,*,#1561,.F.);
#2119=ORIENTED_EDGE('',*,*,#1562,.F.);
#2120=ORIENTED_EDGE('',*,*,#1335,.T.);
#2121=ORIENTED_EDGE('',*,*,#1563,.F.);
#2122=ORIENTED_EDGE('',*,*,#1564,.F.);
#2123=ORIENTED_EDGE('',*,*,#1558,.T.);
#2124=ORIENTED_EDGE('',*,*,#1565,.F.);
#2125=ORIENTED_EDGE('',*,*,#1566,.T.);
#2126=ORIENTED_EDGE('',*,*,#1350,.F.);
#2127=ORIENTED_EDGE('',*,*,#1567,.T.);
#2128=ORIENTED_EDGE('',*,*,#1296,.F.);
#2129=ORIENTED_EDGE('',*,*,#1562,.T.);
#2130=ORIENTED_EDGE('',*,*,#1568,.F.);
#2131=ORIENTED_EDGE('',*,*,#1559,.T.);
#2132=ORIENTED_EDGE('',*,*,#1569,.F.);
#2133=ORIENTED_EDGE('',*,*,#1570,.T.);
#2134=ORIENTED_EDGE('',*,*,#1571,.F.);
#2135=ORIENTED_EDGE('',*,*,#1542,.T.);
#2136=ORIENTED_EDGE('',*,*,#1572,.F.);
#2137=ORIENTED_EDGE('',*,*,#1573,.F.);
#2138=ORIENTED_EDGE('',*,*,#1340,.F.);
#2139=ORIENTED_EDGE('',*,*,#1567,.F.);
#2140=ORIENTED_EDGE('',*,*,#1574,.F.);
#2141=ORIENTED_EDGE('',*,*,#1572,.T.);
#2142=ORIENTED_EDGE('',*,*,#1546,.T.);
#2143=ORIENTED_EDGE('',*,*,#1560,.T.);
#2144=ORIENTED_EDGE('',*,*,#1571,.T.);
#2145=ORIENTED_EDGE('',*,*,#1575,.T.);
#2146=ORIENTED_EDGE('',*,*,#1556,.T.);
#2147=ORIENTED_EDGE('',*,*,#1564,.T.);
#2148=ORIENTED_EDGE('',*,*,#1576,.T.);
#2149=ORIENTED_EDGE('',*,*,#1477,.T.);
#2150=ORIENTED_EDGE('',*,*,#1480,.T.);
#2151=ORIENTED_EDGE('',*,*,#1483,.T.);
#2152=ORIENTED_EDGE('',*,*,#1257,.T.);
#2153=ORIENTED_EDGE('',*,*,#1253,.F.);
#2154=ORIENTED_EDGE('',*,*,#1265,.T.);
#2155=ORIENTED_EDGE('',*,*,#1260,.F.);
#2156=ORIENTED_EDGE('',*,*,#1276,.T.);
#2157=ORIENTED_EDGE('',*,*,#1272,.F.);
#2158=ORIENTED_EDGE('',*,*,#1269,.T.);
#2159=ORIENTED_EDGE('',*,*,#1266,.F.);
#2160=ORIENTED_EDGE('',*,*,#1486,.T.);
#2161=ORIENTED_EDGE('',*,*,#1489,.T.);
#2162=ORIENTED_EDGE('',*,*,#1492,.T.);
#2163=ORIENTED_EDGE('',*,*,#1233,.T.);
#2164=ORIENTED_EDGE('',*,*,#1229,.F.);
#2165=ORIENTED_EDGE('',*,*,#1241,.T.);
#2166=ORIENTED_EDGE('',*,*,#1236,.F.);
#2167=ORIENTED_EDGE('',*,*,#1252,.T.);
#2168=ORIENTED_EDGE('',*,*,#1248,.F.);
#2169=ORIENTED_EDGE('',*,*,#1245,.T.);
#2170=ORIENTED_EDGE('',*,*,#1242,.F.);
#2171=ORIENTED_EDGE('',*,*,#1552,.T.);
#2172=ORIENTED_EDGE('',*,*,#1575,.F.);
#2173=ORIENTED_EDGE('',*,*,#1570,.F.);
#2174=ORIENTED_EDGE('',*,*,#1379,.F.);
#2175=ORIENTED_EDGE('',*,*,#1566,.F.);
#2176=ORIENTED_EDGE('',*,*,#1577,.F.);
#2177=ORIENTED_EDGE('',*,*,#1578,.F.);
#2178=ORIENTED_EDGE('',*,*,#1579,.T.);
#2179=ORIENTED_EDGE('',*,*,#1376,.F.);
#2180=ORIENTED_EDGE('',*,*,#1579,.F.);
#2181=ORIENTED_EDGE('',*,*,#1580,.F.);
#2182=ORIENTED_EDGE('',*,*,#1581,.T.);
#2183=ORIENTED_EDGE('',*,*,#1375,.F.);
#2184=ORIENTED_EDGE('',*,*,#1581,.F.);
#2185=ORIENTED_EDGE('',*,*,#1582,.F.);
#2186=ORIENTED_EDGE('',*,*,#1583,.T.);
#2187=ORIENTED_EDGE('',*,*,#1374,.F.);
#2188=ORIENTED_EDGE('',*,*,#1583,.F.);
#2189=ORIENTED_EDGE('',*,*,#1455,.F.);
#2190=ORIENTED_EDGE('',*,*,#1584,.F.);
#2191=ORIENTED_EDGE('',*,*,#1472,.F.);
#2192=ORIENTED_EDGE('',*,*,#1358,.F.);
#2193=ORIENTED_EDGE('',*,*,#1361,.F.);
#2194=ORIENTED_EDGE('',*,*,#1476,.F.);
#2195=ORIENTED_EDGE('',*,*,#1585,.F.);
#2196=ORIENTED_EDGE('',*,*,#1586,.T.);
#2197=ORIENTED_EDGE('',*,*,#1362,.F.);
#2198=ORIENTED_EDGE('',*,*,#1586,.F.);
#2199=ORIENTED_EDGE('',*,*,#1587,.F.);
#2200=ORIENTED_EDGE('',*,*,#1588,.T.);
#2201=ORIENTED_EDGE('',*,*,#1363,.F.);
#2202=ORIENTED_EDGE('',*,*,#1588,.F.);
#2203=ORIENTED_EDGE('',*,*,#1589,.F.);
#2204=ORIENTED_EDGE('',*,*,#1470,.T.);
#2205=ORIENTED_EDGE('',*,*,#1461,.F.);
#2206=ORIENTED_EDGE('',*,*,#1366,.F.);
#2207=ORIENTED_EDGE('',*,*,#1469,.F.);
#2208=ORIENTED_EDGE('',*,*,#1590,.F.);
#2209=ORIENTED_EDGE('',*,*,#1345,.F.);
#2210=ORIENTED_EDGE('',*,*,#1349,.T.);
#2211=ORIENTED_EDGE('',*,*,#1419,.F.);
#2212=ORIENTED_EDGE('',*,*,#1421,.T.);
#2213=ORIENTED_EDGE('',*,*,#1466,.F.);
#2214=ORIENTED_EDGE('',*,*,#1464,.T.);
#2215=ORIENTED_EDGE('',*,*,#1462,.F.);
#2216=ORIENTED_EDGE('',*,*,#1590,.T.);
#2217=ORIENTED_EDGE('',*,*,#1468,.F.);
#2218=ORIENTED_EDGE('',*,*,#1471,.T.);
#2219=ORIENTED_EDGE('',*,*,#1589,.T.);
#2220=ORIENTED_EDGE('',*,*,#1587,.T.);
#2221=ORIENTED_EDGE('',*,*,#1585,.T.);
#2222=ORIENTED_EDGE('',*,*,#1475,.T.);
#2223=ORIENTED_EDGE('',*,*,#1473,.F.);
#2224=ORIENTED_EDGE('',*,*,#1584,.T.);
#2225=ORIENTED_EDGE('',*,*,#1454,.F.);
#2226=ORIENTED_EDGE('',*,*,#1457,.T.);
#2227=ORIENTED_EDGE('',*,*,#1459,.F.);
#2228=ORIENTED_EDGE('',*,*,#1460,.T.);
#2229=ORIENTED_EDGE('',*,*,#1423,.F.);
#2230=ORIENTED_EDGE('',*,*,#1425,.T.);
#2231=ORIENTED_EDGE('',*,*,#1377,.F.);
#2232=ORIENTED_EDGE('',*,*,#1569,.T.);
#2233=ORIENTED_EDGE('',*,*,#1413,.T.);
#2234=ORIENTED_EDGE('',*,*,#1415,.T.);
#2235=ORIENTED_EDGE('',*,*,#1578,.T.);
#2236=ORIENTED_EDGE('',*,*,#1580,.T.);
#2237=ORIENTED_EDGE('',*,*,#1582,.T.);
#2238=ORIENTED_EDGE('',*,*,#1279,.F.);
#2239=ORIENTED_EDGE('',*,*,#1283,.T.);
#2240=ORIENTED_EDGE('',*,*,#1528,.T.);
#2241=ORIENTED_EDGE('',*,*,#1526,.T.);
#2242=ORIENTED_EDGE('',*,*,#1329,.F.);
#2243=ORIENTED_EDGE('',*,*,#1332,.T.);
#2244=ORIENTED_EDGE('',*,*,#1525,.T.);
#2245=ORIENTED_EDGE('',*,*,#1523,.T.);
#2246=ORIENTED_EDGE('',*,*,#1431,.F.);
#2247=ORIENTED_EDGE('',*,*,#1434,.T.);
#2248=ORIENTED_EDGE('',*,*,#1441,.F.);
#2249=ORIENTED_EDGE('',*,*,#1443,.T.);
#2250=ORIENTED_EDGE('',*,*,#1445,.F.);
#2251=ORIENTED_EDGE('',*,*,#1446,.T.);
#2252=ORIENTED_EDGE('',*,*,#1416,.F.);
#2253=ORIENTED_EDGE('',*,*,#1341,.T.);
#2254=ORIENTED_EDGE('',*,*,#1338,.F.);
#2255=ORIENTED_EDGE('',*,*,#1591,.T.);
#2256=ORIENTED_EDGE('',*,*,#1334,.F.);
#2257=ORIENTED_EDGE('',*,*,#1337,.T.);
#2258=ORIENTED_EDGE('',*,*,#1427,.F.);
#2259=ORIENTED_EDGE('',*,*,#1429,.T.);
#2260=ORIENTED_EDGE('',*,*,#1452,.F.);
#2261=ORIENTED_EDGE('',*,*,#1532,.T.);
#2262=ORIENTED_EDGE('',*,*,#1448,.F.);
#2263=ORIENTED_EDGE('',*,*,#1450,.T.);
#2264=ORIENTED_EDGE('',*,*,#1436,.F.);
#2265=ORIENTED_EDGE('',*,*,#1439,.T.);
#2266=ORIENTED_EDGE('',*,*,#1531,.T.);
#2267=ORIENTED_EDGE('',*,*,#1529,.T.);
#2268=ORIENTED_EDGE('',*,*,#1496,.T.);
#2269=ORIENTED_EDGE('',*,*,#1502,.T.);
#2270=ORIENTED_EDGE('',*,*,#1500,.T.);
#2271=ORIENTED_EDGE('',*,*,#1498,.T.);
#2272=ORIENTED_EDGE('',*,*,#1504,.T.);
#2273=ORIENTED_EDGE('',*,*,#1510,.T.);
#2274=ORIENTED_EDGE('',*,*,#1508,.T.);
#2275=ORIENTED_EDGE('',*,*,#1506,.T.);
#2276=ORIENTED_EDGE('',*,*,#1512,.T.);
#2277=ORIENTED_EDGE('',*,*,#1518,.T.);
#2278=ORIENTED_EDGE('',*,*,#1516,.T.);
#2279=ORIENTED_EDGE('',*,*,#1514,.T.);
#2280=ORIENTED_EDGE('',*,*,#1519,.T.);
#2281=ORIENTED_EDGE('',*,*,#1521,.T.);
#2282=ORIENTED_EDGE('',*,*,#1533,.T.);
#2283=ORIENTED_EDGE('',*,*,#1535,.T.);
#2284=ORIENTED_EDGE('',*,*,#1573,.T.);
#2285=ORIENTED_EDGE('',*,*,#1576,.F.);
#2286=ORIENTED_EDGE('',*,*,#1563,.T.);
#2287=ORIENTED_EDGE('',*,*,#1591,.F.);
#2288=ORIENTED_EDGE('',*,*,#1557,.T.);
#2289=ORIENTED_EDGE('',*,*,#1539,.T.);
#2290=ORIENTED_EDGE('',*,*,#1574,.T.);
#2291=ORIENTED_EDGE('',*,*,#1568,.T.);
#2292=ORIENTED_EDGE('',*,*,#1561,.T.);
#2293=ORIENTED_EDGE('',*,*,#1549,.T.);
#2294=ORIENTED_EDGE('',*,*,#1577,.T.);
#2295=ORIENTED_EDGE('',*,*,#1565,.T.);
#2296=ORIENTED_EDGE('',*,*,#1479,.T.);
#2297=ORIENTED_EDGE('',*,*,#1482,.T.);
#2298=ORIENTED_EDGE('',*,*,#1485,.T.);
#2299=ORIENTED_EDGE('',*,*,#1259,.T.);
#2300=ORIENTED_EDGE('',*,*,#1268,.F.);
#2301=ORIENTED_EDGE('',*,*,#1271,.T.);
#2302=ORIENTED_EDGE('',*,*,#1274,.F.);
#2303=ORIENTED_EDGE('',*,*,#1275,.T.);
#2304=ORIENTED_EDGE('',*,*,#1262,.F.);
#2305=ORIENTED_EDGE('',*,*,#1264,.T.);
#2306=ORIENTED_EDGE('',*,*,#1255,.F.);
#2307=ORIENTED_EDGE('',*,*,#1488,.T.);
#2308=ORIENTED_EDGE('',*,*,#1491,.T.);
#2309=ORIENTED_EDGE('',*,*,#1494,.T.);
#2310=ORIENTED_EDGE('',*,*,#1235,.T.);
#2311=ORIENTED_EDGE('',*,*,#1244,.F.);
#2312=ORIENTED_EDGE('',*,*,#1247,.T.);
#2313=ORIENTED_EDGE('',*,*,#1250,.F.);
#2314=ORIENTED_EDGE('',*,*,#1251,.T.);
#2315=ORIENTED_EDGE('',*,*,#1238,.F.);
#2316=ORIENTED_EDGE('',*,*,#1240,.T.);
#2317=ORIENTED_EDGE('',*,*,#1231,.F.);
#2318=CYLINDRICAL_SURFACE('',#2524,1.);
#2319=CYLINDRICAL_SURFACE('',#2528,1.);
#2320=CYLINDRICAL_SURFACE('',#2532,1.);
#2321=CYLINDRICAL_SURFACE('',#2536,1.);
#2322=CYLINDRICAL_SURFACE('',#2540,1.);
#2323=CYLINDRICAL_SURFACE('',#2544,1.);
#2324=CYLINDRICAL_SURFACE('',#2548,1.);
#2325=CYLINDRICAL_SURFACE('',#2552,1.);
#2326=CYLINDRICAL_SURFACE('',#2556,2.5);
#2327=CYLINDRICAL_SURFACE('',#2587,2.5);
#2328=CYLINDRICAL_SURFACE('',#2590,35.);
#2329=CYLINDRICAL_SURFACE('',#2593,35.);
#2330=CYLINDRICAL_SURFACE('',#2596,35.);
#2331=CYLINDRICAL_SURFACE('',#2620,35.);
#2332=CYLINDRICAL_SURFACE('',#2622,6.);
#2333=CYLINDRICAL_SURFACE('',#2628,6.);
#2334=CYLINDRICAL_SURFACE('',#2631,6.);
#2335=CYLINDRICAL_SURFACE('',#2637,6.);
#2336=CYLINDRICAL_SURFACE('',#2640,3.);
#2337=CYLINDRICAL_SURFACE('',#2642,3.);
#2338=CYLINDRICAL_SURFACE('',#2644,1.);
#2339=CYLINDRICAL_SURFACE('',#2646,1.);
#2340=CYLINDRICAL_SURFACE('',#2649,1.);
#2341=CYLINDRICAL_SURFACE('',#2652,1.);
#2342=CYLINDRICAL_SURFACE('',#2655,1.);
#2343=CYLINDRICAL_SURFACE('',#2658,1.);
#2344=CYLINDRICAL_SURFACE('',#2661,1.);
#2345=CYLINDRICAL_SURFACE('',#2663,6.225);
#2346=CYLINDRICAL_SURFACE('',#2665,1.);
#2347=CYLINDRICAL_SURFACE('',#2668,1.);
#2348=CYLINDRICAL_SURFACE('',#2671,1.);
#2349=CYLINDRICAL_SURFACE('',#2673,1.);
#2350=CYLINDRICAL_SURFACE('',#2675,6.225);
#2351=CYLINDRICAL_SURFACE('',#2677,1.);
#2352=CYLINDRICAL_SURFACE('',#2680,1.);
#2353=CYLINDRICAL_SURFACE('',#2682,6.225);
#2354=CYLINDRICAL_SURFACE('',#2684,1.);
#2355=CYLINDRICAL_SURFACE('',#2686,1.);
#2356=CYLINDRICAL_SURFACE('',#2688,9.);
#2357=CYLINDRICAL_SURFACE('',#2690,1.);
#2358=CYLINDRICAL_SURFACE('',#2692,9.);
#2359=CYLINDRICAL_SURFACE('',#2694,1.5875);
#2360=CYLINDRICAL_SURFACE('',#2697,1.5875);
#2361=CYLINDRICAL_SURFACE('',#2700,1.5875);
#2362=CYLINDRICAL_SURFACE('',#2703,1.5875);
#2363=CYLINDRICAL_SURFACE('',#2706,1.5875);
#2364=CYLINDRICAL_SURFACE('',#2709,1.5875);
#2365=CYLINDRICAL_SURFACE('',#2712,1.6);
#2366=CYLINDRICAL_SURFACE('',#2715,3.125);
#2367=CYLINDRICAL_SURFACE('',#2718,11.25);
#2368=CYLINDRICAL_SURFACE('',#2721,11.25);
#2369=CYLINDRICAL_SURFACE('',#2725,1.6);
#2370=CYLINDRICAL_SURFACE('',#2728,3.125);
#2371=CYLINDRICAL_SURFACE('',#2730,1.6);
#2372=CYLINDRICAL_SURFACE('',#2732,1.2);
#2373=CYLINDRICAL_SURFACE('',#2735,3.9);
#2374=CYLINDRICAL_SURFACE('',#2738,15.05);
#2375=CYLINDRICAL_SURFACE('',#2741,3.9);
#2376=CYLINDRICAL_SURFACE('',#2743,6.225);
#2377=CYLINDRICAL_SURFACE('',#2745,1.2);
#2378=CYLINDRICAL_SURFACE('',#2747,1.6);
#2379=CYLINDRICAL_SURFACE('',#2749,3.175);
#2380=CYLINDRICAL_SURFACE('',#2757,6.35);
#2381=CYLINDRICAL_SURFACE('',#2759,3.17500000000001);
#2382=CYLINDRICAL_SURFACE('',#2767,6.35000000000001);
#2383=CYLINDRICAL_SURFACE('',#2775,3.175);
#2384=CYLINDRICAL_SURFACE('',#2777,3.175);
#2385=CYLINDRICAL_SURFACE('',#2779,6.35);
#2386=CYLINDRICAL_SURFACE('',#2785,1.2);
#2387=CYLINDRICAL_SURFACE('',#2787,1.2);
#2388=CYLINDRICAL_SURFACE('',#2789,7.);
#2389=CYLINDRICAL_SURFACE('',#2793,13.05);
#2390=CYLINDRICAL_SURFACE('',#2799,6.35);
#2391=ADVANCED_FACE('',(#113),#2318,.F.);
#2392=ADVANCED_FACE('',(#114),#55,.F.);
#2393=ADVANCED_FACE('',(#115),#2319,.F.);
#2394=ADVANCED_FACE('',(#116),#56,.F.);
#2395=ADVANCED_FACE('',(#117),#2320,.F.);
#2396=ADVANCED_FACE('',(#118),#57,.F.);
#2397=ADVANCED_FACE('',(#119),#2321,.F.);
#2398=ADVANCED_FACE('',(#120),#58,.F.);
#2399=ADVANCED_FACE('',(#121),#2322,.F.);
#2400=ADVANCED_FACE('',(#122),#59,.F.);
#2401=ADVANCED_FACE('',(#123),#2323,.F.);
#2402=ADVANCED_FACE('',(#124),#60,.F.);
#2403=ADVANCED_FACE('',(#125),#2324,.F.);
#2404=ADVANCED_FACE('',(#126),#61,.F.);
#2405=ADVANCED_FACE('',(#127),#2325,.F.);
#2406=ADVANCED_FACE('',(#128),#62,.F.);
#2407=ADVANCED_FACE('',(#129),#2326,.T.);
#2408=ADVANCED_FACE('',(#130),#63,.F.);
#2409=ADVANCED_FACE('',(#131,#15,#16,#17,#18,#19,#20,#21),#64,.F.);
#2410=ADVANCED_FACE('',(#132),#2327,.T.);
#2411=ADVANCED_FACE('',(#133),#65,.F.);
#2412=ADVANCED_FACE('',(#134),#2328,.T.);
#2413=ADVANCED_FACE('',(#135),#66,.F.);
#2414=ADVANCED_FACE('',(#136),#2329,.T.);
#2415=ADVANCED_FACE('',(#137),#67,.F.);
#2416=ADVANCED_FACE('',(#138),#2330,.T.);
#2417=ADVANCED_FACE('',(#139),#68,.F.);
#2418=ADVANCED_FACE('',(#140,#22,#23,#24,#25,#26),#69,.F.);
#2419=ADVANCED_FACE('',(#141),#2331,.T.);
#2420=ADVANCED_FACE('',(#142),#2332,.T.);
#2421=ADVANCED_FACE('',(#143),#70,.T.);
#2422=ADVANCED_FACE('',(#144),#71,.T.);
#2423=ADVANCED_FACE('',(#145),#2333,.T.);
#2424=ADVANCED_FACE('',(#146),#72,.T.);
#2425=ADVANCED_FACE('',(#147),#2334,.T.);
#2426=ADVANCED_FACE('',(#148),#73,.T.);
#2427=ADVANCED_FACE('',(#149),#74,.T.);
#2428=ADVANCED_FACE('',(#150),#2335,.T.);
#2429=ADVANCED_FACE('',(#151),#75,.T.);
#2430=ADVANCED_FACE('',(#152),#2336,.F.);
#2431=ADVANCED_FACE('',(#153),#2337,.F.);
#2432=ADVANCED_FACE('',(#154),#2338,.T.);
#2433=ADVANCED_FACE('',(#155),#2339,.T.);
#2434=ADVANCED_FACE('',(#156),#76,.F.);
#2435=ADVANCED_FACE('',(#157),#2340,.T.);
#2436=ADVANCED_FACE('',(#158),#77,.F.);
#2437=ADVANCED_FACE('',(#159),#2341,.T.);
#2438=ADVANCED_FACE('',(#160),#78,.F.);
#2439=ADVANCED_FACE('',(#161),#2342,.T.);
#2440=ADVANCED_FACE('',(#162),#79,.F.);
#2441=ADVANCED_FACE('',(#163),#2343,.T.);
#2442=ADVANCED_FACE('',(#164),#80,.F.);
#2443=ADVANCED_FACE('',(#165),#2344,.T.);
#2444=ADVANCED_FACE('',(#166),#2345,.F.);
#2445=ADVANCED_FACE('',(#167),#2346,.T.);
#2446=ADVANCED_FACE('',(#168),#81,.F.);
#2447=ADVANCED_FACE('',(#169),#2347,.T.);
#2448=ADVANCED_FACE('',(#170),#82,.F.);
#2449=ADVANCED_FACE('',(#171),#2348,.T.);
#2450=ADVANCED_FACE('',(#172),#2349,.T.);
#2451=ADVANCED_FACE('',(#173),#2350,.F.);
#2452=ADVANCED_FACE('',(#174),#2351,.T.);
#2453=ADVANCED_FACE('',(#175),#83,.F.);
#2454=ADVANCED_FACE('',(#176),#2352,.T.);
#2455=ADVANCED_FACE('',(#177),#2353,.F.);
#2456=ADVANCED_FACE('',(#178),#2354,.T.);
#2457=ADVANCED_FACE('',(#179),#2355,.T.);
#2458=ADVANCED_FACE('',(#180),#2356,.T.);
#2459=ADVANCED_FACE('',(#181),#2357,.T.);
#2460=ADVANCED_FACE('',(#182),#2358,.T.);
#2461=ADVANCED_FACE('',(#183),#2359,.F.);
#2462=ADVANCED_FACE('',(#184),#2360,.F.);
#2463=ADVANCED_FACE('',(#185),#2361,.F.);
#2464=ADVANCED_FACE('',(#186),#2362,.F.);
#2465=ADVANCED_FACE('',(#187),#2363,.F.);
#2466=ADVANCED_FACE('',(#188),#2364,.F.);
#2467=ADVANCED_FACE('',(#189),#2365,.F.);
#2468=ADVANCED_FACE('',(#190),#84,.F.);
#2469=ADVANCED_FACE('',(#191),#2366,.F.);
#2470=ADVANCED_FACE('',(#192),#85,.F.);
#2471=ADVANCED_FACE('',(#193),#2367,.F.);
#2472=ADVANCED_FACE('',(#194),#86,.F.);
#2473=ADVANCED_FACE('',(#195),#2368,.F.);
#2474=ADVANCED_FACE('',(#196),#87,.F.);
#2475=ADVANCED_FACE('',(#197),#88,.F.);
#2476=ADVANCED_FACE('',(#198),#2369,.F.);
#2477=ADVANCED_FACE('',(#199),#89,.F.);
#2478=ADVANCED_FACE('',(#200),#2370,.F.);
#2479=ADVANCED_FACE('',(#201),#2371,.F.);
#2480=ADVANCED_FACE('',(#202),#2372,.F.);
#2481=ADVANCED_FACE('',(#203),#90,.F.);
#2482=ADVANCED_FACE('',(#204),#2373,.T.);
#2483=ADVANCED_FACE('',(#205),#91,.F.);
#2484=ADVANCED_FACE('',(#206),#2374,.F.);
#2485=ADVANCED_FACE('',(#207),#92,.F.);
#2486=ADVANCED_FACE('',(#208),#2375,.T.);
#2487=ADVANCED_FACE('',(#209),#2376,.F.);
#2488=ADVANCED_FACE('',(#210),#2377,.F.);
#2489=ADVANCED_FACE('',(#211),#2378,.F.);
#2490=ADVANCED_FACE('',(#212),#2379,.F.);
#2491=ADVANCED_FACE('',(#213),#93,.T.);
#2492=ADVANCED_FACE('',(#214),#94,.T.);
#2493=ADVANCED_FACE('',(#215),#95,.T.);
#2494=ADVANCED_FACE('',(#216),#2380,.T.);
#2495=ADVANCED_FACE('',(#217),#96,.T.);
#2496=ADVANCED_FACE('',(#218),#2381,.F.);
#2497=ADVANCED_FACE('',(#219),#97,.T.);
#2498=ADVANCED_FACE('',(#220),#98,.T.);
#2499=ADVANCED_FACE('',(#221),#99,.T.);
#2500=ADVANCED_FACE('',(#222),#2382,.T.);
#2501=ADVANCED_FACE('',(#223),#100,.T.);
#2502=ADVANCED_FACE('',(#224),#101,.F.);
#2503=ADVANCED_FACE('',(#225),#102,.F.);
#2504=ADVANCED_FACE('',(#226),#2383,.F.);
#2505=ADVANCED_FACE('',(#227),#2384,.F.);
#2506=ADVANCED_FACE('',(#228),#2385,.T.);
#2507=ADVANCED_FACE('',(#229),#103,.F.);
#2508=ADVANCED_FACE('',(#230,#27,#28,#29,#30,#31,#32,#33,#34),#104,.F.);
#2509=ADVANCED_FACE('',(#231),#105,.F.);
#2510=ADVANCED_FACE('',(#232),#2386,.F.);
#2511=ADVANCED_FACE('',(#233),#2387,.F.);
#2512=ADVANCED_FACE('',(#234),#2388,.F.);
#2513=ADVANCED_FACE('',(#235),#106,.F.);
#2514=ADVANCED_FACE('',(#236),#107,.F.);
#2515=ADVANCED_FACE('',(#237),#2389,.T.);
#2516=ADVANCED_FACE('',(#238),#108,.F.);
#2517=ADVANCED_FACE('',(#239),#109,.F.);
#2518=ADVANCED_FACE('',(#240,#35,#36,#37,#38,#39),#110,.T.);
#2519=ADVANCED_FACE('',(#241,#40,#41,#42,#43,#44,#45,#46),#111,.T.);
#2520=ADVANCED_FACE('',(#242),#2390,.T.);
#2521=ADVANCED_FACE('',(#243,#47,#48,#49,#50,#51,#52,#53,#54),#112,.T.);
#2522=CLOSED_SHELL('',(#2391,#2392,#2393,#2394,#2395,#2396,#2397,#2398,
#2399,#2400,#2401,#2402,#2403,#2404,#2405,#2406,#2407,#2408,#2409,#2410,
#2411,#2412,#2413,#2414,#2415,#2416,#2417,#2418,#2419,#2420,#2421,#2422,
#2423,#2424,#2425,#2426,#2427,#2428,#2429,#2430,#2431,#2432,#2433,#2434,
#2435,#2436,#2437,#2438,#2439,#2440,#2441,#2442,#2443,#2444,#2445,#2446,
#2447,#2448,#2449,#2450,#2451,#2452,#2453,#2454,#2455,#2456,#2457,#2458,
#2459,#2460,#2461,#2462,#2463,#2464,#2465,#2466,#2467,#2468,#2469,#2470,
#2471,#2472,#2473,#2474,#2475,#2476,#2477,#2478,#2479,#2480,#2481,#2482,
#2483,#2484,#2485,#2486,#2487,#2488,#2489,#2490,#2491,#2492,#2493,#2494,
#2495,#2496,#2497,#2498,#2499,#2500,#2501,#2502,#2503,#2504,#2505,#2506,
#2507,#2508,#2509,#2510,#2511,#2512,#2513,#2514,#2515,#2516,#2517,#2518,
#2519,#2520,#2521));
#2523=AXIS2_PLACEMENT_3D('',#3574,#2801,#2802);
#2524=AXIS2_PLACEMENT_3D('',#3575,#2803,#2804);
#2525=AXIS2_PLACEMENT_3D('',#3578,#2805,#2806);
#2526=AXIS2_PLACEMENT_3D('',#3582,#2808,#2809);
#2527=AXIS2_PLACEMENT_3D('',#3584,#2811,#2812);
#2528=AXIS2_PLACEMENT_3D('',#3590,#2816,#2817);
#2529=AXIS2_PLACEMENT_3D('',#3593,#2818,#2819);
#2530=AXIS2_PLACEMENT_3D('',#3597,#2821,#2822);
#2531=AXIS2_PLACEMENT_3D('',#3599,#2824,#2825);
#2532=AXIS2_PLACEMENT_3D('',#3602,#2828,#2829);
#2533=AXIS2_PLACEMENT_3D('',#3604,#2830,#2831);
#2534=AXIS2_PLACEMENT_3D('',#3607,#2833,#2834);
#2535=AXIS2_PLACEMENT_3D('',#3608,#2835,#2836);
#2536=AXIS2_PLACEMENT_3D('',#3614,#2840,#2841);
#2537=AXIS2_PLACEMENT_3D('',#3616,#2842,#2843);
#2538=AXIS2_PLACEMENT_3D('',#3619,#2845,#2846);
#2539=AXIS2_PLACEMENT_3D('',#3620,#2847,#2848);
#2540=AXIS2_PLACEMENT_3D('',#3623,#2851,#2852);
#2541=AXIS2_PLACEMENT_3D('',#3626,#2853,#2854);
#2542=AXIS2_PLACEMENT_3D('',#3630,#2856,#2857);
#2543=AXIS2_PLACEMENT_3D('',#3632,#2859,#2860);
#2544=AXIS2_PLACEMENT_3D('',#3638,#2864,#2865);
#2545=AXIS2_PLACEMENT_3D('',#3641,#2866,#2867);
#2546=AXIS2_PLACEMENT_3D('',#3645,#2869,#2870);
#2547=AXIS2_PLACEMENT_3D('',#3647,#2872,#2873);
#2548=AXIS2_PLACEMENT_3D('',#3650,#2876,#2877);
#2549=AXIS2_PLACEMENT_3D('',#3652,#2878,#2879);
#2550=AXIS2_PLACEMENT_3D('',#3655,#2881,#2882);
#2551=AXIS2_PLACEMENT_3D('',#3656,#2883,#2884);
#2552=AXIS2_PLACEMENT_3D('',#3662,#2888,#2889);
#2553=AXIS2_PLACEMENT_3D('',#3664,#2890,#2891);
#2554=AXIS2_PLACEMENT_3D('',#3667,#2893,#2894);
#2555=AXIS2_PLACEMENT_3D('',#3668,#2895,#2896);
#2556=AXIS2_PLACEMENT_3D('',#3671,#2899,#2900);
#2557=AXIS2_PLACEMENT_3D('',#3674,#2901,#2902);
#2558=AXIS2_PLACEMENT_3D('',#3678,#2904,#2905);
#2559=AXIS2_PLACEMENT_3D('',#3680,#2907,#2908);
#2560=AXIS2_PLACEMENT_3D('',#3686,#2912,#2913);
#2561=AXIS2_PLACEMENT_3D('',#3690,#2915,#2916);
#2562=AXIS2_PLACEMENT_3D('',#3694,#2918,#2919);
#2563=AXIS2_PLACEMENT_3D('',#3698,#2921,#2922);
#2564=AXIS2_PLACEMENT_3D('',#3700,#2923,#2924);
#2565=AXIS2_PLACEMENT_3D('',#3702,#2925,#2926);
#2566=AXIS2_PLACEMENT_3D('',#3706,#2928,#2929);
#2567=AXIS2_PLACEMENT_3D('',#3710,#2931,#2932);
#2568=AXIS2_PLACEMENT_3D('',#3714,#2934,#2935);
#2569=AXIS2_PLACEMENT_3D('',#3718,#2937,#2938);
#2570=AXIS2_PLACEMENT_3D('',#3722,#2940,#2941);
#2571=AXIS2_PLACEMENT_3D('',#3724,#2942,#2943);
#2572=AXIS2_PLACEMENT_3D('',#3726,#2944,#2945);
#2573=AXIS2_PLACEMENT_3D('',#3730,#2947,#2948);
#2574=AXIS2_PLACEMENT_3D('',#3734,#2950,#2951);
#2575=AXIS2_PLACEMENT_3D('',#3738,#2953,#2954);
#2576=AXIS2_PLACEMENT_3D('',#3741,#2956,#2957);
#2577=AXIS2_PLACEMENT_3D('',#3743,#2958,#2959);
#2578=AXIS2_PLACEMENT_3D('',#3745,#2960,#2961);
#2579=AXIS2_PLACEMENT_3D('',#3747,#2962,#2963);
#2580=AXIS2_PLACEMENT_3D('',#3749,#2964,#2965);
#2581=AXIS2_PLACEMENT_3D('',#3754,#2967,#2968);
#2582=AXIS2_PLACEMENT_3D('',#3757,#2970,#2971);
#2583=AXIS2_PLACEMENT_3D('',#3760,#2972,#2973);
#2584=AXIS2_PLACEMENT_3D('',#3764,#2975,#2976);
#2585=AXIS2_PLACEMENT_3D('',#3768,#2978,#2979);
#2586=AXIS2_PLACEMENT_3D('',#3772,#2981,#2982);
#2587=AXIS2_PLACEMENT_3D('',#3774,#2984,#2985);
#2588=AXIS2_PLACEMENT_3D('',#3778,#2987,#2988);
#2589=AXIS2_PLACEMENT_3D('',#3780,#2990,#2991);
#2590=AXIS2_PLACEMENT_3D('',#3784,#2994,#2995);
#2591=AXIS2_PLACEMENT_3D('',#3788,#2997,#2998);
#2592=AXIS2_PLACEMENT_3D('',#3790,#3000,#3001);
#2593=AXIS2_PLACEMENT_3D('',#3794,#3004,#3005);
#2594=AXIS2_PLACEMENT_3D('',#3797,#3006,#3007);
#2595=AXIS2_PLACEMENT_3D('',#3800,#3010,#3011);
#2596=AXIS2_PLACEMENT_3D('',#3804,#3014,#3015);
#2597=AXIS2_PLACEMENT_3D('',#3807,#3016,#3017);
#2598=AXIS2_PLACEMENT_3D('',#3811,#3019,#3020);
#2599=AXIS2_PLACEMENT_3D('',#3813,#3022,#3023);
#2600=AXIS2_PLACEMENT_3D('',#3819,#3027,#3028);
#2601=AXIS2_PLACEMENT_3D('',#3823,#3030,#3031);
#2602=AXIS2_PLACEMENT_3D('',#3827,#3033,#3034);
#2603=AXIS2_PLACEMENT_3D('',#3831,#3036,#3037);
#2604=AXIS2_PLACEMENT_3D('',#3833,#3038,#3039);
#2605=AXIS2_PLACEMENT_3D('',#3835,#3040,#3041);
#2606=AXIS2_PLACEMENT_3D('',#3839,#3043,#3044);
#2607=AXIS2_PLACEMENT_3D('',#3841,#3045,#3046);
#2608=AXIS2_PLACEMENT_3D('',#3845,#3048,#3049);
#2609=AXIS2_PLACEMENT_3D('',#3849,#3051,#3052);
#2610=AXIS2_PLACEMENT_3D('',#3851,#3053,#3054);
#2611=AXIS2_PLACEMENT_3D('',#3855,#3056,#3057);
#2612=AXIS2_PLACEMENT_3D('',#3857,#3058,#3059);
#2613=AXIS2_PLACEMENT_3D('',#3859,#3060,#3061);
#2614=AXIS2_PLACEMENT_3D('',#3862,#3063,#3064);
#2615=AXIS2_PLACEMENT_3D('',#3864,#3065,#3066);
#2616=AXIS2_PLACEMENT_3D('',#3866,#3067,#3068);
#2617=AXIS2_PLACEMENT_3D('',#3868,#3069,#3070);
#2618=AXIS2_PLACEMENT_3D('',#3870,#3071,#3072);
#2619=AXIS2_PLACEMENT_3D('',#3872,#3073,#3074);
#2620=AXIS2_PLACEMENT_3D('',#3873,#3075,#3076);
#2621=AXIS2_PLACEMENT_3D('',#3876,#3077,#3078);
#2622=AXIS2_PLACEMENT_3D('',#3879,#3081,#3082);
#2623=AXIS2_PLACEMENT_3D('',#3882,#3083,#3084);
#2624=AXIS2_PLACEMENT_3D('',#3886,#3086,#3087);
#2625=AXIS2_PLACEMENT_3D('',#3888,#3089,#3090);
#2626=AXIS2_PLACEMENT_3D('',#3894,#3094,#3095);
#2627=AXIS2_PLACEMENT_3D('',#3898,#3097,#3098);
#2628=AXIS2_PLACEMENT_3D('',#3902,#3101,#3102);
#2629=AXIS2_PLACEMENT_3D('',#3905,#3103,#3104);
#2630=AXIS2_PLACEMENT_3D('',#3908,#3107,#3108);
#2631=AXIS2_PLACEMENT_3D('',#3912,#3111,#3112);
#2632=AXIS2_PLACEMENT_3D('',#3915,#3113,#3114);
#2633=AXIS2_PLACEMENT_3D('',#3919,#3116,#3117);
#2634=AXIS2_PLACEMENT_3D('',#3921,#3119,#3120);
#2635=AXIS2_PLACEMENT_3D('',#3927,#3124,#3125);
#2636=AXIS2_PLACEMENT_3D('',#3931,#3127,#3128);
#2637=AXIS2_PLACEMENT_3D('',#3935,#3131,#3132);
#2638=AXIS2_PLACEMENT_3D('',#3938,#3133,#3134);
#2639=AXIS2_PLACEMENT_3D('',#3941,#3137,#3138);
#2640=AXIS2_PLACEMENT_3D('',#3945,#3141,#3142);
#2641=AXIS2_PLACEMENT_3D('',#3948,#3144,#3145);
#2642=AXIS2_PLACEMENT_3D('',#3949,#3146,#3147);
#2643=AXIS2_PLACEMENT_3D('',#3952,#3149,#3150);
#2644=AXIS2_PLACEMENT_3D('',#3953,#3151,#3152);
#2645=AXIS2_PLACEMENT_3D('',#3955,#3153,#3154);
#2646=AXIS2_PLACEMENT_3D('',#3957,#3156,#3157);
#2647=AXIS2_PLACEMENT_3D('',#3960,#3159,#3160);
#2648=AXIS2_PLACEMENT_3D('',#3961,#3161,#3162);
#2649=AXIS2_PLACEMENT_3D('',#3965,#3165,#3166);
#2650=AXIS2_PLACEMENT_3D('',#3969,#3168,#3169);
#2651=AXIS2_PLACEMENT_3D('',#3971,#3171,#3172);
#2652=AXIS2_PLACEMENT_3D('',#3973,#3174,#3175);
#2653=AXIS2_PLACEMENT_3D('',#3976,#3177,#3178);
#2654=AXIS2_PLACEMENT_3D('',#3977,#3179,#3180);
#2655=AXIS2_PLACEMENT_3D('',#3981,#3183,#3184);
#2656=AXIS2_PLACEMENT_3D('',#3985,#3186,#3187);
#2657=AXIS2_PLACEMENT_3D('',#3987,#3189,#3190);
#2658=AXIS2_PLACEMENT_3D('',#3991,#3193,#3194);
#2659=AXIS2_PLACEMENT_3D('',#3995,#3196,#3197);
#2660=AXIS2_PLACEMENT_3D('',#3997,#3199,#3200);
#2661=AXIS2_PLACEMENT_3D('',#4001,#3203,#3204);
#2662=AXIS2_PLACEMENT_3D('',#4004,#3206,#3207);
#2663=AXIS2_PLACEMENT_3D('',#4005,#3208,#3209);
#2664=AXIS2_PLACEMENT_3D('',#4008,#3211,#3212);
#2665=AXIS2_PLACEMENT_3D('',#4009,#3213,#3214);
#2666=AXIS2_PLACEMENT_3D('',#4012,#3216,#3217);
#2667=AXIS2_PLACEMENT_3D('',#4013,#3218,#3219);
#2668=AXIS2_PLACEMENT_3D('',#4015,#3221,#3222);
#2669=AXIS2_PLACEMENT_3D('',#4019,#3224,#3225);
#2670=AXIS2_PLACEMENT_3D('',#4021,#3227,#3228);
#2671=AXIS2_PLACEMENT_3D('',#4023,#3230,#3231);
#2672=AXIS2_PLACEMENT_3D('',#4026,#3233,#3234);
#2673=AXIS2_PLACEMENT_3D('',#4027,#3235,#3236);
#2674=AXIS2_PLACEMENT_3D('',#4031,#3238,#3239);
#2675=AXIS2_PLACEMENT_3D('',#4033,#3241,#3242);
#2676=AXIS2_PLACEMENT_3D('',#4036,#3244,#3245);
#2677=AXIS2_PLACEMENT_3D('',#4037,#3246,#3247);
#2678=AXIS2_PLACEMENT_3D('',#4040,#3249,#3250);
#2679=AXIS2_PLACEMENT_3D('',#4041,#3251,#3252);
#2680=AXIS2_PLACEMENT_3D('',#4043,#3254,#3255);
#2681=AXIS2_PLACEMENT_3D('',#4047,#3257,#3258);
#2682=AXIS2_PLACEMENT_3D('',#4049,#3260,#3261);
#2683=AXIS2_PLACEMENT_3D('',#4051,#3262,#3263);
#2684=AXIS2_PLACEMENT_3D('',#4053,#3265,#3266);
#2685=AXIS2_PLACEMENT_3D('',#4054,#3267,#3268);
#2686=AXIS2_PLACEMENT_3D('',#4055,#3269,#3270);
#2687=AXIS2_PLACEMENT_3D('',#4059,#3272,#3273);
#2688=AXIS2_PLACEMENT_3D('',#4061,#3275,#3276);
#2689=AXIS2_PLACEMENT_3D('',#4064,#3278,#3279);
#2690=AXIS2_PLACEMENT_3D('',#4065,#3280,#3281);
#2691=AXIS2_PLACEMENT_3D('',#4069,#3283,#3284);
#2692=AXIS2_PLACEMENT_3D('',#4071,#3286,#3287);
#2693=AXIS2_PLACEMENT_3D('',#4073,#3288,#3289);
#2694=AXIS2_PLACEMENT_3D('',#4075,#3291,#3292);
#2695=AXIS2_PLACEMENT_3D('',#4077,#3293,#3294);
#2696=AXIS2_PLACEMENT_3D('',#4080,#3296,#3297);
#2697=AXIS2_PLACEMENT_3D('',#4081,#3298,#3299);
#2698=AXIS2_PLACEMENT_3D('',#4083,#3300,#3301);
#2699=AXIS2_PLACEMENT_3D('',#4086,#3303,#3304);
#2700=AXIS2_PLACEMENT_3D('',#4087,#3305,#3306);
#2701=AXIS2_PLACEMENT_3D('',#4089,#3307,#3308);
#2702=AXIS2_PLACEMENT_3D('',#4092,#3310,#3311);
#2703=AXIS2_PLACEMENT_3D('',#4093,#3312,#3313);
#2704=AXIS2_PLACEMENT_3D('',#4095,#3314,#3315);
#2705=AXIS2_PLACEMENT_3D('',#4098,#3317,#3318);
#2706=AXIS2_PLACEMENT_3D('',#4099,#3319,#3320);
#2707=AXIS2_PLACEMENT_3D('',#4101,#3321,#3322);
#2708=AXIS2_PLACEMENT_3D('',#4104,#3324,#3325);
#2709=AXIS2_PLACEMENT_3D('',#4105,#3326,#3327);
#2710=AXIS2_PLACEMENT_3D('',#4107,#3328,#3329);
#2711=AXIS2_PLACEMENT_3D('',#4110,#3331,#3332);
#2712=AXIS2_PLACEMENT_3D('',#4111,#3333,#3334);
#2713=AXIS2_PLACEMENT_3D('',#4115,#3336,#3337);
#2714=AXIS2_PLACEMENT_3D('',#4117,#3339,#3340);
#2715=AXIS2_PLACEMENT_3D('',#4121,#3343,#3344);
#2716=AXIS2_PLACEMENT_3D('',#4123,#3345,#3346);
#2717=AXIS2_PLACEMENT_3D('',#4125,#3348,#3349);
#2718=AXIS2_PLACEMENT_3D('',#4127,#3351,#3352);
#2719=AXIS2_PLACEMENT_3D('',#4131,#3354,#3355);
#2720=AXIS2_PLACEMENT_3D('',#4133,#3357,#3358);
#2721=AXIS2_PLACEMENT_3D('',#4137,#3361,#3362);
#2722=AXIS2_PLACEMENT_3D('',#4139,#3363,#3364);
#2723=AXIS2_PLACEMENT_3D('',#4141,#3366,#3367);
#2724=AXIS2_PLACEMENT_3D('',#4143,#3369,#3370);
#2725=AXIS2_PLACEMENT_3D('',#4149,#3374,#3375);
#2726=AXIS2_PLACEMENT_3D('',#4151,#3376,#3377);
#2727=AXIS2_PLACEMENT_3D('',#4153,#3379,#3380);
#2728=AXIS2_PLACEMENT_3D('',#4157,#3383,#3384);
#2729=AXIS2_PLACEMENT_3D('',#4158,#3385,#3386);
#2730=AXIS2_PLACEMENT_3D('',#4159,#3387,#3388);
#2731=AXIS2_PLACEMENT_3D('',#4161,#3389,#3390);
#2732=AXIS2_PLACEMENT_3D('',#4163,#3392,#3393);
#2733=AXIS2_PLACEMENT_3D('',#4165,#3394,#3395);
#2734=AXIS2_PLACEMENT_3D('',#4167,#3397,#3398);
#2735=AXIS2_PLACEMENT_3D('',#4171,#3401,#3402);
#2736=AXIS2_PLACEMENT_3D('',#4172,#3403,#3404);
#2737=AXIS2_PLACEMENT_3D('',#4173,#3405,#3406);
#2738=AXIS2_PLACEMENT_3D('',#4177,#3409,#3410);
#2739=AXIS2_PLACEMENT_3D('',#4178,#3411,#3412);
#2740=AXIS2_PLACEMENT_3D('',#4179,#3413,#3414);
#2741=AXIS2_PLACEMENT_3D('',#4183,#3417,#3418);
#2742=AXIS2_PLACEMENT_3D('',#4184,#3419,#3420);
#2743=AXIS2_PLACEMENT_3D('',#4185,#3421,#3422);
#2744=AXIS2_PLACEMENT_3D('',#4186,#3423,#3424);
#2745=AXIS2_PLACEMENT_3D('',#4187,#3425,#3426);
#2746=AXIS2_PLACEMENT_3D('',#4189,#3427,#3428);
#2747=AXIS2_PLACEMENT_3D('',#4191,#3430,#3431);
#2748=AXIS2_PLACEMENT_3D('',#4193,#3432,#3433);
#2749=AXIS2_PLACEMENT_3D('',#4195,#3435,#3436);
#2750=AXIS2_PLACEMENT_3D('',#4198,#3438,#3439);
#2751=AXIS2_PLACEMENT_3D('',#4201,#3441,#3442);
#2752=AXIS2_PLACEMENT_3D('',#4202,#3443,#3444);
#2753=AXIS2_PLACEMENT_3D('',#4204,#3445,#3446);
#2754=AXIS2_PLACEMENT_3D('',#4206,#3448,#3449);
#2755=AXIS2_PLACEMENT_3D('',#4209,#3451,#3452);
#2756=AXIS2_PLACEMENT_3D('',#4210,#3453,#3454);
#2757=AXIS2_PLACEMENT_3D('',#4212,#3456,#3457);
#2758=AXIS2_PLACEMENT_3D('',#4214,#3459,#3460);
#2759=AXIS2_PLACEMENT_3D('',#4215,#3461,#3462);
#2760=AXIS2_PLACEMENT_3D('',#4218,#3464,#3465);
#2761=AXIS2_PLACEMENT_3D('',#4221,#3467,#3468);
#2762=AXIS2_PLACEMENT_3D('',#4222,#3469,#3470);
#2763=AXIS2_PLACEMENT_3D('',#4224,#3471,#3472);
#2764=AXIS2_PLACEMENT_3D('',#4226,#3474,#3475);
#2765=AXIS2_PLACEMENT_3D('',#4229,#3477,#3478);
#2766=AXIS2_PLACEMENT_3D('',#4230,#3479,#3480);
#2767=AXIS2_PLACEMENT_3D('',#4232,#3482,#3483);
#2768=AXIS2_PLACEMENT_3D('',#4234,#3485,#3486);
#2769=AXIS2_PLACEMENT_3D('',#4235,#3487,#3488);
#2770=AXIS2_PLACEMENT_3D('',#4238,#3490,#3491);
#2771=AXIS2_PLACEMENT_3D('',#4240,#3492,#3493);
#2772=AXIS2_PLACEMENT_3D('',#4242,#3495,#3496);
#2773=AXIS2_PLACEMENT_3D('',#4245,#3498,#3499);
#2774=AXIS2_PLACEMENT_3D('',#4247,#3500,#3501);
#2775=AXIS2_PLACEMENT_3D('',#4249,#3503,#3504);
#2776=AXIS2_PLACEMENT_3D('',#4252,#3506,#3507);
#2777=AXIS2_PLACEMENT_3D('',#4253,#3508,#3509);
#2778=AXIS2_PLACEMENT_3D('',#4255,#3510,#3511);
#2779=AXIS2_PLACEMENT_3D('',#4257,#3513,#3514);
#2780=AXIS2_PLACEMENT_3D('',#4260,#3516,#3517);
#2781=AXIS2_PLACEMENT_3D('',#4262,#3519,#3520);
#2782=AXIS2_PLACEMENT_3D('',#4265,#3522,#3523);
#2783=AXIS2_PLACEMENT_3D('',#4267,#3525,#3526);
#2784=AXIS2_PLACEMENT_3D('',#4270,#3529,#3530);
#2785=AXIS2_PLACEMENT_3D('',#4272,#3532,#3533);
#2786=AXIS2_PLACEMENT_3D('',#4274,#3534,#3535);
#2787=AXIS2_PLACEMENT_3D('',#4276,#3537,#3538);
#2788=AXIS2_PLACEMENT_3D('',#4278,#3539,#3540);
#2789=AXIS2_PLACEMENT_3D('',#4280,#3542,#3543);
#2790=AXIS2_PLACEMENT_3D('',#4282,#3544,#3545);
#2791=AXIS2_PLACEMENT_3D('',#4284,#3547,#3548);
#2792=AXIS2_PLACEMENT_3D('',#4286,#3550,#3551);
#2793=AXIS2_PLACEMENT_3D('',#4290,#3554,#3555);
#2794=AXIS2_PLACEMENT_3D('',#4292,#3556,#3557);
#2795=AXIS2_PLACEMENT_3D('',#4294,#3559,#3560);
#2796=AXIS2_PLACEMENT_3D('',#4296,#3562,#3563);
#2797=AXIS2_PLACEMENT_3D('',#4298,#3565,#3566);
#2798=AXIS2_PLACEMENT_3D('',#4299,#3567,#3568);
#2799=AXIS2_PLACEMENT_3D('',#4301,#3570,#3571);
#2800=AXIS2_PLACEMENT_3D('',#4302,#3572,#3573);
#2801=DIRECTION('axis',(0.,0.,1.));
#2802=DIRECTION('refdir',(1.,0.,0.));
#2803=DIRECTION('center_axis',(0.,0.,1.));
#2804=DIRECTION('ref_axis',(0.707106781186546,-0.707106781186549,0.));
#2805=DIRECTION('center_axis',(0.,0.,-1.));
#2806=DIRECTION('ref_axis',(0.707106781186546,-0.707106781186549,0.));
#2807=DIRECTION('',(0.,0.,1.));
#2808=DIRECTION('center_axis',(0.,0.,1.));
#2809=DIRECTION('ref_axis',(0.707106781186546,-0.707106781186549,0.));
#2810=DIRECTION('',(0.,0.,-1.));
#2811=DIRECTION('center_axis',(6.34413156928661E-16,-1.,0.));
#2812=DIRECTION('ref_axis',(1.,6.34413156928661E-16,0.));
#2813=DIRECTION('',(1.,6.34413156928661E-16,0.));
#2814=DIRECTION('',(0.,0.,-1.));
#2815=DIRECTION('',(-1.,-6.34413156928661E-16,0.));
#2816=DIRECTION('center_axis',(0.,0.,1.));
#2817=DIRECTION('ref_axis',(0.707106781186546,0.707106781186549,0.));
#2818=DIRECTION('center_axis',(0.,0.,-1.));
#2819=DIRECTION('ref_axis',(0.707106781186546,0.707106781186549,0.));
#2820=DIRECTION('',(0.,0.,1.));
#2821=DIRECTION('center_axis',(0.,0.,1.));
#2822=DIRECTION('ref_axis',(0.707106781186546,0.707106781186549,0.));
#2823=DIRECTION('',(0.,0.,-1.));
#2824=DIRECTION('center_axis',(1.,0.,0.));
#2825=DIRECTION('ref_axis',(0.,1.,0.));
#2826=DIRECTION('',(0.,-1.,0.));
#2827=DIRECTION('',(0.,1.,0.));
#2828=DIRECTION('center_axis',(0.,0.,1.));
#2829=DIRECTION('ref_axis',(-0.707106781186546,-0.707106781186549,0.));
#2830=DIRECTION('center_axis',(0.,0.,-1.));
#2831=DIRECTION('ref_axis',(-0.707106781186546,-0.707106781186549,0.));
#2832=DIRECTION('',(0.,0.,1.));
#2833=DIRECTION('center_axis',(0.,0.,1.));
#2834=DIRECTION('ref_axis',(-0.707106781186546,-0.707106781186549,0.));
#2835=DIRECTION('center_axis',(-1.,0.,0.));
#2836=DIRECTION('ref_axis',(0.,-1.,0.));
#2837=DIRECTION('',(0.,-1.,0.));
#2838=DIRECTION('',(0.,0.,-1.));
#2839=DIRECTION('',(0.,1.,0.));
#2840=DIRECTION('center_axis',(0.,0.,1.));
#2841=DIRECTION('ref_axis',(-0.707106781186546,0.707106781186549,0.));
#2842=DIRECTION('center_axis',(0.,0.,-1.));
#2843=DIRECTION('ref_axis',(-0.707106781186546,0.707106781186549,0.));
#2844=DIRECTION('',(0.,0.,1.));
#2845=DIRECTION('center_axis',(0.,0.,1.));
#2846=DIRECTION('ref_axis',(-0.707106781186546,0.707106781186549,0.));
#2847=DIRECTION('center_axis',(3.17206578464331E-16,1.,0.));
#2848=DIRECTION('ref_axis',(-1.,3.17206578464331E-16,0.));
#2849=DIRECTION('',(1.,-3.17206578464331E-16,0.));
#2850=DIRECTION('',(-1.,3.17206578464331E-16,0.));
#2851=DIRECTION('center_axis',(0.,0.,1.));
#2852=DIRECTION('ref_axis',(0.707106781186551,-0.707106781186544,0.));
#2853=DIRECTION('center_axis',(0.,0.,-1.));
#2854=DIRECTION('ref_axis',(0.707106781186551,-0.707106781186544,0.));
#2855=DIRECTION('',(0.,0.,1.));
#2856=DIRECTION('center_axis',(0.,0.,1.));
#2857=DIRECTION('ref_axis',(0.707106781186551,-0.707106781186544,0.));
#2858=DIRECTION('',(0.,0.,-1.));
#2859=DIRECTION('center_axis',(-6.34413156928661E-16,-1.,0.));
#2860=DIRECTION('ref_axis',(1.,-6.34413156928661E-16,0.));
#2861=DIRECTION('',(1.,-6.34413156928661E-16,0.));
#2862=DIRECTION('',(0.,0.,-1.));
#2863=DIRECTION('',(-1.,6.34413156928661E-16,0.));
#2864=DIRECTION('center_axis',(0.,0.,1.));
#2865=DIRECTION('ref_axis',(0.707106781186548,0.707106781186547,0.));
#2866=DIRECTION('center_axis',(0.,0.,-1.));
#2867=DIRECTION('ref_axis',(0.707106781186548,0.707106781186547,0.));
#2868=DIRECTION('',(0.,0.,1.));
#2869=DIRECTION('center_axis',(0.,0.,1.));
#2870=DIRECTION('ref_axis',(0.707106781186548,0.707106781186547,0.));
#2871=DIRECTION('',(0.,0.,-1.));
#2872=DIRECTION('center_axis',(1.,-5.07530525542932E-15,0.));
#2873=DIRECTION('ref_axis',(5.07530525542932E-15,1.,0.));
#2874=DIRECTION('',(-5.07530525542932E-15,-1.,0.));
#2875=DIRECTION('',(5.07530525542932E-15,1.,0.));
#2876=DIRECTION('center_axis',(0.,0.,1.));
#2877=DIRECTION('ref_axis',(-0.707106781186546,-0.707106781186549,0.));
#2878=DIRECTION('center_axis',(0.,0.,-1.));
#2879=DIRECTION('ref_axis',(-0.707106781186546,-0.707106781186549,0.));
#2880=DIRECTION('',(0.,0.,1.));
#2881=DIRECTION('center_axis',(0.,0.,1.));
#2882=DIRECTION('ref_axis',(-0.707106781186546,-0.707106781186549,0.));
#2883=DIRECTION('center_axis',(-1.,0.,0.));
#2884=DIRECTION('ref_axis',(0.,-1.,0.));
#2885=DIRECTION('',(0.,-1.,0.));
#2886=DIRECTION('',(0.,0.,-1.));
#2887=DIRECTION('',(0.,1.,0.));
#2888=DIRECTION('center_axis',(0.,0.,1.));
#2889=DIRECTION('ref_axis',(-0.707106781186546,0.707106781186549,0.));
#2890=DIRECTION('center_axis',(0.,0.,-1.));
#2891=DIRECTION('ref_axis',(-0.707106781186546,0.707106781186549,0.));
#2892=DIRECTION('',(0.,0.,1.));
#2893=DIRECTION('center_axis',(0.,0.,1.));
#2894=DIRECTION('ref_axis',(-0.707106781186546,0.707106781186549,0.));
#2895=DIRECTION('center_axis',(-7.93016446160827E-16,1.,0.));
#2896=DIRECTION('ref_axis',(-1.,-7.93016446160827E-16,0.));
#2897=DIRECTION('',(1.,7.93016446160827E-16,0.));
#2898=DIRECTION('',(-1.,-7.93016446160827E-16,0.));
#2899=DIRECTION('center_axis',(1.,0.,0.));
#2900=DIRECTION('ref_axis',(0.,0.707106781185811,0.707106781187284));
#2901=DIRECTION('center_axis',(-1.,0.,-1.75566507247466E-15));
#2902=DIRECTION('ref_axis',(0.,0.707106781185811,0.707106781187284));
#2903=DIRECTION('',(-1.,0.,0.));
#2904=DIRECTION('center_axis',(1.,0.,1.74838271594513E-15));
#2905=DIRECTION('ref_axis',(0.,0.707106781185811,0.707106781187284));
#2906=DIRECTION('',(1.,0.,0.));
#2907=DIRECTION('center_axis',(0.,-1.,-1.03962422715394E-12));
#2908=DIRECTION('ref_axis',(0.,1.03962422715394E-12,-1.));
#2909=DIRECTION('',(-1.75566507247466E-15,-1.03962422715394E-12,1.));
#2910=DIRECTION('',(1.,0.,0.));
#2911=DIRECTION('',(1.74838271594513E-15,1.03962422715394E-12,-1.));
#2912=DIRECTION('center_axis',(-1.,0.,-1.75566507247466E-15));
#2913=DIRECTION('ref_axis',(-1.75566507247466E-15,0.,1.));
#2914=DIRECTION('',(1.82135996750259E-27,-1.,-1.03741880843784E-12));
#2915=DIRECTION('center_axis',(1.,0.,1.75566507247466E-15));
#2916=DIRECTION('ref_axis',(0.,-1.,0.));
#2917=DIRECTION('',(1.7262188811579E-15,-0.1823811885994,-0.983227899342299));
#2918=DIRECTION('center_axis',(-1.,0.,-1.75566507247466E-15));
#2919=DIRECTION('ref_axis',(0.,-0.768889195072798,-0.639382049873396));
#2920=DIRECTION('',(0.,1.,0.));
#2921=DIRECTION('center_axis',(-1.,0.,-1.75566507247466E-15));
#2922=DIRECTION('ref_axis',(0.,0.472422894241442,-0.881372003751276));
#2923=DIRECTION('center_axis',(-1.,0.,-1.75566507247466E-15));
#2924=DIRECTION('ref_axis',(0.,-1.,0.));
#2925=DIRECTION('center_axis',(-1.,0.,-1.75566507247466E-15));
#2926=DIRECTION('ref_axis',(0.,0.472422894241436,0.881372003751279));
#2927=DIRECTION('',(0.,-1.,0.));
#2928=DIRECTION('center_axis',(-1.,0.,-1.75566507247466E-15));
#2929=DIRECTION('ref_axis',(0.,-0.804399922398351,0.594088179351792));
#2930=DIRECTION('',(1.6780101992775E-15,0.294118470308964,-0.955768970736713));
#2931=DIRECTION('center_axis',(-1.,0.,-1.75566507247466E-15));
#2932=DIRECTION('ref_axis',(5.07530525542929E-16,-0.830726401471322,-0.556680919287259));
#2933=DIRECTION('',(0.,1.,0.));
#2934=DIRECTION('center_axis',(-1.,0.,-1.75566507247466E-15));
#2935=DIRECTION('ref_axis',(5.07530525542929E-16,0.830726401471321,-0.55668091928726));
#2936=DIRECTION('',(-1.6780101992775E-15,0.294118470308963,0.955768970736713));
#2937=DIRECTION('center_axis',(-1.,0.,-1.75566507247466E-15));
#2938=DIRECTION('ref_axis',(0.,0.804399922398357,0.594088179351784));
#2939=DIRECTION('',(0.,-1.,0.));
#2940=DIRECTION('center_axis',(-1.,0.,-1.75566507247466E-15));
#2941=DIRECTION('ref_axis',(0.,-0.472422894241438,0.881372003751278));
#2942=DIRECTION('center_axis',(-1.,0.,-1.75566507247466E-15));
#2943=DIRECTION('ref_axis',(0.,-1.,0.));
#2944=DIRECTION('center_axis',(-1.,0.,-1.75566507247466E-15));
#2945=DIRECTION('ref_axis',(0.,-0.473284747053427,-0.880909500576861));
#2946=DIRECTION('',(3.1410567629099E-18,0.999998399563001,-0.00178909793909751));
#2947=DIRECTION('center_axis',(-1.,0.,-1.75566507247466E-15));
#2948=DIRECTION('ref_axis',(0.,0.768316928650389,-0.640069603362972));
#2949=DIRECTION('',(-1.72621888115787E-15,-0.18238118859951,0.983227899342279));
#2950=DIRECTION('center_axis',(1.,0.,1.75566507247466E-15));
#2951=DIRECTION('ref_axis',(0.,-1.,0.));
#2952=DIRECTION('',(-1.82020060406051E-27,-1.,1.03675845273546E-12));
#2953=DIRECTION('center_axis',(-1.,0.,-1.75566507247466E-15));
#2954=DIRECTION('ref_axis',(0.,-0.707106781185814,0.707106781187281));
#2955=DIRECTION('',(1.75566507247466E-15,-1.03763151916104E-12,-1.));
#2956=DIRECTION('center_axis',(-1.,0.,-1.75566507247466E-15));
#2957=DIRECTION('ref_axis',(0.,-1.,0.));
#2958=DIRECTION('center_axis',(-1.,0.,-1.75566507247466E-15));
#2959=DIRECTION('ref_axis',(0.,-1.,0.));
#2960=DIRECTION('center_axis',(-1.,0.,-1.75566507247466E-15));
#2961=DIRECTION('ref_axis',(0.,-1.,0.));
#2962=DIRECTION('center_axis',(-1.,0.,-1.75566507247466E-15));
#2963=DIRECTION('ref_axis',(0.,-1.,0.));
#2964=DIRECTION('center_axis',(-1.,0.,-1.75566507247466E-15));
#2965=DIRECTION('ref_axis',(0.,-1.,0.));
#2966=DIRECTION('',(1.75566507247466E-15,-6.93889390390719E-16,-1.));
#2967=DIRECTION('center_axis',(-1.,0.,-1.75566507247466E-15));
#2968=DIRECTION('ref_axis',(0.,-1.,0.));
#2969=DIRECTION('',(-1.75566507247466E-15,6.93889390390722E-16,1.));
#2970=DIRECTION('center_axis',(-1.,0.,-1.75566507247466E-15));
#2971=DIRECTION('ref_axis',(0.,-1.,0.));
#2972=DIRECTION('center_axis',(-1.,0.,-1.75566507247466E-15));
#2973=DIRECTION('ref_axis',(0.,-1.,0.));
#2974=DIRECTION('',(-1.75566507247466E-15,1.03654307455876E-15,1.));
#2975=DIRECTION('center_axis',(-1.,0.,-1.75566507247466E-15));
#2976=DIRECTION('ref_axis',(0.,-1.,0.));
#2977=DIRECTION('',(1.75566507247466E-15,1.4252467275183E-15,-1.));
#2978=DIRECTION('center_axis',(-1.,0.,-1.75566507247466E-15));
#2979=DIRECTION('ref_axis',(0.,-1.,0.));
#2980=DIRECTION('',(-1.75566507247466E-15,0.,1.));
#2981=DIRECTION('center_axis',(-1.,0.,-1.75566507247466E-15));
#2982=DIRECTION('ref_axis',(0.,-1.,0.));
#2983=DIRECTION('',(1.75566507247466E-15,0.,-1.));
#2984=DIRECTION('center_axis',(1.,0.,0.));
#2985=DIRECTION('ref_axis',(0.,-0.707106781185814,0.707106781187281));
#2986=DIRECTION('',(-1.,0.,0.));
#2987=DIRECTION('center_axis',(1.,0.,1.74838271594513E-15));
#2988=DIRECTION('ref_axis',(0.,-0.707106781185814,0.707106781187281));
#2989=DIRECTION('',(1.,0.,0.));
#2990=DIRECTION('center_axis',(0.,-1.03675845273546E-12,-1.));
#2991=DIRECTION('ref_axis',(0.,1.,-1.03675845273546E-12));
#2992=DIRECTION('',(1.,0.,0.));
#2993=DIRECTION('',(1.81265055937269E-27,1.,-1.03675845273546E-12));
#2994=DIRECTION('center_axis',(-1.,4.91486654772321E-16,-1.59713768968373E-15));
#2995=DIRECTION('ref_axis',(5.07530525542929E-16,-0.830726401471322,-0.556680919287259));
#2996=DIRECTION('',(-1.,4.91486654772321E-16,-1.59713768968373E-15));
#2997=DIRECTION('center_axis',(1.,0.,1.74838271594513E-15));
#2998=DIRECTION('ref_axis',(5.07530525542929E-16,-0.830726401471322,-0.556680919287259));
#2999=DIRECTION('',(-1.,0.,-1.74838271594513E-15));
#3000=DIRECTION('center_axis',(0.,0.955768970736713,0.294118470308964));
#3001=DIRECTION('ref_axis',(0.,-0.294118470308964,0.955768970736713));
#3002=DIRECTION('',(1.,0.,0.));
#3003=DIRECTION('',(-1.67104994887273E-15,-0.294118470308964,0.955768970736713));
#3004=DIRECTION('center_axis',(1.,4.91486654772319E-16,1.59713768968373E-15));
#3005=DIRECTION('ref_axis',(5.07530525542929E-16,0.830726401471321,-0.55668091928726));
#3006=DIRECTION('center_axis',(1.,0.,1.74838271594513E-15));
#3007=DIRECTION('ref_axis',(5.07530525542929E-16,0.830726401471321,-0.55668091928726));
#3008=DIRECTION('',(1.,4.91486654772319E-16,1.59713768968373E-15));
#3009=DIRECTION('',(-1.,0.,-1.74838271594513E-15));
#3010=DIRECTION('center_axis',(0.,-0.955768970736713,0.294118470308963));
#3011=DIRECTION('ref_axis',(0.,-0.294118470308963,-0.955768970736713));
#3012=DIRECTION('',(1.67104994887273E-15,-0.294118470308963,-0.955768970736713));
#3013=DIRECTION('',(-1.,0.,0.));
#3014=DIRECTION('center_axis',(1.,9.74037188548738E-16,-6.49416686143426E-16));
#3015=DIRECTION('ref_axis',(-1.01506105108586E-15,0.830726401471318,-0.556680919287265));
#3016=DIRECTION('center_axis',(1.,0.,0.));
#3017=DIRECTION('ref_axis',(-1.01506105108586E-15,0.830726401471318,-0.556680919287265));
#3018=DIRECTION('',(1.,9.74037188548738E-16,-6.49416686143426E-16));
#3019=DIRECTION('center_axis',(-1.,0.,0.));
#3020=DIRECTION('ref_axis',(-1.01506105108586E-15,0.830726401471318,-0.556680919287265));
#3021=DIRECTION('',(1.,0.,-3.49676543189026E-16));
#3022=DIRECTION('center_axis',(1.12195996348013E-15,-0.955768970736712,
0.294118470308967));
#3023=DIRECTION('ref_axis',(3.34209989774546E-15,0.294118470308967,0.955768970736712));
#3024=DIRECTION('',(0.,-0.294118470308967,-0.955768970736712));
#3025=DIRECTION('',(-1.,0.,3.81465319842554E-15));
#3026=DIRECTION('',(0.,0.294118470308967,0.955768970736712));
#3027=DIRECTION('center_axis',(1.,0.,0.));
#3028=DIRECTION('ref_axis',(0.,0.,-1.));
#3029=DIRECTION('',(0.,-1.,0.));
#3030=DIRECTION('center_axis',(1.,0.,0.));
#3031=DIRECTION('ref_axis',(-1.01506105108586E-15,-0.830726401471316,-0.556680919287267));
#3032=DIRECTION('',(0.,-0.29411847030897,0.955768970736711));
#3033=DIRECTION('center_axis',(1.,0.,0.));
#3034=DIRECTION('ref_axis',(0.,-0.80439992239836,0.59408817935178));
#3035=DIRECTION('',(0.,1.,0.));
#3036=DIRECTION('center_axis',(1.,0.,0.));
#3037=DIRECTION('ref_axis',(0.,0.472422894241444,0.881372003751275));
#3038=DIRECTION('center_axis',(1.,0.,0.));
#3039=DIRECTION('ref_axis',(0.,1.,0.));
#3040=DIRECTION('center_axis',(1.,0.,0.));
#3041=DIRECTION('ref_axis',(0.,0.472422894241436,-0.881372003751279));
#3042=DIRECTION('',(0.,-1.,0.));
#3043=DIRECTION('center_axis',(1.,0.,0.));
#3044=DIRECTION('ref_axis',(0.,-0.866025403784443,-0.499999999999993));
#3045=DIRECTION('center_axis',(-1.,0.,0.));
#3046=DIRECTION('ref_axis',(0.,1.,0.));
#3047=DIRECTION('',(0.,0.99084559846628,0.135));
#3048=DIRECTION('center_axis',(-1.,0.,0.));
#3049=DIRECTION('ref_axis',(0.,1.,0.));
#3050=DIRECTION('',(0.,0.99084559846628,-0.135));
#3051=DIRECTION('center_axis',(-1.,0.,0.));
#3052=DIRECTION('ref_axis',(0.,1.,0.));
#3053=DIRECTION('center_axis',(1.,0.,0.));
#3054=DIRECTION('ref_axis',(0.,0.866025403784437,-0.500000000000004));
#3055=DIRECTION('',(0.,-1.,0.));
#3056=DIRECTION('center_axis',(1.,0.,0.));
#3057=DIRECTION('ref_axis',(0.,-0.472422894241442,-0.881372003751276));
#3058=DIRECTION('center_axis',(1.,0.,0.));
#3059=DIRECTION('ref_axis',(0.,1.,0.));
#3060=DIRECTION('center_axis',(1.,0.,0.));
#3061=DIRECTION('ref_axis',(0.,-0.472422894241442,0.881372003751276));
#3062=DIRECTION('',(0.,1.,0.));
#3063=DIRECTION('center_axis',(1.,0.,0.));
#3064=DIRECTION('ref_axis',(0.,0.80439992239836,0.59408817935178));
#3065=DIRECTION('center_axis',(1.,0.,0.));
#3066=DIRECTION('ref_axis',(0.,-1.,0.));
#3067=DIRECTION('center_axis',(1.,0.,0.));
#3068=DIRECTION('ref_axis',(0.,-1.,0.));
#3069=DIRECTION('center_axis',(1.,0.,0.));
#3070=DIRECTION('ref_axis',(0.,1.,0.));
#3071=DIRECTION('center_axis',(1.,0.,0.));
#3072=DIRECTION('ref_axis',(0.,1.,0.));
#3073=DIRECTION('center_axis',(1.,0.,0.));
#3074=DIRECTION('ref_axis',(0.,1.,0.));
#3075=DIRECTION('center_axis',(-1.,9.74037188548747E-16,6.49416686143432E-16));
#3076=DIRECTION('ref_axis',(-1.01506105108586E-15,-0.830726401471316,-0.556680919287267));
#3077=DIRECTION('center_axis',(-1.,0.,0.));
#3078=DIRECTION('ref_axis',(-1.01506105108586E-15,-0.830726401471316,-0.556680919287267));
#3079=DIRECTION('',(-1.,9.74037188548747E-16,6.49416686143432E-16));
#3080=DIRECTION('',(1.,0.,-3.49676543189026E-16));
#3081=DIRECTION('center_axis',(0.,-0.788010753606721,0.615661475325659));
#3082=DIRECTION('ref_axis',(-0.707106781186548,0.435338404118088,0.557207747523234));
#3083=DIRECTION('center_axis',(0.,0.788010753606721,-0.615661475325659));
#3084=DIRECTION('ref_axis',(-0.707106781186548,0.435338404118088,0.557207747523234));
#3085=DIRECTION('',(0.,0.788010753606721,-0.615661475325659));
#3086=DIRECTION('center_axis',(0.,-0.788010753606721,0.61566147532566));
#3087=DIRECTION('ref_axis',(-0.707106781186548,0.435338404118088,0.557207747523234));
#3088=DIRECTION('',(0.,-0.788010753606721,0.615661475325659));
#3089=DIRECTION('center_axis',(-1.,0.,0.));
#3090=DIRECTION('ref_axis',(0.,-0.615661475325659,-0.788010753606721));
#3091=DIRECTION('',(0.,0.61566147532566,0.788010753606721));
#3092=DIRECTION('',(0.,-0.788010753606721,0.615661475325659));
#3093=DIRECTION('',(0.,-0.615661475325659,-0.788010753606721));
#3094=DIRECTION('center_axis',(0.,0.788010753606721,-0.61566147532566));
#3095=DIRECTION('ref_axis',(-1.,0.,0.));
#3096=DIRECTION('',(1.,0.,0.));
#3097=DIRECTION('center_axis',(0.,-0.788010753606721,0.61566147532566));
#3098=DIRECTION('ref_axis',(0.707106781186547,0.435338404118089,0.557207747523234));
#3099=DIRECTION('',(0.,0.61566147532566,0.788010753606721));
#3100=DIRECTION('',(-1.,0.,0.));
#3101=DIRECTION('center_axis',(0.,-0.788010753606721,0.615661475325659));
#3102=DIRECTION('ref_axis',(0.707106781186547,0.435338404118089,0.557207747523234));
#3103=DIRECTION('center_axis',(0.,0.788010753606721,-0.615661475325659));
#3104=DIRECTION('ref_axis',(0.707106781186547,0.435338404118089,0.557207747523234));
#3105=DIRECTION('',(0.,0.788010753606721,-0.615661475325659));
#3106=DIRECTION('',(0.,-0.788010753606721,0.615661475325659));
#3107=DIRECTION('center_axis',(1.,0.,0.));
#3108=DIRECTION('ref_axis',(0.,0.61566147532566,0.788010753606721));
#3109=DIRECTION('',(0.,0.61566147532566,0.788010753606721));
#3110=DIRECTION('',(0.,0.788010753606721,-0.615661475325659));
#3111=DIRECTION('center_axis',(0.,0.788010753606721,0.615661475325659));
#3112=DIRECTION('ref_axis',(0.707106781186548,-0.435338404118088,0.557207747523234));
#3113=DIRECTION('center_axis',(0.,-0.788010753606721,-0.615661475325659));
#3114=DIRECTION('ref_axis',(0.707106781186548,-0.435338404118088,0.557207747523234));
#3115=DIRECTION('',(0.,-0.788010753606721,-0.615661475325659));
#3116=DIRECTION('center_axis',(0.,0.788010753606721,0.61566147532566));
#3117=DIRECTION('ref_axis',(0.707106781186548,-0.435338404118088,0.557207747523234));
#3118=DIRECTION('',(0.,0.788010753606721,0.615661475325659));
#3119=DIRECTION('center_axis',(1.,0.,0.));
#3120=DIRECTION('ref_axis',(0.,0.615661475325659,-0.788010753606721));
#3121=DIRECTION('',(0.,-0.61566147532566,0.788010753606721));
#3122=DIRECTION('',(0.,0.788010753606721,0.615661475325659));
#3123=DIRECTION('',(0.,0.615661475325659,-0.788010753606721));
#3124=DIRECTION('center_axis',(0.,-0.788010753606721,-0.61566147532566));
#3125=DIRECTION('ref_axis',(-1.,0.,0.));
#3126=DIRECTION('',(-1.,0.,0.));
#3127=DIRECTION('center_axis',(0.,0.788010753606721,0.61566147532566));
#3128=DIRECTION('ref_axis',(-0.707106781186547,-0.435338404118089,0.557207747523235));
#3129=DIRECTION('',(0.,-0.61566147532566,0.788010753606721));
#3130=DIRECTION('',(1.,0.,0.));
#3131=DIRECTION('center_axis',(0.,0.788010753606721,0.615661475325659));
#3132=DIRECTION('ref_axis',(-0.707106781186547,-0.435338404118089,0.557207747523235));
#3133=DIRECTION('center_axis',(0.,-0.788010753606721,-0.615661475325659));
#3134=DIRECTION('ref_axis',(-0.707106781186547,-0.435338404118089,0.557207747523235));
#3135=DIRECTION('',(0.,-0.788010753606721,-0.615661475325659));
#3136=DIRECTION('',(0.,0.788010753606721,0.615661475325659));
#3137=DIRECTION('center_axis',(-1.,0.,0.));
#3138=DIRECTION('ref_axis',(0.,-0.61566147532566,0.788010753606721));
#3139=DIRECTION('',(0.,-0.61566147532566,0.788010753606721));
#3140=DIRECTION('',(0.,-0.788010753606721,-0.615661475325659));
#3141=DIRECTION('center_axis',(1.,0.,0.));
#3142=DIRECTION('ref_axis',(0.,-1.,0.));
#3143=DIRECTION('',(1.,0.,0.));
#3144=DIRECTION('center_axis',(-1.,0.,0.));
#3145=DIRECTION('ref_axis',(0.,-1.,0.));
#3146=DIRECTION('center_axis',(1.,0.,0.));
#3147=DIRECTION('ref_axis',(0.,-1.,0.));
#3148=DIRECTION('',(1.,0.,0.));
#3149=DIRECTION('center_axis',(-1.,0.,0.));
#3150=DIRECTION('ref_axis',(0.,-1.,0.));
#3151=DIRECTION('center_axis',(1.,0.,0.));
#3152=DIRECTION('ref_axis',(0.,0.804399922398357,0.594088179351784));
#3153=DIRECTION('center_axis',(1.,0.,1.74838271594513E-15));
#3154=DIRECTION('ref_axis',(0.,0.804399922398357,0.594088179351784));
#3155=DIRECTION('',(1.,0.,0.));
#3156=DIRECTION('center_axis',(-1.,0.,3.81465319842554E-15));
#3157=DIRECTION('ref_axis',(0.,0.80439992239836,0.59408817935178));
#3158=DIRECTION('',(1.,0.,-3.81465319842554E-15));
#3159=DIRECTION('center_axis',(-1.,0.,0.));
#3160=DIRECTION('ref_axis',(0.,0.80439992239836,0.59408817935178));
#3161=DIRECTION('center_axis',(-3.81465319842554E-15,0.,-1.));
#3162=DIRECTION('ref_axis',(0.,-1.,0.));
#3163=DIRECTION('',(-1.,0.,3.81465319842554E-15));
#3164=DIRECTION('',(0.,-1.,0.));
#3165=DIRECTION('center_axis',(-1.,0.,3.81465319842554E-15));
#3166=DIRECTION('ref_axis',(0.,-0.80439992239836,0.59408817935178));
#3167=DIRECTION('',(1.,0.,-3.81465319842554E-15));
#3168=DIRECTION('center_axis',(-1.,0.,0.));
#3169=DIRECTION('ref_axis',(0.,-0.80439992239836,0.59408817935178));
#3170=DIRECTION('',(-1.,0.,3.81465319842554E-15));
#3171=DIRECTION('center_axis',(1.12195996348014E-15,0.955768970736711,0.29411847030897));
#3172=DIRECTION('ref_axis',(-3.34209989774546E-15,0.29411847030897,-0.955768970736711));
#3173=DIRECTION('',(0.,0.29411847030897,-0.955768970736711));
#3174=DIRECTION('center_axis',(1.,0.,0.));
#3175=DIRECTION('ref_axis',(0.,-0.804399922398351,0.594088179351792));
#3176=DIRECTION('',(-1.,0.,0.));
#3177=DIRECTION('center_axis',(1.,0.,1.74838271594513E-15));
#3178=DIRECTION('ref_axis',(0.,-0.804399922398351,0.594088179351792));
#3179=DIRECTION('center_axis',(0.,0.,-1.));
#3180=DIRECTION('ref_axis',(0.,1.,0.));
#3181=DIRECTION('',(1.,0.,0.));
#3182=DIRECTION('',(0.,1.,0.));
#3183=DIRECTION('center_axis',(1.,0.,0.));
#3184=DIRECTION('ref_axis',(0.,0.768316928650389,-0.640069603362972));
#3185=DIRECTION('',(-1.,0.,0.));
#3186=DIRECTION('center_axis',(1.,0.,1.74838271594513E-15));
#3187=DIRECTION('ref_axis',(0.,0.768316928650389,-0.640069603362972));
#3188=DIRECTION('',(1.,0.,0.));
#3189=DIRECTION('center_axis',(0.,0.00178909793909751,0.999998399563002));
#3190=DIRECTION('ref_axis',(0.,-0.999998399563001,0.00178909793909751));
#3191=DIRECTION('',(1.,0.,0.));
#3192=DIRECTION('',(-3.12802791385115E-18,-0.999998399563001,0.00178909793909751));
#3193=DIRECTION('center_axis',(1.,0.,0.));
#3194=DIRECTION('ref_axis',(0.,-0.768889195072798,-0.639382049873396));
#3195=DIRECTION('',(-1.,0.,0.));
#3196=DIRECTION('center_axis',(1.,0.,1.74838271594513E-15));
#3197=DIRECTION('ref_axis',(0.,-0.768889195072798,-0.639382049873396));
#3198=DIRECTION('',(1.,0.,0.));
#3199=DIRECTION('center_axis',(0.,0.983227899342299,-0.1823811885994));
#3200=DIRECTION('ref_axis',(0.,0.1823811885994,0.983227899342299));
#3201=DIRECTION('',(1.,0.,0.));
#3202=DIRECTION('',(-1.71905866504511E-15,0.1823811885994,0.983227899342299));
#3203=DIRECTION('center_axis',(1.,0.,0.));
#3204=DIRECTION('ref_axis',(0.,-0.473284747053427,-0.880909500576861));
#3205=DIRECTION('',(-1.,0.,0.));
#3206=DIRECTION('center_axis',(1.,0.,1.74838271594513E-15));
#3207=DIRECTION('ref_axis',(0.,-0.473284747053427,-0.880909500576861));
#3208=DIRECTION('center_axis',(1.,0.,0.));
#3209=DIRECTION('ref_axis',(0.,-1.,0.));
#3210=DIRECTION('',(1.,0.,0.));
#3211=DIRECTION('center_axis',(1.,0.,1.74838271594513E-15));
#3212=DIRECTION('ref_axis',(0.,-1.,0.));
#3213=DIRECTION('center_axis',(1.,0.,0.));
#3214=DIRECTION('ref_axis',(0.,-0.472422894241438,0.881372003751278));
#3215=DIRECTION('',(-1.,0.,0.));
#3216=DIRECTION('center_axis',(1.,0.,1.74838271594513E-15));
#3217=DIRECTION('ref_axis',(0.,-0.472422894241438,0.881372003751278));
#3218=DIRECTION('center_axis',(0.,0.,-1.));
#3219=DIRECTION('ref_axis',(0.,1.,0.));
#3220=DIRECTION('',(0.,1.,0.));
#3221=DIRECTION('center_axis',(1.,0.,0.));
#3222=DIRECTION('ref_axis',(0.,0.472422894241442,-0.881372003751276));
#3223=DIRECTION('',(-1.,0.,0.));
#3224=DIRECTION('center_axis',(1.,0.,1.74838271594513E-15));
#3225=DIRECTION('ref_axis',(0.,0.472422894241442,-0.881372003751276));
#3226=DIRECTION('',(1.,0.,0.));
#3227=DIRECTION('center_axis',(0.,0.,1.));
#3228=DIRECTION('ref_axis',(0.,-1.,0.));
#3229=DIRECTION('',(0.,-1.,0.));
#3230=DIRECTION('center_axis',(1.,0.,0.));
#3231=DIRECTION('ref_axis',(0.,0.472422894241436,0.881372003751279));
#3232=DIRECTION('',(-1.,0.,0.));
#3233=DIRECTION('center_axis',(1.,0.,1.74838271594513E-15));
#3234=DIRECTION('ref_axis',(0.,0.472422894241436,0.881372003751279));
#3235=DIRECTION('center_axis',(-1.,0.,3.81465319842554E-15));
#3236=DIRECTION('ref_axis',(0.,0.472422894241436,-0.881372003751279));
#3237=DIRECTION('',(1.,0.,-3.81465319842554E-15));
#3238=DIRECTION('center_axis',(-1.,0.,0.));
#3239=DIRECTION('ref_axis',(0.,0.472422894241436,-0.881372003751279));
#3240=DIRECTION('',(-1.,0.,3.81465319842554E-15));
#3241=DIRECTION('center_axis',(-1.,0.,3.81465319842554E-15));
#3242=DIRECTION('ref_axis',(0.,1.,0.));
#3243=DIRECTION('',(-1.,0.,3.81465319842554E-15));
#3244=DIRECTION('center_axis',(-1.,0.,0.));
#3245=DIRECTION('ref_axis',(0.,1.,0.));
#3246=DIRECTION('center_axis',(-1.,0.,3.81465319842554E-15));
#3247=DIRECTION('ref_axis',(0.,0.472422894241444,0.881372003751275));
#3248=DIRECTION('',(1.,0.,-3.81465319842554E-15));
#3249=DIRECTION('center_axis',(-1.,0.,0.));
#3250=DIRECTION('ref_axis',(0.,0.472422894241444,0.881372003751275));
#3251=DIRECTION('center_axis',(-3.81465319842554E-15,0.,-1.));
#3252=DIRECTION('ref_axis',(0.,-1.,0.));
#3253=DIRECTION('',(0.,-1.,0.));
#3254=DIRECTION('center_axis',(-1.,0.,3.81465319842554E-15));
#3255=DIRECTION('ref_axis',(0.,-0.472422894241442,-0.881372003751276));
#3256=DIRECTION('',(1.,0.,-3.81465319842554E-15));
#3257=DIRECTION('center_axis',(-1.,0.,0.));
#3258=DIRECTION('ref_axis',(0.,-0.472422894241442,-0.881372003751276));
#3259=DIRECTION('',(-1.,0.,3.81465319842554E-15));
#3260=DIRECTION('center_axis',(-1.,0.,3.81465319842554E-15));
#3261=DIRECTION('ref_axis',(4.67160282930906E-31,-1.,1.22464679914735E-16));
#3262=DIRECTION('center_axis',(-1.,0.,0.));
#3263=DIRECTION('ref_axis',(0.,1.,0.));
#3264=DIRECTION('',(1.,0.,-3.81465319842554E-15));
#3265=DIRECTION('center_axis',(-1.,0.,3.81465319842554E-15));
#3266=DIRECTION('ref_axis',(0.,-0.472422894241442,0.881372003751276));
#3267=DIRECTION('center_axis',(-1.,0.,0.));
#3268=DIRECTION('ref_axis',(0.,-0.472422894241442,0.881372003751276));
#3269=DIRECTION('center_axis',(-1.,4.55449055982523E-31,3.81465319842554E-15));
#3270=DIRECTION('ref_axis',(0.,0.866025403784437,-0.500000000000004));
#3271=DIRECTION('',(1.,0.,-3.81465319842554E-15));
#3272=DIRECTION('center_axis',(-1.,0.,0.));
#3273=DIRECTION('ref_axis',(0.,0.866025403784437,-0.500000000000004));
#3274=DIRECTION('',(-1.,4.55449055982523E-31,3.81465319842554E-15));
#3275=DIRECTION('center_axis',(-1.,0.,3.81465319842554E-15));
#3276=DIRECTION('ref_axis',(0.,1.,0.));
#3277=DIRECTION('',(-1.,0.,3.81465319842554E-15));
#3278=DIRECTION('center_axis',(1.,0.,0.));
#3279=DIRECTION('ref_axis',(0.,1.,0.));
#3280=DIRECTION('center_axis',(-1.,0.,3.81465319842554E-15));
#3281=DIRECTION('ref_axis',(0.,-0.866025403784443,-0.499999999999993));
#3282=DIRECTION('',(1.,0.,-3.81465319842554E-15));
#3283=DIRECTION('center_axis',(-1.,0.,0.));
#3284=DIRECTION('ref_axis',(0.,-0.866025403784443,-0.499999999999993));
#3285=DIRECTION('',(-1.,0.,3.81465319842554E-15));
#3286=DIRECTION('center_axis',(-1.,0.,3.81465319842554E-15));
#3287=DIRECTION('ref_axis',(0.,1.,0.));
#3288=DIRECTION('center_axis',(1.,0.,0.));
#3289=DIRECTION('ref_axis',(0.,1.,0.));
#3290=DIRECTION('',(-1.,0.,3.81465319842554E-15));
#3291=DIRECTION('center_axis',(0.,0.,1.));
#3292=DIRECTION('ref_axis',(1.,0.,0.));
#3293=DIRECTION('center_axis',(0.,0.,1.));
#3294=DIRECTION('ref_axis',(1.,0.,0.));
#3295=DIRECTION('',(0.,0.,1.));
#3296=DIRECTION('center_axis',(0.,0.,-1.));
#3297=DIRECTION('ref_axis',(1.,0.,0.));
#3298=DIRECTION('center_axis',(0.,0.,1.));
#3299=DIRECTION('ref_axis',(1.,0.,0.));
#3300=DIRECTION('center_axis',(0.,0.,1.));
#3301=DIRECTION('ref_axis',(1.,0.,0.));
#3302=DIRECTION('',(0.,0.,1.));
#3303=DIRECTION('center_axis',(0.,0.,-1.));
#3304=DIRECTION('ref_axis',(1.,0.,0.));
#3305=DIRECTION('center_axis',(0.,0.,1.));
#3306=DIRECTION('ref_axis',(1.,0.,0.));
#3307=DIRECTION('center_axis',(0.,0.,1.));
#3308=DIRECTION('ref_axis',(1.,0.,0.));
#3309=DIRECTION('',(0.,0.,1.));
#3310=DIRECTION('center_axis',(0.,0.,-1.));
#3311=DIRECTION('ref_axis',(1.,0.,0.));
#3312=DIRECTION('center_axis',(0.,0.,1.));
#3313=DIRECTION('ref_axis',(1.,0.,0.));
#3314=DIRECTION('center_axis',(0.,0.,1.));
#3315=DIRECTION('ref_axis',(1.,0.,0.));
#3316=DIRECTION('',(0.,0.,1.));
#3317=DIRECTION('center_axis',(0.,0.,-1.));
#3318=DIRECTION('ref_axis',(1.,0.,0.));
#3319=DIRECTION('center_axis',(0.,0.,1.));
#3320=DIRECTION('ref_axis',(1.,0.,0.));
#3321=DIRECTION('center_axis',(0.,0.,1.));
#3322=DIRECTION('ref_axis',(1.,0.,0.));
#3323=DIRECTION('',(0.,0.,1.));
#3324=DIRECTION('center_axis',(0.,0.,-1.));
#3325=DIRECTION('ref_axis',(1.,0.,0.));
#3326=DIRECTION('center_axis',(0.,0.,1.));
#3327=DIRECTION('ref_axis',(1.,0.,0.));
#3328=DIRECTION('center_axis',(0.,0.,1.));
#3329=DIRECTION('ref_axis',(1.,0.,0.));
#3330=DIRECTION('',(0.,0.,1.));
#3331=DIRECTION('center_axis',(0.,0.,-1.));
#3332=DIRECTION('ref_axis',(1.,0.,0.));
#3333=DIRECTION('center_axis',(1.,0.,0.));
#3334=DIRECTION('ref_axis',(0.,-1.,0.));
#3335=DIRECTION('',(1.,0.,0.));
#3336=DIRECTION('center_axis',(1.,0.,1.74838271594513E-15));
#3337=DIRECTION('ref_axis',(0.,-1.,0.));
#3338=DIRECTION('',(1.,0.,0.));
#3339=DIRECTION('center_axis',(0.,-1.,0.));
#3340=DIRECTION('ref_axis',(0.,0.,-1.));
#3341=DIRECTION('',(1.74838271594513E-15,0.,-1.));
#3342=DIRECTION('',(1.,0.,0.));
#3343=DIRECTION('center_axis',(1.,0.,0.));
#3344=DIRECTION('ref_axis',(0.,1.83697019872103E-16,1.));
#3345=DIRECTION('center_axis',(1.,0.,1.74838271594513E-15));
#3346=DIRECTION('ref_axis',(0.,-1.,0.));
#3347=DIRECTION('',(1.,0.,0.));
#3348=DIRECTION('center_axis',(0.,1.,0.));
#3349=DIRECTION('ref_axis',(0.,0.,1.));
#3350=DIRECTION('',(-1.74838271594513E-15,0.,1.));
#3351=DIRECTION('center_axis',(1.,0.,0.));
#3352=DIRECTION('ref_axis',(0.,-1.,0.));
#3353=DIRECTION('',(1.,0.,0.));
#3354=DIRECTION('center_axis',(1.,0.,1.74838271594513E-15));
#3355=DIRECTION('ref_axis',(0.,-1.,0.));
#3356=DIRECTION('',(1.,0.,0.));
#3357=DIRECTION('center_axis',(0.,-1.,1.03654307455876E-15));
#3358=DIRECTION('ref_axis',(0.,-1.03654307455876E-15,-1.));
#3359=DIRECTION('',(1.74838271594513E-15,-1.03654307455876E-15,-1.));
#3360=DIRECTION('',(1.,0.,0.));
#3361=DIRECTION('center_axis',(1.,0.,0.));
#3362=DIRECTION('ref_axis',(0.,-1.,0.));
#3363=DIRECTION('center_axis',(1.,0.,1.74838271594513E-15));
#3364=DIRECTION('ref_axis',(0.,-1.,0.));
#3365=DIRECTION('',(1.,0.,0.));
#3366=DIRECTION('center_axis',(0.,1.,1.4252467275183E-15));
#3367=DIRECTION('ref_axis',(0.,-1.4252467275183E-15,1.));
#3368=DIRECTION('',(-1.74838271594513E-15,-1.4252467275183E-15,1.));
#3369=DIRECTION('center_axis',(0.,1.,-6.93889390390719E-16));
#3370=DIRECTION('ref_axis',(0.,6.93889390390719E-16,1.));
#3371=DIRECTION('',(1.,0.,0.));
#3372=DIRECTION('',(-1.74838271594513E-15,6.93889390390719E-16,1.));
#3373=DIRECTION('',(1.,0.,0.));
#3374=DIRECTION('center_axis',(1.,0.,0.));
#3375=DIRECTION('ref_axis',(0.,-1.,0.));
#3376=DIRECTION('center_axis',(1.,0.,1.74838271594513E-15));
#3377=DIRECTION('ref_axis',(0.,-1.,0.));
#3378=DIRECTION('',(1.,0.,0.));
#3379=DIRECTION('center_axis',(0.,-1.,6.93889390390722E-16));
#3380=DIRECTION('ref_axis',(0.,-6.93889390390722E-16,-1.));
#3381=DIRECTION('',(1.74838271594513E-15,-6.93889390390722E-16,-1.));
#3382=DIRECTION('',(1.,0.,0.));
#3383=DIRECTION('center_axis',(1.,0.,0.));
#3384=DIRECTION('ref_axis',(0.,-7.04481399828022E-16,1.));
#3385=DIRECTION('center_axis',(1.,0.,1.74838271594513E-15));
#3386=DIRECTION('ref_axis',(0.,-1.,0.));
#3387=DIRECTION('center_axis',(1.,0.,0.));
#3388=DIRECTION('ref_axis',(0.,-1.,0.));
#3389=DIRECTION('center_axis',(1.,0.,1.74838271594513E-15));
#3390=DIRECTION('ref_axis',(0.,-1.,0.));
#3391=DIRECTION('',(1.,0.,0.));
#3392=DIRECTION('center_axis',(1.,0.,0.));
#3393=DIRECTION('ref_axis',(0.,-1.,0.));
#3394=DIRECTION('center_axis',(1.,0.,1.74838271594513E-15));
#3395=DIRECTION('ref_axis',(0.,-1.,0.));
#3396=DIRECTION('',(1.,0.,0.));
#3397=DIRECTION('center_axis',(0.,-0.983227899342279,-0.18238118859951));
#3398=DIRECTION('ref_axis',(0.,0.18238118859951,-0.983227899342279));
#3399=DIRECTION('',(1.71905866504508E-15,0.18238118859951,-0.983227899342279));
#3400=DIRECTION('',(1.,0.,0.));
#3401=DIRECTION('center_axis',(1.,0.,0.));
#3402=DIRECTION('ref_axis',(0.,-1.,0.));
#3403=DIRECTION('center_axis',(-1.,0.,-1.74838271594513E-15));
#3404=DIRECTION('ref_axis',(0.,-1.,0.));
#3405=DIRECTION('center_axis',(0.,1.,-1.03763151916104E-12));
#3406=DIRECTION('ref_axis',(0.,1.03763151916104E-12,1.));
#3407=DIRECTION('',(-1.74838271594513E-15,1.03763151916104E-12,1.));
#3408=DIRECTION('',(1.,0.,0.));
#3409=DIRECTION('center_axis',(1.,0.,0.));
#3410=DIRECTION('ref_axis',(0.,-1.,0.));
#3411=DIRECTION('center_axis',(1.,0.,1.74838271594513E-15));
#3412=DIRECTION('ref_axis',(0.,-1.,0.));
#3413=DIRECTION('center_axis',(0.,1.03741880843784E-12,-1.));
#3414=DIRECTION('ref_axis',(0.,1.,1.03741880843784E-12));
#3415=DIRECTION('',(-1.81380511386911E-27,1.,1.03741880843784E-12));
#3416=DIRECTION('',(1.,0.,0.));
#3417=DIRECTION('center_axis',(1.,0.,0.));
#3418=DIRECTION('ref_axis',(0.,-1.,0.));
#3419=DIRECTION('center_axis',(-1.,0.,-1.74838271594513E-15));
#3420=DIRECTION('ref_axis',(0.,-1.,0.));
#3421=DIRECTION('center_axis',(1.,0.,0.));
#3422=DIRECTION('ref_axis',(0.,1.,-7.6571373978539E-16));
#3423=DIRECTION('center_axis',(1.,0.,1.74838271594513E-15));
#3424=DIRECTION('ref_axis',(0.,-1.,0.));
#3425=DIRECTION('center_axis',(1.,0.,0.));
#3426=DIRECTION('ref_axis',(0.,-1.,0.));
#3427=DIRECTION('center_axis',(1.,0.,1.74838271594513E-15));
#3428=DIRECTION('ref_axis',(0.,-1.,0.));
#3429=DIRECTION('',(1.,0.,0.));
#3430=DIRECTION('center_axis',(1.,0.,0.));
#3431=DIRECTION('ref_axis',(0.,-1.,0.));
#3432=DIRECTION('center_axis',(1.,0.,1.74838271594513E-15));
#3433=DIRECTION('ref_axis',(0.,-1.,0.));
#3434=DIRECTION('',(1.,0.,0.));
#3435=DIRECTION('center_axis',(1.,0.,0.));
#3436=DIRECTION('ref_axis',(0.,0.,-1.));
#3437=DIRECTION('',(1.,0.,0.));
#3438=DIRECTION('center_axis',(-1.,0.,0.));
#3439=DIRECTION('ref_axis',(0.,0.788010753606721,-0.61566147532566));
#3440=DIRECTION('',(-1.,0.,0.));
#3441=DIRECTION('center_axis',(1.,0.,0.));
#3442=DIRECTION('ref_axis',(0.,0.,-1.));
#3443=DIRECTION('center_axis',(-1.,0.,0.));
#3444=DIRECTION('ref_axis',(0.,0.,1.));
#3445=DIRECTION('center_axis',(1.,0.,0.));
#3446=DIRECTION('ref_axis',(0.,0.,-1.));
#3447=DIRECTION('',(0.,0.,-1.));
#3448=DIRECTION('center_axis',(1.,0.,0.));
#3449=DIRECTION('ref_axis',(0.,0.,-1.));
#3450=DIRECTION('',(0.,0.,1.));
#3451=DIRECTION('center_axis',(1.,0.,0.));
#3452=DIRECTION('ref_axis',(0.,0.,-1.));
#3453=DIRECTION('center_axis',(0.,0.615661475325659,0.788010753606721));
#3454=DIRECTION('ref_axis',(-1.,0.,0.));
#3455=DIRECTION('',(-1.,0.,0.));
#3456=DIRECTION('center_axis',(1.,0.,0.));
#3457=DIRECTION('ref_axis',(0.,0.,-1.));
#3458=DIRECTION('',(1.,0.,0.));
#3459=DIRECTION('center_axis',(0.,-0.788010753606721,0.615661475325659));
#3460=DIRECTION('ref_axis',(1.,0.,0.));
#3461=DIRECTION('center_axis',(-1.,0.,0.));
#3462=DIRECTION('ref_axis',(0.,0.,-1.));
#3463=DIRECTION('',(-1.,0.,0.));
#3464=DIRECTION('center_axis',(1.,0.,0.));
#3465=DIRECTION('ref_axis',(0.,-0.788010753606722,-0.615661475325659));
#3466=DIRECTION('',(1.,0.,0.));
#3467=DIRECTION('center_axis',(-1.,0.,0.));
#3468=DIRECTION('ref_axis',(0.,0.,-1.));
#3469=DIRECTION('center_axis',(1.,0.,0.));
#3470=DIRECTION('ref_axis',(0.,0.,-1.));
#3471=DIRECTION('center_axis',(-1.,0.,0.));
#3472=DIRECTION('ref_axis',(0.,0.,-1.));
#3473=DIRECTION('',(0.,0.,-1.));
#3474=DIRECTION('center_axis',(-1.,0.,0.));
#3475=DIRECTION('ref_axis',(0.,0.,1.));
#3476=DIRECTION('',(0.,0.,1.));
#3477=DIRECTION('center_axis',(-1.,0.,0.));
#3478=DIRECTION('ref_axis',(0.,0.,-1.));
#3479=DIRECTION('center_axis',(0.,-0.615661475325659,0.788010753606721));
#3480=DIRECTION('ref_axis',(1.,0.,0.));
#3481=DIRECTION('',(1.,0.,0.));
#3482=DIRECTION('center_axis',(-1.,0.,0.));
#3483=DIRECTION('ref_axis',(0.,0.,-1.));
#3484=DIRECTION('',(-1.,0.,0.));
#3485=DIRECTION('center_axis',(0.,0.788010753606721,0.615661475325659));
#3486=DIRECTION('ref_axis',(1.,0.,0.));
#3487=DIRECTION('center_axis',(0.,-1.,0.));
#3488=DIRECTION('ref_axis',(1.,0.,0.));
#3489=DIRECTION('',(-1.,0.,0.));
#3490=DIRECTION('center_axis',(0.,1.,0.));
#3491=DIRECTION('ref_axis',(0.,0.,-1.));
#3492=DIRECTION('center_axis',(0.,-1.,0.));
#3493=DIRECTION('ref_axis',(0.,0.,-1.));
#3494=DIRECTION('',(1.,0.,0.));
#3495=DIRECTION('center_axis',(0.,1.,0.));
#3496=DIRECTION('ref_axis',(-1.,0.,0.));
#3497=DIRECTION('',(1.,0.,0.));
#3498=DIRECTION('center_axis',(0.,-1.,0.));
#3499=DIRECTION('ref_axis',(0.,0.,-1.));
#3500=DIRECTION('center_axis',(0.,1.,0.));
#3501=DIRECTION('ref_axis',(0.,0.,-1.));
#3502=DIRECTION('',(-1.,0.,0.));
#3503=DIRECTION('center_axis',(0.,-1.,0.));
#3504=DIRECTION('ref_axis',(0.,0.,-1.));
#3505=DIRECTION('',(0.,1.,0.));
#3506=DIRECTION('center_axis',(0.,-1.,0.));
#3507=DIRECTION('ref_axis',(0.,0.,-1.));
#3508=DIRECTION('center_axis',(0.,1.,0.));
#3509=DIRECTION('ref_axis',(0.,0.,-1.));
#3510=DIRECTION('center_axis',(0.,1.,0.));
#3511=DIRECTION('ref_axis',(0.,0.,-1.));
#3512=DIRECTION('',(0.,-1.,0.));
#3513=DIRECTION('center_axis',(0.,-1.,0.));
#3514=DIRECTION('ref_axis',(0.,0.,-1.));
#3515=DIRECTION('',(0.,1.,0.));
#3516=DIRECTION('center_axis',(0.,1.,0.));
#3517=DIRECTION('ref_axis',(0.,0.,-1.));
#3518=DIRECTION('',(0.,-1.,0.));
#3519=DIRECTION('center_axis',(0.,-1.,0.));
#3520=DIRECTION('ref_axis',(1.,0.,0.));
#3521=DIRECTION('',(1.,0.,0.));
#3522=DIRECTION('center_axis',(0.,-1.,0.));
#3523=DIRECTION('ref_axis',(0.,0.,-1.));
#3524=DIRECTION('',(-1.,0.,0.));
#3525=DIRECTION('center_axis',(0.,0.,1.));
#3526=DIRECTION('ref_axis',(1.,0.,0.));
#3527=DIRECTION('',(-1.,0.,0.));
#3528=DIRECTION('',(0.,1.,0.));
#3529=DIRECTION('center_axis',(0.,1.,0.));
#3530=DIRECTION('ref_axis',(-1.,0.,0.));
#3531=DIRECTION('',(1.,0.,0.));
#3532=DIRECTION('center_axis',(-1.,0.,3.81465319842554E-15));
#3533=DIRECTION('ref_axis',(0.,1.,0.));
#3534=DIRECTION('center_axis',(-1.,0.,0.));
#3535=DIRECTION('ref_axis',(0.,1.,0.));
#3536=DIRECTION('',(-1.,0.,3.81465319842554E-15));
#3537=DIRECTION('center_axis',(-1.,0.,3.81465319842554E-15));
#3538=DIRECTION('ref_axis',(0.,1.,0.));
#3539=DIRECTION('center_axis',(-1.,0.,0.));
#3540=DIRECTION('ref_axis',(0.,1.,0.));
#3541=DIRECTION('',(-1.,0.,3.81465319842554E-15));
#3542=DIRECTION('center_axis',(-1.,0.,3.81465319842554E-15));
#3543=DIRECTION('ref_axis',(0.,1.,0.));
#3544=DIRECTION('center_axis',(-1.,0.,0.));
#3545=DIRECTION('ref_axis',(0.,1.,0.));
#3546=DIRECTION('',(-1.,0.,3.81465319842554E-15));
#3547=DIRECTION('center_axis',(3.81465319842554E-15,0.,1.));
#3548=DIRECTION('ref_axis',(0.,1.,0.));
#3549=DIRECTION('',(0.,1.,0.));
#3550=DIRECTION('center_axis',(-3.77973233133527E-15,0.135,-0.99084559846628));
#3551=DIRECTION('ref_axis',(-4.72063333305185E-16,-0.99084559846628,-0.135));
#3552=DIRECTION('',(0.,-0.99084559846628,-0.135));
#3553=DIRECTION('',(-1.,0.,3.81465319842554E-15));
#3554=DIRECTION('center_axis',(-1.,0.,3.81465319842554E-15));
#3555=DIRECTION('ref_axis',(0.,1.,0.));
#3556=DIRECTION('center_axis',(1.,0.,0.));
#3557=DIRECTION('ref_axis',(0.,1.,0.));
#3558=DIRECTION('',(-1.,0.,3.81465319842554E-15));
#3559=DIRECTION('center_axis',(-3.77973233133527E-15,-0.135,-0.99084559846628));
#3560=DIRECTION('ref_axis',(4.72063333305185E-16,-0.99084559846628,0.135));
#3561=DIRECTION('',(0.,-0.99084559846628,0.135));
#3562=DIRECTION('center_axis',(3.81465319842554E-15,0.,1.));
#3563=DIRECTION('ref_axis',(0.,1.,0.));
#3564=DIRECTION('',(0.,1.,0.));
#3565=DIRECTION('center_axis',(1.,0.,0.));
#3566=DIRECTION('ref_axis',(0.,0.,-1.));
#3567=DIRECTION('center_axis',(-1.,0.,-1.74838271594513E-15));
#3568=DIRECTION('ref_axis',(-1.74838271594513E-15,0.,1.));
#3569=DIRECTION('',(0.,-1.,0.));
#3570=DIRECTION('center_axis',(0.,1.,0.));
#3571=DIRECTION('ref_axis',(0.,0.,-1.));
#3572=DIRECTION('center_axis',(0.,0.,1.));
#3573=DIRECTION('ref_axis',(1.,0.,0.));
#3574=CARTESIAN_POINT('',(0.,0.,0.));
#3575=CARTESIAN_POINT('Origin',(58.8719298245614,-10.0614035087719,0.));
#3576=CARTESIAN_POINT('',(59.8719298245614,-10.0614035087719,0.));
#3577=CARTESIAN_POINT('',(58.8719298245614,-11.0614035087719,0.));
#3578=CARTESIAN_POINT('Origin',(58.8719298245614,-10.0614035087719,0.));
#3579=CARTESIAN_POINT('',(58.8719298245614,-11.0614035087719,3.175));
#3580=CARTESIAN_POINT('',(58.8719298245614,-11.0614035087719,0.));
#3581=CARTESIAN_POINT('',(59.8719298245614,-10.0614035087719,3.175));
#3582=CARTESIAN_POINT('Origin',(58.8719298245614,-10.0614035087719,3.175));
#3583=CARTESIAN_POINT('',(59.8719298245614,-10.0614035087719,0.));
#3584=CARTESIAN_POINT('Origin',(52.8719298245614,-11.0614035087719,0.));
#3585=CARTESIAN_POINT('',(53.8719298245614,-11.0614035087719,0.));
#3586=CARTESIAN_POINT('',(26.7344298245614,-11.0614035087719,0.));
#3587=CARTESIAN_POINT('',(53.8719298245614,-11.0614035087719,3.175));
#3588=CARTESIAN_POINT('',(53.8719298245614,-11.0614035087719,0.));
#3589=CARTESIAN_POINT('',(26.7344298245614,-11.0614035087719,3.175));
#3590=CARTESIAN_POINT('Origin',(58.8719298245614,-5.06140350877192,0.));
#3591=CARTESIAN_POINT('',(58.8719298245614,-4.06140350877192,0.));
#3592=CARTESIAN_POINT('',(59.8719298245614,-5.06140350877192,0.));
#3593=CARTESIAN_POINT('Origin',(58.8719298245614,-5.06140350877192,0.));
#3594=CARTESIAN_POINT('',(59.8719298245614,-5.06140350877192,3.175));
#3595=CARTESIAN_POINT('',(59.8719298245614,-5.06140350877192,0.));
#3596=CARTESIAN_POINT('',(58.8719298245614,-4.06140350877192,3.175));
#3597=CARTESIAN_POINT('Origin',(58.8719298245614,-5.06140350877192,3.175));
#3598=CARTESIAN_POINT('',(58.8719298245614,-4.06140350877192,0.));
#3599=CARTESIAN_POINT('Origin',(59.8719298245614,-11.0614035087719,0.));
#3600=CARTESIAN_POINT('',(59.8719298245614,-9.31140350877192,3.175));
#3601=CARTESIAN_POINT('',(59.8719298245614,-9.31140350877192,0.));
#3602=CARTESIAN_POINT('Origin',(53.8719298245614,-10.0614035087719,0.));
#3603=CARTESIAN_POINT('',(52.8719298245614,-10.0614035087719,0.));
#3604=CARTESIAN_POINT('Origin',(53.8719298245614,-10.0614035087719,0.));
#3605=CARTESIAN_POINT('',(52.8719298245614,-10.0614035087719,3.175));
#3606=CARTESIAN_POINT('',(52.8719298245614,-10.0614035087719,0.));
#3607=CARTESIAN_POINT('Origin',(53.8719298245614,-10.0614035087719,3.175));
#3608=CARTESIAN_POINT('Origin',(52.8719298245614,-4.06140350877192,0.));
#3609=CARTESIAN_POINT('',(52.8719298245614,-5.06140350877192,0.));
#3610=CARTESIAN_POINT('',(52.8719298245614,-5.81140350877192,0.));
#3611=CARTESIAN_POINT('',(52.8719298245614,-5.06140350877192,3.175));
#3612=CARTESIAN_POINT('',(52.8719298245614,-5.06140350877192,0.));
#3613=CARTESIAN_POINT('',(52.8719298245614,-5.81140350877192,3.175));
#3614=CARTESIAN_POINT('Origin',(53.8719298245614,-5.06140350877192,0.));
#3615=CARTESIAN_POINT('',(53.8719298245614,-4.06140350877192,0.));
#3616=CARTESIAN_POINT('Origin',(53.8719298245614,-5.06140350877192,0.));
#3617=CARTESIAN_POINT('',(53.8719298245614,-4.06140350877192,3.175));
#3618=CARTESIAN_POINT('',(53.8719298245614,-4.06140350877192,0.));
#3619=CARTESIAN_POINT('Origin',(53.8719298245614,-5.06140350877192,3.175));
#3620=CARTESIAN_POINT('Origin',(59.8719298245614,-4.06140350877192,0.));
#3621=CARTESIAN_POINT('',(30.2344298245614,-4.06140350877191,3.175));
#3622=CARTESIAN_POINT('',(30.2344298245614,-4.06140350877191,0.));
#3623=CARTESIAN_POINT('Origin',(-46.6280701754386,-10.0614035087719,0.));
#3624=CARTESIAN_POINT('',(-45.6280701754386,-10.0614035087719,0.));
#3625=CARTESIAN_POINT('',(-46.6280701754386,-11.0614035087719,0.));
#3626=CARTESIAN_POINT('Origin',(-46.6280701754386,-10.0614035087719,0.));
#3627=CARTESIAN_POINT('',(-46.6280701754386,-11.0614035087719,3.175));
#3628=CARTESIAN_POINT('',(-46.6280701754386,-11.0614035087719,0.));
#3629=CARTESIAN_POINT('',(-45.6280701754386,-10.0614035087719,3.175));
#3630=CARTESIAN_POINT('Origin',(-46.6280701754386,-10.0614035087719,3.175));
#3631=CARTESIAN_POINT('',(-45.6280701754386,-10.0614035087719,0.));
#3632=CARTESIAN_POINT('Origin',(-52.6280701754386,-11.0614035087719,0.));
#3633=CARTESIAN_POINT('',(-51.6280701754386,-11.0614035087719,0.));
#3634=CARTESIAN_POINT('',(-26.0155701754386,-11.0614035087719,0.));
#3635=CARTESIAN_POINT('',(-51.6280701754386,-11.0614035087719,3.175));
#3636=CARTESIAN_POINT('',(-51.6280701754386,-11.0614035087719,0.));
#3637=CARTESIAN_POINT('',(-26.0155701754386,-11.0614035087719,3.175));
#3638=CARTESIAN_POINT('Origin',(-46.6280701754386,-5.06140350877195,0.));
#3639=CARTESIAN_POINT('',(-46.6280701754386,-4.06140350877195,0.));
#3640=CARTESIAN_POINT('',(-45.6280701754386,-5.06140350877195,0.));
#3641=CARTESIAN_POINT('Origin',(-46.6280701754386,-5.06140350877195,0.));
#3642=CARTESIAN_POINT('',(-45.6280701754386,-5.06140350877195,3.175));
#3643=CARTESIAN_POINT('',(-45.6280701754386,-5.06140350877195,0.));
#3644=CARTESIAN_POINT('',(-46.6280701754386,-4.06140350877195,3.175));
#3645=CARTESIAN_POINT('Origin',(-46.6280701754386,-5.06140350877195,3.175));
#3646=CARTESIAN_POINT('',(-46.6280701754386,-4.06140350877195,0.));
#3647=CARTESIAN_POINT('Origin',(-45.6280701754386,-11.0614035087719,0.));
#3648=CARTESIAN_POINT('',(-45.6280701754386,-9.31140350877179,3.175));
#3649=CARTESIAN_POINT('',(-45.6280701754386,-9.31140350877179,0.));
#3650=CARTESIAN_POINT('Origin',(-51.6280701754386,-10.0614035087719,0.));
#3651=CARTESIAN_POINT('',(-52.6280701754386,-10.0614035087719,0.));
#3652=CARTESIAN_POINT('Origin',(-51.6280701754386,-10.0614035087719,0.));
#3653=CARTESIAN_POINT('',(-52.6280701754386,-10.0614035087719,3.175));
#3654=CARTESIAN_POINT('',(-52.6280701754386,-10.0614035087719,0.));
#3655=CARTESIAN_POINT('Origin',(-51.6280701754386,-10.0614035087719,3.175));
#3656=CARTESIAN_POINT('Origin',(-52.6280701754386,-4.06140350877195,0.));
#3657=CARTESIAN_POINT('',(-52.6280701754386,-5.06140350877195,0.));
#3658=CARTESIAN_POINT('',(-52.6280701754386,-5.81140350877194,0.));
#3659=CARTESIAN_POINT('',(-52.6280701754386,-5.06140350877195,3.175));
#3660=CARTESIAN_POINT('',(-52.6280701754386,-5.06140350877195,0.));
#3661=CARTESIAN_POINT('',(-52.6280701754386,-5.81140350877194,3.175));
#3662=CARTESIAN_POINT('Origin',(-51.6280701754386,-5.06140350877195,0.));
#3663=CARTESIAN_POINT('',(-51.6280701754386,-4.06140350877195,0.));
#3664=CARTESIAN_POINT('Origin',(-51.6280701754386,-5.06140350877195,0.));
#3665=CARTESIAN_POINT('',(-51.6280701754386,-4.06140350877195,3.175));
#3666=CARTESIAN_POINT('',(-51.6280701754386,-4.06140350877195,0.));
#3667=CARTESIAN_POINT('Origin',(-51.6280701754386,-5.06140350877195,3.175));
#3668=CARTESIAN_POINT('Origin',(-45.6280701754386,-4.06140350877195,0.));
#3669=CARTESIAN_POINT('',(-22.5155701754386,-4.06140350877193,3.175));
#3670=CARTESIAN_POINT('',(-22.5155701754386,-4.06140350877193,0.));
#3671=CARTESIAN_POINT('Origin',(-71.2280701754386,-25.1114035087734,64.6250000000113));
#3672=CARTESIAN_POINT('',(-68.0530701754387,-25.111403508776,67.1250000000113));
#3673=CARTESIAN_POINT('',(-68.0530701754387,-22.6114035087734,64.6250000000139));
#3674=CARTESIAN_POINT('Origin',(-68.0530701754386,-25.1114035087734,64.6250000000113));
#3675=CARTESIAN_POINT('',(-71.2280701754387,-22.6114035087734,64.6250000000139));
#3676=CARTESIAN_POINT('',(-71.2280701754386,-22.6114035087734,64.6250000000139));
#3677=CARTESIAN_POINT('',(-71.2280701754387,-25.111403508776,67.1250000000113));
#3678=CARTESIAN_POINT('Origin',(-71.2280701754386,-25.1114035087734,64.6250000000113));
#3679=CARTESIAN_POINT('',(-71.2280701754386,-25.111403508776,67.1250000000113));
#3680=CARTESIAN_POINT('Origin',(-71.2280701754386,-22.611403508776,67.1250000000139));
#3681=CARTESIAN_POINT('',(-68.0530701754387,-22.6114035087719,63.2249999999844));
#3682=CARTESIAN_POINT('',(-68.0530701754387,-22.6114035087628,54.4437500000207));
#3683=CARTESIAN_POINT('',(-71.2280701754386,-22.6114035087719,63.2249999999844));
#3684=CARTESIAN_POINT('',(-71.2280701754386,-22.6114035087719,63.2249999999844));
#3685=CARTESIAN_POINT('',(-71.2280701754387,-22.6114035087628,54.4437499999776));
#3686=CARTESIAN_POINT('Origin',(-68.0530701754386,-49.0614035087719,41.7625));
#3687=CARTESIAN_POINT('',(-68.0530701754387,-36.061403508776,67.1249999999999));
#3688=CARTESIAN_POINT('',(-68.0530701754387,-42.5614035087871,67.1249999999932));
#3689=CARTESIAN_POINT('',(-68.0530701754387,-39.8959923162079,63.9362866355385));
#3690=CARTESIAN_POINT('Origin',(-68.0530701754386,-36.061403508772,63.225));
#3691=CARTESIAN_POINT('',(-68.0530701754386,-45.9391278930714,31.3573811885994));
#3692=CARTESIAN_POINT('',(-68.0530701754386,-45.1677823764305,35.5157510172979));
#3693=CARTESIAN_POINT('',(-68.0530701754386,-44.9558999937291,30.175));
#3694=CARTESIAN_POINT('Origin',(-68.0530701754386,-44.9558999937291,31.175));
#3695=CARTESIAN_POINT('',(-68.0530701754386,-43.5780990304017,30.175));
#3696=CARTESIAN_POINT('',(-68.0530701754386,-46.0386101841084,30.175));
#3697=CARTESIAN_POINT('',(-68.0530701754387,-42.7453384045706,30.6213667820069));
#3698=CARTESIAN_POINT('Origin',(-68.0530701754386,-43.5780990304017,31.175));
#3699=CARTESIAN_POINT('',(-68.0530701754386,-42.7453384045706,23.7286332179931));
#3700=CARTESIAN_POINT('Origin',(-68.0530701754386,-37.5614035087719,27.175));
#3701=CARTESIAN_POINT('',(-68.0530701754386,-43.5780990304017,24.175));
#3702=CARTESIAN_POINT('Origin',(-68.0530701754386,-43.5780990304017,23.175));
#3703=CARTESIAN_POINT('',(-68.0530701754386,-44.6926772619936,24.175));
#3704=CARTESIAN_POINT('',(-68.0530701754386,-47.5540441958912,24.175));
#3705=CARTESIAN_POINT('',(-68.0530701754386,-45.6484462327303,22.880881529691));
#3706=CARTESIAN_POINT('Origin',(-68.0530701754386,-44.6926772619936,23.175));
#3707=CARTESIAN_POINT('',(-68.0530701754386,-43.389342464364,15.5396857142403));
#3708=CARTESIAN_POINT('',(-68.0530701754386,-45.9064443041573,23.719273457001));
#3709=CARTESIAN_POINT('',(-68.0530701754386,-39.0128525400753,6.34999999999999));
#3710=CARTESIAN_POINT('Origin',(-68.0530701754386,-9.93742848857903,25.833832175054));
#3711=CARTESIAN_POINT('',(-68.0530701754386,23.8900455225315,6.34999999999999));
#3712=CARTESIAN_POINT('',(-68.0530701754386,-7.56140350877192,6.35));
#3713=CARTESIAN_POINT('',(-68.0530701754386,28.2665354468202,15.5396857142404));
#3714=CARTESIAN_POINT('Origin',(-68.0530701754386,-5.18537852896477,25.8338321750541));
#3715=CARTESIAN_POINT('',(-68.0530701754386,30.5256392151865,22.880881529691));
#3716=CARTESIAN_POINT('',(-68.0530701754386,29.936292478792,20.965737189864));
#3717=CARTESIAN_POINT('',(-68.0530701754386,29.5698702444498,24.175));
#3718=CARTESIAN_POINT('Origin',(-68.0530701754386,29.5698702444498,23.175));
#3719=CARTESIAN_POINT('',(-68.0530701754386,28.4552920128579,24.175));
#3720=CARTESIAN_POINT('',(-68.0530701754386,-10.5841968334354,24.175));
#3721=CARTESIAN_POINT('',(-68.0530701754386,27.6225313870268,23.7286332179931));
#3722=CARTESIAN_POINT('Origin',(-68.0530701754386,28.4552920128579,23.175));
#3723=CARTESIAN_POINT('',(-68.0530701754387,27.62310727653,30.6205003870394));
#3724=CARTESIAN_POINT('Origin',(-68.0530701754386,22.4385964912281,27.175));
#3725=CARTESIAN_POINT('',(-68.0530701754386,28.454171316792,30.173996025555));
#3726=CARTESIAN_POINT('Origin',(-68.0530701754386,28.4559604147311,31.173994425118));
#3727=CARTESIAN_POINT('',(-68.0530701754386,29.8319476395356,30.1715310448304));
#3728=CARTESIAN_POINT('',(-68.0530701754386,-9.02260079487947,30.2410457486129));
#3729=CARTESIAN_POINT('',(-68.0530701754386,30.816964636817,31.3539106329929));
#3730=CARTESIAN_POINT('Origin',(-68.0530701754386,29.8337367374747,31.1715294443934));
#3731=CARTESIAN_POINT('',(-68.0530701754387,24.773185298664,63.9362866355385));
#3732=CARTESIAN_POINT('',(-68.0530701754387,25.5333360117944,59.8382686623362));
#3733=CARTESIAN_POINT('',(-68.0530701754387,20.9385964488244,67.125));
#3734=CARTESIAN_POINT('Origin',(-68.0530701754386,20.9385964912281,63.225));
#3735=CARTESIAN_POINT('',(-68.0530701754387,9.98859649123212,67.1250000000113));
#3736=CARTESIAN_POINT('',(-68.0530701754387,-20.7864035087568,67.1250000000432));
#3737=CARTESIAN_POINT('',(-68.0530701754387,7.48859649122953,64.6250000000139));
#3738=CARTESIAN_POINT('Origin',(-68.0530701754386,9.98859649122953,64.6250000000113));
#3739=CARTESIAN_POINT('',(-68.0530701754387,7.48859649122811,63.225));
#3740=CARTESIAN_POINT('',(-68.0530701754387,7.48859649121694,52.4937499999707));
#3741=CARTESIAN_POINT('Origin',(-68.0530701754386,-7.56140350877189,63.225));
#3742=CARTESIAN_POINT('',(-68.0530701754386,9.53859649122808,42.675));
#3743=CARTESIAN_POINT('Origin',(-68.0530701754386,7.93859649122808,42.675));
#3744=CARTESIAN_POINT('',(-68.0530701754386,22.1385964912281,63.225));
#3745=CARTESIAN_POINT('Origin',(-68.0530701754386,20.9385964912281,63.225));
#3746=CARTESIAN_POINT('',(-68.0530701754386,-34.861403508772,63.225));
#3747=CARTESIAN_POINT('Origin',(-68.0530701754386,-36.061403508772,63.225));
#3748=CARTESIAN_POINT('',(-68.0530701754386,-21.4614035087719,42.675));
#3749=CARTESIAN_POINT('Origin',(-68.0530701754386,-23.0614035087719,42.675));
#3750=CARTESIAN_POINT('',(-68.0530701754386,9.53859649122808,13.275));
#3751=CARTESIAN_POINT('',(-68.0530701754386,9.53859649122808,11.675));
#3752=CARTESIAN_POINT('',(-68.0530701754386,9.53859649122809,26.71875));
#3753=CARTESIAN_POINT('',(-68.0530701754386,6.33859649122808,11.675));
#3754=CARTESIAN_POINT('Origin',(-68.0530701754386,7.93859649122808,11.675));
#3755=CARTESIAN_POINT('',(-68.0530701754386,6.33859649122808,13.275));
#3756=CARTESIAN_POINT('',(-68.0530701754386,6.33859649122809,27.51875));
#3757=CARTESIAN_POINT('Origin',(-68.0530701754386,7.93859649122808,15.959329525226));
#3758=CARTESIAN_POINT('',(-68.0530701754386,3.68859649122808,27.175));
#3759=CARTESIAN_POINT('',(-68.0530701754386,-18.8114035087719,27.175));
#3760=CARTESIAN_POINT('Origin',(-68.0530701754386,-7.56140350877192,27.175));
#3761=CARTESIAN_POINT('',(-68.0530701754386,-18.8114035087719,31.459329525226));
#3762=CARTESIAN_POINT('',(-68.0530701754386,-18.8114035087719,36.610914762613));
#3763=CARTESIAN_POINT('',(-68.0530701754386,3.68859649122807,31.459329525226));
#3764=CARTESIAN_POINT('Origin',(-68.0530701754386,-7.56140350877192,31.459329525226));
#3765=CARTESIAN_POINT('',(-68.0530701754386,3.68859649122807,34.46875));
#3766=CARTESIAN_POINT('',(-68.0530701754386,-21.4614035087719,11.675));
#3767=CARTESIAN_POINT('',(-68.0530701754386,-24.6614035087719,11.675));
#3768=CARTESIAN_POINT('Origin',(-68.0530701754386,-23.0614035087719,11.675));
#3769=CARTESIAN_POINT('',(-68.0530701754386,-24.6614035087719,13.275));
#3770=CARTESIAN_POINT('',(-68.0530701754386,-24.6614035087719,27.51875));
#3771=CARTESIAN_POINT('',(-68.0530701754386,-21.4614035087719,13.275));
#3772=CARTESIAN_POINT('Origin',(-68.0530701754386,-23.0614035087719,15.959329525226));
#3773=CARTESIAN_POINT('',(-68.0530701754386,-21.4614035087719,26.71875));
#3774=CARTESIAN_POINT('Origin',(-71.2280701754386,9.98859649122953,64.6250000000113));
#3775=CARTESIAN_POINT('',(-71.2280701754387,9.98859649123212,67.1250000000113));
#3776=CARTESIAN_POINT('',(-71.2280701754386,9.98859649123212,67.1250000000113));
#3777=CARTESIAN_POINT('',(-71.2280701754387,7.48859649122953,64.6250000000139));
#3778=CARTESIAN_POINT('Origin',(-71.2280701754386,9.98859649122953,64.6250000000113));
#3779=CARTESIAN_POINT('',(-71.2280701754386,7.48859649122953,64.6250000000139));
#3780=CARTESIAN_POINT('Origin',(-71.2280701754386,7.48859649123212,67.1250000000139));
#3781=CARTESIAN_POINT('',(-71.2280701754386,20.9385964488244,67.125));
#3782=CARTESIAN_POINT('',(-71.2280701754386,20.9385964488244,67.125));
#3783=CARTESIAN_POINT('',(-71.2280701754387,20.7135964912433,67.1250000000002));
#3784=CARTESIAN_POINT('Origin',(-68.0530701754386,-9.93742848857903,25.833832175054));
#3785=CARTESIAN_POINT('',(-71.2280701754386,-43.389342464364,15.5396857142403));
#3786=CARTESIAN_POINT('',(-68.0530701754386,-43.389342464364,15.5396857142403));
#3787=CARTESIAN_POINT('',(-71.2280701754386,-39.0128525400753,6.34999999999999));
#3788=CARTESIAN_POINT('Origin',(-71.2280701754386,-9.93742848857903,25.833832175054));
#3789=CARTESIAN_POINT('',(-68.0530701754386,-39.0128525400753,6.34999999999999));
#3790=CARTESIAN_POINT('Origin',(-71.2280701754386,-40.5614035087719,6.35000000000012));
#3791=CARTESIAN_POINT('',(-71.2280701754386,-45.6484462327303,22.880881529691));
#3792=CARTESIAN_POINT('',(-71.2280701754386,-45.6484462327303,22.880881529691));
#3793=CARTESIAN_POINT('',(-71.2280701754386,-42.3164588092165,12.053237189864));
#3794=CARTESIAN_POINT('Origin',(-68.0530701754386,-5.18537852896477,25.8338321750541));
#3795=CARTESIAN_POINT('',(-71.2280701754386,23.8900455225315,6.34999999999999));
#3796=CARTESIAN_POINT('',(-71.2280701754386,28.2665354468202,15.5396857142404));
#3797=CARTESIAN_POINT('Origin',(-71.2280701754386,-5.18537852896477,25.8338321750541));
#3798=CARTESIAN_POINT('',(-68.0530701754386,28.2665354468202,15.5396857142404));
#3799=CARTESIAN_POINT('',(-68.0530701754386,23.8900455225315,6.34999999999999));
#3800=CARTESIAN_POINT('Origin',(-71.2280701754386,30.9238778654667,24.175));
#3801=CARTESIAN_POINT('',(-71.2280701754386,30.5256392151865,22.880881529691));
#3802=CARTESIAN_POINT('',(-71.2280701754386,33.5262779737327,32.6317734570009));
#3803=CARTESIAN_POINT('',(-71.2280701754386,30.5256392151865,22.880881529691));
#3804=CARTESIAN_POINT('Origin',(69.2469298245615,-5.18537852896466,25.8338321750543));
#3805=CARTESIAN_POINT('',(69.2469298245614,23.8900455225315,6.35));
#3806=CARTESIAN_POINT('',(69.2469298245614,28.2665354468202,15.5396857142404));
#3807=CARTESIAN_POINT('Origin',(69.2469298245615,-5.18537852896466,25.8338321750543));
#3808=CARTESIAN_POINT('',(72.4219298245614,28.2665354468202,15.5396857142404));
#3809=CARTESIAN_POINT('',(69.2469298245614,28.2665354468202,15.5396857142404));
#3810=CARTESIAN_POINT('',(72.4219298245614,23.8900455225315,6.35));
#3811=CARTESIAN_POINT('Origin',(72.4219298245614,-5.18537852896465,25.8338321750543));
#3812=CARTESIAN_POINT('',(69.2469298245614,23.8900455225315,6.35));
#3813=CARTESIAN_POINT('Origin',(72.4219298245615,25.4385964912281,6.34999999999993));
#3814=CARTESIAN_POINT('',(69.2469298245614,30.5256392151865,22.8808815296907));
#3815=CARTESIAN_POINT('',(69.2469298245614,30.7836372866135,23.7192734570009));
#3816=CARTESIAN_POINT('',(72.4219298245614,30.5256392151865,22.8808815296906));
#3817=CARTESIAN_POINT('',(72.4219298245615,30.5256392151865,22.8808815296906));
#3818=CARTESIAN_POINT('',(72.4219298245614,27.1936517916727,12.0532371898638));
#3819=CARTESIAN_POINT('Origin',(69.2469298245614,33.9385964912281,41.7625));
#3820=CARTESIAN_POINT('',(69.2469298245614,-39.0128525400753,6.35));
#3821=CARTESIAN_POINT('',(69.2469298245614,-7.56140350877192,6.35));
#3822=CARTESIAN_POINT('',(69.2469298245614,-43.3893424643641,15.5396857142404));
#3823=CARTESIAN_POINT('Origin',(69.2469298245614,-9.93742848857924,25.8338321750544));
#3824=CARTESIAN_POINT('',(69.2469298245614,-45.6484462327304,22.8808815296907));
#3825=CARTESIAN_POINT('',(69.2469298245614,-45.0590994963358,20.9657371898634));
#3826=CARTESIAN_POINT('',(69.2469298245614,-44.6926772619937,24.1749999999996));
#3827=CARTESIAN_POINT('Origin',(69.2469298245614,-44.6926772619937,23.1749999999996));
#3828=CARTESIAN_POINT('',(69.2469298245614,-43.5780990304017,24.1749999999996));
#3829=CARTESIAN_POINT('',(69.2469298245614,-4.53861018410842,24.1749999999996));
#3830=CARTESIAN_POINT('',(69.2469298245614,-42.7453384045706,23.7286332179927));
#3831=CARTESIAN_POINT('Origin',(69.2469298245614,-43.5780990304017,23.1749999999996));
#3832=CARTESIAN_POINT('',(69.2469298245614,-42.7453384045706,30.6213667820066));
#3833=CARTESIAN_POINT('Origin',(69.2469298245614,-37.5614035087719,27.1749999999996));
#3834=CARTESIAN_POINT('',(69.2469298245614,-43.5780990304017,30.1749999999996));
#3835=CARTESIAN_POINT('Origin',(69.2469298245614,-43.5780990304017,31.1749999999996));
#3836=CARTESIAN_POINT('',(69.2469298245614,-44.4896067390474,30.1749999999996));
#3837=CARTESIAN_POINT('',(69.2469298245614,-6.05404419589119,30.1749999999996));
#3838=CARTESIAN_POINT('',(69.2469298245614,-45.3556321428319,31.6749999999996));
#3839=CARTESIAN_POINT('Origin',(69.2469298245614,-44.4896067390474,31.1749999999996));
#3840=CARTESIAN_POINT('',(69.2469298245614,-38.7764035087719,36.0926103861961));
#3841=CARTESIAN_POINT('Origin',(69.2469298245614,-37.5614035087719,27.1749999999996));
#3842=CARTESIAN_POINT('',(69.2469298245614,-9.32315350877191,40.1055350599846));
#3843=CARTESIAN_POINT('',(69.2469298245614,12.0243200525429,43.0140698864383));
#3844=CARTESIAN_POINT('',(69.2469298245614,-5.79965350877192,40.1055350599846));
#3845=CARTESIAN_POINT('Origin',(69.2469298245614,-7.56140350877192,27.1749999999996));
#3846=CARTESIAN_POINT('',(69.2469298245614,23.6535964912281,36.0926103861961));
#3847=CARTESIAN_POINT('',(69.2469298245614,28.3231604299132,35.4563950841367));
#3848=CARTESIAN_POINT('',(69.2469298245614,30.232825125288,31.6749999999996));
#3849=CARTESIAN_POINT('Origin',(69.2469298245614,22.4385964912281,27.1749999999996));
#3850=CARTESIAN_POINT('',(69.2469298245614,29.3667997215036,30.1749999999996));
#3851=CARTESIAN_POINT('Origin',(69.2469298245614,29.3667997215036,31.1749999999996));
#3852=CARTESIAN_POINT('',(69.2469298245614,28.4552920128579,30.1749999999996));
#3853=CARTESIAN_POINT('',(69.2469298245614,30.9158031665646,30.1749999999996));
#3854=CARTESIAN_POINT('',(69.2469298245614,27.6225313870268,30.6213667820066));
#3855=CARTESIAN_POINT('Origin',(69.2469298245614,28.4552920128579,31.1749999999996));
#3856=CARTESIAN_POINT('',(69.2469298245614,27.6225313870268,23.7286332179927));
#3857=CARTESIAN_POINT('Origin',(69.2469298245614,22.4385964912281,27.1749999999996));
#3858=CARTESIAN_POINT('',(69.2469298245614,28.4552920128579,24.1749999999996));
#3859=CARTESIAN_POINT('Origin',(69.2469298245614,28.4552920128579,23.1749999999996));
#3860=CARTESIAN_POINT('',(69.2469298245614,29.5698702444498,24.1749999999996));
#3861=CARTESIAN_POINT('',(69.2469298245614,32.4312371783474,24.1749999999996));
#3862=CARTESIAN_POINT('Origin',(69.2469298245614,29.5698702444498,23.1749999999996));
#3863=CARTESIAN_POINT('',(69.2469298245614,-20.0614035087719,11.675));
#3864=CARTESIAN_POINT('Origin',(69.2469298245614,-23.0614035087719,11.675));
#3865=CARTESIAN_POINT('',(69.2469298245614,10.9385964912281,11.675));
#3866=CARTESIAN_POINT('Origin',(69.2469298245614,7.93859649122808,11.675));
#3867=CARTESIAN_POINT('',(69.2469298245614,-14.5614035087719,27.1749999999996));
#3868=CARTESIAN_POINT('Origin',(69.2469298245614,-7.56140350877192,27.1749999999996));
#3869=CARTESIAN_POINT('',(69.2469298245614,5.23859649122808,27.1749999999996));
#3870=CARTESIAN_POINT('Origin',(69.2469298245614,6.43859649122808,27.1749999999996));
#3871=CARTESIAN_POINT('',(69.2469298245614,-22.7614035087719,27.1749999999996));
#3872=CARTESIAN_POINT('Origin',(69.2469298245614,-21.5614035087719,27.1749999999996));
#3873=CARTESIAN_POINT('Origin',(69.2469298245615,-9.93742848857924,25.8338321750544));
#3874=CARTESIAN_POINT('',(72.4219298245614,-39.0128525400753,6.35));
#3875=CARTESIAN_POINT('',(72.4219298245614,-43.3893424643641,15.5396857142404));
#3876=CARTESIAN_POINT('Origin',(72.4219298245615,-9.93742848857925,25.8338321750544));
#3877=CARTESIAN_POINT('',(69.2469298245614,-43.3893424643641,15.5396857142404));
#3878=CARTESIAN_POINT('',(69.2469298245614,-39.0128525400753,6.35));
#3879=CARTESIAN_POINT('Origin',(-58.4030701754386,32.8658224365347,7.52436084469481));
#3880=CARTESIAN_POINT('',(-64.4030701754386,30.3638882938334,9.47908602885378));
#3881=CARTESIAN_POINT('',(-58.4030701754386,34.0578571457873,14.2071505504941));
#3882=CARTESIAN_POINT('Origin',(-58.4030701754386,30.3638882938334,9.47908602885378));
#3883=CARTESIAN_POINT('',(-58.4030701754386,36.5597912884887,12.2524253663351));
#3884=CARTESIAN_POINT('',(-58.4030701754386,36.5597912884887,12.2524253663351));
#3885=CARTESIAN_POINT('',(-64.4030701754386,32.8658224365347,7.5243608446948));
#3886=CARTESIAN_POINT('Origin',(-58.4030701754386,32.8658224365347,7.52436084469481));
#3887=CARTESIAN_POINT('',(-64.4030701754386,32.8658224365347,7.52436084469481));
#3888=CARTESIAN_POINT('Origin',(-64.4030701754386,36.5597912884887,12.2524253663351));
#3889=CARTESIAN_POINT('',(-64.4030701754386,28.8939138079342,2.44054963168207));
#3890=CARTESIAN_POINT('',(-64.4030701754386,20.0509454071234,-8.87793377668339));
#3891=CARTESIAN_POINT('',(-64.4030701754386,26.3919796652328,4.39527481584103));
#3892=CARTESIAN_POINT('',(-64.4030701754386,28.1933722479778,2.98787268324658));
#3893=CARTESIAN_POINT('',(-64.4030701754386,26.3919796652328,4.39527481584104));
#3894=CARTESIAN_POINT('Origin',(0.596929824561429,31.4495348903165,5.71159545113359));
#3895=CARTESIAN_POINT('',(59.5969298245614,36.5597912884887,12.2524253663351));
#3896=CARTESIAN_POINT('',(-64.4030701754386,36.5597912884887,12.2524253663351));
#3897=CARTESIAN_POINT('',(65.5969298245614,32.8658224365347,7.52436084469481));
#3898=CARTESIAN_POINT('Origin',(59.5969298245614,32.8658224365347,7.52436084469481));
#3899=CARTESIAN_POINT('',(65.5969298245614,28.8939138079342,2.44054963168207));
#3900=CARTESIAN_POINT('',(65.5969298245614,20.0509454071234,-8.87793377668339));
#3901=CARTESIAN_POINT('',(0.596929824561422,28.8939138079342,2.44054963168207));
#3902=CARTESIAN_POINT('Origin',(59.5969298245614,32.8658224365347,7.52436084469481));
#3903=CARTESIAN_POINT('',(59.5969298245614,34.0578571457873,14.2071505504941));
#3904=CARTESIAN_POINT('',(65.5969298245614,30.3638882938334,9.47908602885378));
#3905=CARTESIAN_POINT('Origin',(59.5969298245614,30.3638882938334,9.47908602885378));
#3906=CARTESIAN_POINT('',(65.5969298245614,32.8658224365347,7.52436084469481));
#3907=CARTESIAN_POINT('',(59.5969298245614,36.5597912884887,12.2524253663351));
#3908=CARTESIAN_POINT('Origin',(65.5969298245614,26.3392784921444,-0.829234464067949));
#3909=CARTESIAN_POINT('',(65.5969298245614,26.3919796652328,4.39527481584103));
#3910=CARTESIAN_POINT('',(65.5969298245614,17.5490112644221,-6.92320859252442));
#3911=CARTESIAN_POINT('',(65.5969298245614,28.1933722479778,2.98787268324658));
#3912=CARTESIAN_POINT('Origin',(59.5969298245614,-47.9886294540785,7.52436084469481));
#3913=CARTESIAN_POINT('',(65.5969298245614,-45.4866953113772,9.47908602885378));
#3914=CARTESIAN_POINT('',(59.5969298245614,-49.1806641633312,14.2071505504941));
#3915=CARTESIAN_POINT('Origin',(59.5969298245614,-45.4866953113772,9.47908602885378));
#3916=CARTESIAN_POINT('',(59.5969298245614,-51.6825983060325,12.2524253663351));
#3917=CARTESIAN_POINT('',(59.5969298245614,-51.6825983060325,12.2524253663351));
#3918=CARTESIAN_POINT('',(65.5969298245614,-47.9886294540785,7.5243608446948));
#3919=CARTESIAN_POINT('Origin',(59.5969298245614,-47.9886294540785,7.52436084469481));
#3920=CARTESIAN_POINT('',(65.5969298245614,-47.9886294540785,7.52436084469481));
#3921=CARTESIAN_POINT('Origin',(65.5969298245614,-51.6825983060325,12.2524253663351));
#3922=CARTESIAN_POINT('',(65.5969298245614,-44.016720825478,2.44054963168207));
#3923=CARTESIAN_POINT('',(65.5969298245614,-35.1737524246673,-8.87793377668339));
#3924=CARTESIAN_POINT('',(65.5969298245614,-41.5147866827767,4.39527481584103));
#3925=CARTESIAN_POINT('',(65.5969298245614,-43.3161792655216,2.98787268324657));
#3926=CARTESIAN_POINT('',(65.5969298245614,-41.5147866827767,4.39527481584104));
#3927=CARTESIAN_POINT('Origin',(0.596929824561429,-46.5723419078604,5.7115954511336));
#3928=CARTESIAN_POINT('',(-58.4030701754386,-51.6825983060325,12.2524253663351));
#3929=CARTESIAN_POINT('',(65.5969298245614,-51.6825983060325,12.2524253663351));
#3930=CARTESIAN_POINT('',(-64.4030701754386,-47.9886294540786,7.52436084469481));
#3931=CARTESIAN_POINT('Origin',(-58.4030701754386,-47.9886294540785,7.52436084469481));
#3932=CARTESIAN_POINT('',(-64.4030701754386,-44.016720825478,2.44054963168207));
#3933=CARTESIAN_POINT('',(-64.4030701754386,-35.1737524246673,-8.87793377668339));
#3934=CARTESIAN_POINT('',(0.596929824561421,-44.016720825478,2.44054963168206));
#3935=CARTESIAN_POINT('Origin',(-58.4030701754386,-47.9886294540785,7.52436084469481));
#3936=CARTESIAN_POINT('',(-58.4030701754386,-49.1806641633312,14.2071505504941));
#3937=CARTESIAN_POINT('',(-64.4030701754386,-45.4866953113772,9.47908602885378));
#3938=CARTESIAN_POINT('Origin',(-58.4030701754386,-45.4866953113772,9.47908602885378));
#3939=CARTESIAN_POINT('',(-64.4030701754386,-47.9886294540785,7.52436084469481));
#3940=CARTESIAN_POINT('',(-58.4030701754386,-51.6825983060325,12.2524253663351));
#3941=CARTESIAN_POINT('Origin',(-64.4030701754386,-41.4620855096882,-0.829234464067947));
#3942=CARTESIAN_POINT('',(-64.4030701754386,-41.5147866827767,4.39527481584103));
#3943=CARTESIAN_POINT('',(-64.4030701754386,-32.6718182819659,-6.92320859252442));
#3944=CARTESIAN_POINT('',(-64.4030701754386,-43.3161792655216,2.98787268324658));
#3945=CARTESIAN_POINT('Origin',(-67.2280701754386,-23.0614035087719,11.675));
#3946=CARTESIAN_POINT('',(72.4219298245615,-20.0614035087719,11.675));
#3947=CARTESIAN_POINT('',(-67.2280701754386,-20.0614035087719,11.675));
#3948=CARTESIAN_POINT('Origin',(72.4219298245615,-23.0614035087719,11.675));
#3949=CARTESIAN_POINT('Origin',(-67.2280701754386,7.93859649122808,11.675));
#3950=CARTESIAN_POINT('',(72.4219298245615,10.9385964912281,11.675));
#3951=CARTESIAN_POINT('',(-67.2280701754386,10.9385964912281,11.675));
#3952=CARTESIAN_POINT('Origin',(72.4219298245615,7.93859649122808,11.675));
#3953=CARTESIAN_POINT('Origin',(-71.2280701754386,29.5698702444498,23.175));
#3954=CARTESIAN_POINT('',(-71.2280701754386,29.5698702444498,24.175));
#3955=CARTESIAN_POINT('Origin',(-71.2280701754386,29.5698702444498,23.175));
#3956=CARTESIAN_POINT('',(-71.2280701754386,29.5698702444498,24.175));
#3957=CARTESIAN_POINT('Origin',(72.4219298245615,29.5698702444498,23.1749999999996));
#3958=CARTESIAN_POINT('',(72.4219298245614,29.5698702444498,24.1749999999996));
#3959=CARTESIAN_POINT('',(72.4219298245615,29.5698702444498,24.1749999999996));
#3960=CARTESIAN_POINT('Origin',(72.4219298245614,29.5698702444498,23.1749999999996));
#3961=CARTESIAN_POINT('Origin',(72.4219298245615,30.9238778654666,24.1749999999996));
#3962=CARTESIAN_POINT('',(72.4219298245614,28.4552920128579,24.1749999999996));
#3963=CARTESIAN_POINT('',(72.4219298245615,28.4552920128579,24.1749999999996));
#3964=CARTESIAN_POINT('',(72.4219298245614,-9.06876282165264,24.1749999999996));
#3965=CARTESIAN_POINT('Origin',(72.4219298245615,-44.6926772619937,23.1749999999996));
#3966=CARTESIAN_POINT('',(72.4219298245614,-45.6484462327304,22.8808815296906));
#3967=CARTESIAN_POINT('',(72.4219298245615,-45.6484462327304,22.8808815296906));
#3968=CARTESIAN_POINT('',(72.4219298245614,-44.6926772619937,24.1749999999996));
#3969=CARTESIAN_POINT('Origin',(72.4219298245614,-44.6926772619937,23.1749999999996));
#3970=CARTESIAN_POINT('',(72.4219298245615,-44.6926772619937,24.1749999999996));
#3971=CARTESIAN_POINT('Origin',(72.4219298245615,-46.0466848830105,24.1749999999995));
#3972=CARTESIAN_POINT('',(72.4219298245614,-48.6490849912767,32.6317734570007));
#3973=CARTESIAN_POINT('Origin',(-71.2280701754386,-44.6926772619936,23.175));
#3974=CARTESIAN_POINT('',(-71.2280701754386,-44.6926772619936,24.175));
#3975=CARTESIAN_POINT('',(-71.2280701754386,-44.6926772619936,24.175));
#3976=CARTESIAN_POINT('Origin',(-71.2280701754386,-44.6926772619936,23.175));
#3977=CARTESIAN_POINT('Origin',(-71.2280701754386,-46.0466848830105,24.175));
#3978=CARTESIAN_POINT('',(-71.2280701754386,-43.5780990304017,24.175));
#3979=CARTESIAN_POINT('',(-71.2280701754386,-43.5780990304017,24.175));
#3980=CARTESIAN_POINT('',(-71.2280701754386,-6.0540441958912,24.175));
#3981=CARTESIAN_POINT('Origin',(-71.2280701754386,29.8337367374747,31.1715294443934));
#3982=CARTESIAN_POINT('',(-71.2280701754386,29.8319476395356,30.1715310448304));
#3983=CARTESIAN_POINT('',(-71.2280701754386,29.8319476395356,30.1715310448304));
#3984=CARTESIAN_POINT('',(-71.2280701754386,30.816964636817,31.3539106329929));
#3985=CARTESIAN_POINT('Origin',(-71.2280701754386,29.8337367374747,31.1715294443934));
#3986=CARTESIAN_POINT('',(-71.2280701754386,30.816964636817,31.3539106329929));
#3987=CARTESIAN_POINT('Origin',(-71.2280701754386,31.0366867370198,30.1693756451443));
#3988=CARTESIAN_POINT('',(-71.2280701754386,28.454171316792,30.173996025555));
#3989=CARTESIAN_POINT('',(-71.2280701754386,28.454171316792,30.173996025555));
#3990=CARTESIAN_POINT('',(-71.2280701754386,32.477266368956,30.1667983029689));
#3991=CARTESIAN_POINT('Origin',(-71.2280701754386,-44.9558999937291,31.175));
#3992=CARTESIAN_POINT('',(-71.2280701754386,-45.9391278930714,31.3573811885994));
#3993=CARTESIAN_POINT('',(-71.2280701754386,-45.9391278930714,31.3573811885994));
#3994=CARTESIAN_POINT('',(-71.2280701754386,-44.9558999937291,30.175));
#3995=CARTESIAN_POINT('Origin',(-71.2280701754386,-44.9558999937291,31.175));
#3996=CARTESIAN_POINT('',(-71.2280701754386,-44.9558999937291,30.175));
#3997=CARTESIAN_POINT('Origin',(-71.2280701754386,-46.1584504801324,30.175));
#3998=CARTESIAN_POINT('',(-71.2280701754386,-39.8959923162079,63.9362866355385));
#3999=CARTESIAN_POINT('',(-71.2280701754386,-39.8959923162079,63.9362866355385));
#4000=CARTESIAN_POINT('',(-71.2280701754386,-43.7873721113009,42.9576253445627));
#4001=CARTESIAN_POINT('Origin',(-71.2280701754386,28.4559604147311,31.173994425118));
#4002=CARTESIAN_POINT('',(-71.2280701754387,27.62310727653,30.6205003870394));
#4003=CARTESIAN_POINT('',(-71.2280701754386,27.62310727653,30.6205003870394));
#4004=CARTESIAN_POINT('Origin',(-71.2280701754386,28.4559604147311,31.173994425118));
#4005=CARTESIAN_POINT('Origin',(-71.2280701754386,22.4385964912281,27.175));
#4006=CARTESIAN_POINT('',(-71.2280701754386,27.6225313870268,23.7286332179931));
#4007=CARTESIAN_POINT('',(-71.2280701754386,27.6225313870268,23.7286332179931));
#4008=CARTESIAN_POINT('Origin',(-71.2280701754386,22.4385964912281,27.175));
#4009=CARTESIAN_POINT('Origin',(-71.2280701754386,28.4552920128579,23.175));
#4010=CARTESIAN_POINT('',(-71.2280701754386,28.4552920128579,24.175));
#4011=CARTESIAN_POINT('',(-71.2280701754386,28.4552920128579,24.175));
#4012=CARTESIAN_POINT('Origin',(-71.2280701754386,28.4552920128579,23.175));
#4013=CARTESIAN_POINT('Origin',(-71.2280701754386,27.8930098419011,24.175));
#4014=CARTESIAN_POINT('',(-71.2280701754386,30.9158031665646,24.175));
#4015=CARTESIAN_POINT('Origin',(-71.2280701754386,-43.5780990304017,31.175));
#4016=CARTESIAN_POINT('',(-71.2280701754386,-43.5780990304017,30.175));
#4017=CARTESIAN_POINT('',(-71.2280701754386,-43.5780990304017,30.175));
#4018=CARTESIAN_POINT('',(-71.2280701754387,-42.7453384045706,30.6213667820069));
#4019=CARTESIAN_POINT('Origin',(-71.2280701754386,-43.5780990304017,31.175));
#4020=CARTESIAN_POINT('',(-71.2280701754386,-42.7453384045706,30.6213667820069));
#4021=CARTESIAN_POINT('Origin',(-71.2280701754386,-43.0158168594449,30.175));
#4022=CARTESIAN_POINT('',(-71.2280701754386,-4.53861018410842,30.175));
#4023=CARTESIAN_POINT('Origin',(-71.2280701754386,-43.5780990304017,23.175));
#4024=CARTESIAN_POINT('',(-71.2280701754386,-42.7453384045706,23.7286332179931));
#4025=CARTESIAN_POINT('',(-71.2280701754386,-42.7453384045706,23.7286332179931));
#4026=CARTESIAN_POINT('Origin',(-71.2280701754386,-43.5780990304017,23.175));
#4027=CARTESIAN_POINT('Origin',(72.4219298245616,-43.5780990304017,31.1749999999996));
#4028=CARTESIAN_POINT('',(72.4219298245614,-42.7453384045706,30.6213667820065));
#4029=CARTESIAN_POINT('',(72.4219298245616,-42.7453384045706,30.6213667820065));
#4030=CARTESIAN_POINT('',(72.4219298245614,-43.5780990304017,30.1749999999996));
#4031=CARTESIAN_POINT('Origin',(72.4219298245614,-43.5780990304017,31.1749999999996));
#4032=CARTESIAN_POINT('',(72.4219298245616,-43.5780990304017,30.1749999999996));
#4033=CARTESIAN_POINT('Origin',(72.4219298245615,-37.5614035087719,27.1749999999996));
#4034=CARTESIAN_POINT('',(72.4219298245614,-42.7453384045706,23.7286332179927));
#4035=CARTESIAN_POINT('',(72.4219298245615,-42.7453384045706,23.7286332179927));
#4036=CARTESIAN_POINT('Origin',(72.4219298245614,-37.5614035087719,27.1749999999996));
#4037=CARTESIAN_POINT('Origin',(72.4219298245615,-43.5780990304017,23.1749999999996));
#4038=CARTESIAN_POINT('',(72.4219298245614,-43.5780990304017,24.1749999999996));
#4039=CARTESIAN_POINT('',(72.4219298245615,-43.5780990304017,24.1749999999996));
#4040=CARTESIAN_POINT('Origin',(72.4219298245614,-43.5780990304017,23.1749999999996));
#4041=CARTESIAN_POINT('Origin',(72.4219298245615,-43.0158168594449,24.1749999999996));
#4042=CARTESIAN_POINT('',(72.4219298245614,-46.0386101841084,24.1749999999996));
#4043=CARTESIAN_POINT('Origin',(72.4219298245616,28.4552920128579,31.1749999999996));
#4044=CARTESIAN_POINT('',(72.4219298245614,28.4552920128579,30.1749999999996));
#4045=CARTESIAN_POINT('',(72.4219298245616,28.4552920128579,30.1749999999996));
#4046=CARTESIAN_POINT('',(72.4219298245614,27.6225313870268,30.6213667820065));
#4047=CARTESIAN_POINT('Origin',(72.4219298245614,28.4552920128579,31.1749999999996));
#4048=CARTESIAN_POINT('',(72.4219298245616,27.6225313870268,30.6213667820065));
#4049=CARTESIAN_POINT('Origin',(72.4219298245615,22.4385964912281,27.1749999999996));
#4050=CARTESIAN_POINT('',(72.4219298245614,27.6225313870268,23.7286332179927));
#4051=CARTESIAN_POINT('Origin',(72.4219298245614,22.4385964912281,27.1749999999996));
#4052=CARTESIAN_POINT('',(72.4219298245615,27.6225313870268,23.7286332179927));
#4053=CARTESIAN_POINT('Origin',(72.4219298245615,28.4552920128579,23.1749999999996));
#4054=CARTESIAN_POINT('Origin',(72.4219298245614,28.4552920128579,23.1749999999996));
#4055=CARTESIAN_POINT('Origin',(72.4219298245616,29.3667997215036,31.1749999999996));
#4056=CARTESIAN_POINT('',(72.4219298245614,30.232825125288,31.6749999999996));
#4057=CARTESIAN_POINT('',(72.4219298245616,30.232825125288,31.6749999999996));
#4058=CARTESIAN_POINT('',(72.4219298245614,29.3667997215036,30.1749999999996));
#4059=CARTESIAN_POINT('Origin',(72.4219298245614,29.3667997215036,31.1749999999996));
#4060=CARTESIAN_POINT('',(72.4219298245616,29.3667997215036,30.1749999999996));
#4061=CARTESIAN_POINT('Origin',(72.4219298245615,22.4385964912281,27.1749999999996));
#4062=CARTESIAN_POINT('',(72.4219298245616,23.6535964912281,36.0926103861961));
#4063=CARTESIAN_POINT('',(72.4219298245616,23.6535964912281,36.0926103861961));
#4064=CARTESIAN_POINT('Origin',(72.4219298245614,22.4385964912281,27.1749999999996));
#4065=CARTESIAN_POINT('Origin',(72.4219298245616,-44.4896067390474,31.1749999999996));
#4066=CARTESIAN_POINT('',(72.4219298245614,-44.4896067390474,30.1749999999996));
#4067=CARTESIAN_POINT('',(72.4219298245616,-44.4896067390474,30.1749999999996));
#4068=CARTESIAN_POINT('',(72.4219298245614,-45.3556321428319,31.6749999999996));
#4069=CARTESIAN_POINT('Origin',(72.4219298245614,-44.4896067390474,31.1749999999996));
#4070=CARTESIAN_POINT('',(72.4219298245616,-45.3556321428319,31.6749999999996));
#4071=CARTESIAN_POINT('Origin',(72.4219298245615,-37.5614035087719,27.1749999999996));
#4072=CARTESIAN_POINT('',(72.4219298245616,-38.7764035087719,36.0926103861961));
#4073=CARTESIAN_POINT('Origin',(72.4219298245614,-37.5614035087719,27.1749999999996));
#4074=CARTESIAN_POINT('',(72.4219298245616,-38.7764035087719,36.0926103861961));
#4075=CARTESIAN_POINT('Origin',(57.0719298245614,14.9385964912281,0.));
#4076=CARTESIAN_POINT('',(55.4844298245614,14.9385964912281,0.));
#4077=CARTESIAN_POINT('Origin',(57.0719298245614,14.9385964912281,0.));
#4078=CARTESIAN_POINT('',(55.4844298245614,14.9385964912281,3.175));
#4079=CARTESIAN_POINT('',(55.4844298245614,14.9385964912281,0.));
#4080=CARTESIAN_POINT('Origin',(57.0719298245614,14.9385964912281,3.175));
#4081=CARTESIAN_POINT('Origin',(-30.8780701754386,-30.0614035087719,0.));
#4082=CARTESIAN_POINT('',(-32.4655701754386,-30.0614035087719,0.));
#4083=CARTESIAN_POINT('Origin',(-30.8780701754386,-30.0614035087719,0.));
#4084=CARTESIAN_POINT('',(-32.4655701754386,-30.0614035087719,3.175));
#4085=CARTESIAN_POINT('',(-32.4655701754386,-30.0614035087719,0.));
#4086=CARTESIAN_POINT('Origin',(-30.8780701754386,-30.0614035087719,3.175));
#4087=CARTESIAN_POINT('Origin',(-30.8780701754386,14.9385964912281,0.));
#4088=CARTESIAN_POINT('',(-32.4655701754386,14.9385964912281,0.));
#4089=CARTESIAN_POINT('Origin',(-30.8780701754386,14.9385964912281,0.));
#4090=CARTESIAN_POINT('',(-32.4655701754386,14.9385964912281,3.175));
#4091=CARTESIAN_POINT('',(-32.4655701754386,14.9385964912281,0.));
#4092=CARTESIAN_POINT('Origin',(-30.8780701754386,14.9385964912281,3.175));
#4093=CARTESIAN_POINT('Origin',(57.0719298245614,-30.0614035087719,0.));
#4094=CARTESIAN_POINT('',(55.4844298245614,-30.0614035087719,0.));
#4095=CARTESIAN_POINT('Origin',(57.0719298245614,-30.0614035087719,0.));
#4096=CARTESIAN_POINT('',(55.4844298245614,-30.0614035087719,3.175));
#4097=CARTESIAN_POINT('',(55.4844298245614,-30.0614035087719,0.));
#4098=CARTESIAN_POINT('Origin',(57.0719298245614,-30.0614035087719,3.175));
#4099=CARTESIAN_POINT('Origin',(-55.8780701754386,-30.0614035087719,0.));
#4100=CARTESIAN_POINT('',(-57.4655701754386,-30.0614035087719,0.));
#4101=CARTESIAN_POINT('Origin',(-55.8780701754386,-30.0614035087719,0.));
#4102=CARTESIAN_POINT('',(-57.4655701754386,-30.0614035087719,3.175));
#4103=CARTESIAN_POINT('',(-57.4655701754386,-30.0614035087719,0.));
#4104=CARTESIAN_POINT('Origin',(-55.8780701754386,-30.0614035087719,3.175));
#4105=CARTESIAN_POINT('Origin',(-55.8780701754386,14.9385964912281,0.));
#4106=CARTESIAN_POINT('',(-57.4655701754386,14.9385964912281,0.));
#4107=CARTESIAN_POINT('Origin',(-55.8780701754386,14.9385964912281,0.));
#4108=CARTESIAN_POINT('',(-57.4655701754386,14.9385964912281,3.175));
#4109=CARTESIAN_POINT('',(-57.4655701754386,14.9385964912281,0.));
#4110=CARTESIAN_POINT('Origin',(-55.8780701754386,14.9385964912281,3.175));
#4111=CARTESIAN_POINT('Origin',(-71.2280701754386,-23.0614035087719,11.675));
#4112=CARTESIAN_POINT('',(-71.2280701754386,-21.4614035087719,11.675));
#4113=CARTESIAN_POINT('',(-71.2280701754386,-21.4614035087719,11.675));
#4114=CARTESIAN_POINT('',(-71.2280701754386,-24.6614035087719,11.675));
#4115=CARTESIAN_POINT('Origin',(-71.2280701754386,-23.0614035087719,11.675));
#4116=CARTESIAN_POINT('',(-71.2280701754386,-24.6614035087719,11.675));
#4117=CARTESIAN_POINT('Origin',(-71.2280701754386,-24.6614035087719,13.275));
#4118=CARTESIAN_POINT('',(-71.2280701754386,-24.6614035087719,13.275));
#4119=CARTESIAN_POINT('',(-71.2280701754386,-24.6614035087719,27.51875));
#4120=CARTESIAN_POINT('',(-71.2280701754386,-24.6614035087719,13.275));
#4121=CARTESIAN_POINT('Origin',(-71.2280701754386,-23.0614035087719,15.959329525226));
#4122=CARTESIAN_POINT('',(-71.2280701754386,-21.4614035087719,13.275));
#4123=CARTESIAN_POINT('Origin',(-71.2280701754386,-23.0614035087719,15.959329525226));
#4124=CARTESIAN_POINT('',(-71.2280701754386,-21.4614035087719,13.275));
#4125=CARTESIAN_POINT('Origin',(-71.2280701754386,-21.4614035087719,11.675));
#4126=CARTESIAN_POINT('',(-71.2280701754386,-21.4614035087719,26.71875));
#4127=CARTESIAN_POINT('Origin',(-71.2280701754386,-7.56140350877192,27.175));
#4128=CARTESIAN_POINT('',(-71.2280701754386,3.68859649122808,27.175));
#4129=CARTESIAN_POINT('',(-71.2280701754386,3.68859649122808,27.175));
#4130=CARTESIAN_POINT('',(-71.2280701754386,-18.8114035087719,27.175));
#4131=CARTESIAN_POINT('Origin',(-71.2280701754386,-7.56140350877192,27.175));
#4132=CARTESIAN_POINT('',(-71.2280701754386,-18.8114035087719,27.175));
#4133=CARTESIAN_POINT('Origin',(-71.2280701754386,-18.8114035087719,31.459329525226));
#4134=CARTESIAN_POINT('',(-71.2280701754386,-18.8114035087719,31.459329525226));
#4135=CARTESIAN_POINT('',(-71.2280701754386,-18.8114035087719,36.610914762613));
#4136=CARTESIAN_POINT('',(-71.2280701754386,-18.8114035087719,31.459329525226));
#4137=CARTESIAN_POINT('Origin',(-71.2280701754386,-7.56140350877192,31.459329525226));
#4138=CARTESIAN_POINT('',(-71.2280701754386,3.68859649122807,31.459329525226));
#4139=CARTESIAN_POINT('Origin',(-71.2280701754386,-7.56140350877192,31.459329525226));
#4140=CARTESIAN_POINT('',(-71.2280701754386,3.68859649122807,31.459329525226));
#4141=CARTESIAN_POINT('Origin',(-71.2280701754386,3.68859649122808,27.175));
#4142=CARTESIAN_POINT('',(-71.2280701754386,3.68859649122806,34.46875));
#4143=CARTESIAN_POINT('Origin',(-71.2280701754386,9.53859649122808,11.675));
#4144=CARTESIAN_POINT('',(-71.2280701754386,9.53859649122808,13.275));
#4145=CARTESIAN_POINT('',(-71.2280701754386,9.53859649122808,13.275));
#4146=CARTESIAN_POINT('',(-71.2280701754386,9.53859649122808,11.675));
#4147=CARTESIAN_POINT('',(-71.2280701754386,9.53859649122809,26.71875));
#4148=CARTESIAN_POINT('',(-71.2280701754386,9.53859649122808,11.675));
#4149=CARTESIAN_POINT('Origin',(-71.2280701754386,7.93859649122808,11.675));
#4150=CARTESIAN_POINT('',(-71.2280701754386,6.33859649122808,11.675));
#4151=CARTESIAN_POINT('Origin',(-71.2280701754386,7.93859649122808,11.675));
#4152=CARTESIAN_POINT('',(-71.2280701754386,6.33859649122808,11.675));
#4153=CARTESIAN_POINT('Origin',(-71.2280701754386,6.33859649122808,13.275));
#4154=CARTESIAN_POINT('',(-71.2280701754386,6.33859649122808,13.275));
#4155=CARTESIAN_POINT('',(-71.2280701754386,6.33859649122809,27.51875));
#4156=CARTESIAN_POINT('',(-71.2280701754386,6.33859649122808,13.275));
#4157=CARTESIAN_POINT('Origin',(-71.2280701754386,7.93859649122808,15.959329525226));
#4158=CARTESIAN_POINT('Origin',(-71.2280701754386,7.93859649122808,15.959329525226));
#4159=CARTESIAN_POINT('Origin',(-71.2280701754386,-23.0614035087719,42.675));
#4160=CARTESIAN_POINT('',(-71.2280701754386,-21.4614035087719,42.675));
#4161=CARTESIAN_POINT('Origin',(-71.2280701754386,-23.0614035087719,42.675));
#4162=CARTESIAN_POINT('',(-71.2280701754386,-21.4614035087719,42.675));
#4163=CARTESIAN_POINT('Origin',(-71.2280701754386,-36.061403508772,63.225));
#4164=CARTESIAN_POINT('',(-71.2280701754386,-34.861403508772,63.225));
#4165=CARTESIAN_POINT('Origin',(-71.2280701754386,-36.061403508772,63.225));
#4166=CARTESIAN_POINT('',(-71.2280701754386,-34.861403508772,63.225));
#4167=CARTESIAN_POINT('Origin',(-71.2280701754386,24.773185298664,63.9362866355385));
#4168=CARTESIAN_POINT('',(-71.2280701754386,24.773185298664,63.9362866355385));
#4169=CARTESIAN_POINT('',(-71.2280701754387,26.9137462769257,52.3963943350671));
#4170=CARTESIAN_POINT('',(-71.2280701754386,24.773185298664,63.9362866355385));
#4171=CARTESIAN_POINT('Origin',(-71.2280701754386,20.9385964912281,63.225));
#4172=CARTESIAN_POINT('Origin',(-71.2280701754386,20.9385964912281,63.225));
#4173=CARTESIAN_POINT('Origin',(-71.2280701754386,7.48859649122808,63.225));
#4174=CARTESIAN_POINT('',(-71.2280701754386,7.48859649122811,63.225));
#4175=CARTESIAN_POINT('',(-71.2280701754387,7.48859649121694,52.4937500000137));
#4176=CARTESIAN_POINT('',(-71.2280701754386,7.48859649122811,63.225));
#4177=CARTESIAN_POINT('Origin',(-71.2280701754386,-7.56140350877189,63.225));
#4178=CARTESIAN_POINT('Origin',(-71.2280701754386,-7.56140350877189,63.225));
#4179=CARTESIAN_POINT('Origin',(-71.2280701754386,-36.061403508776,67.1249999999999));
#4180=CARTESIAN_POINT('',(-71.2280701754386,-36.061403508776,67.1249999999999));
#4181=CARTESIAN_POINT('',(-71.2280701754387,-1.06140350878713,67.1250000000363));
#4182=CARTESIAN_POINT('',(-71.2280701754386,-36.061403508776,67.1249999999999));
#4183=CARTESIAN_POINT('Origin',(-71.2280701754386,-36.061403508772,63.225));
#4184=CARTESIAN_POINT('Origin',(-71.2280701754386,-36.061403508772,63.225));
#4185=CARTESIAN_POINT('Origin',(-71.2280701754386,-37.5614035087719,27.175));
#4186=CARTESIAN_POINT('Origin',(-71.2280701754386,-37.5614035087719,27.175));
#4187=CARTESIAN_POINT('Origin',(-71.2280701754386,20.9385964912281,63.225));
#4188=CARTESIAN_POINT('',(-71.2280701754386,22.1385964912281,63.225));
#4189=CARTESIAN_POINT('Origin',(-71.2280701754386,20.9385964912281,63.225));
#4190=CARTESIAN_POINT('',(-71.2280701754386,22.1385964912281,63.225));
#4191=CARTESIAN_POINT('Origin',(-71.2280701754386,7.93859649122808,42.675));
#4192=CARTESIAN_POINT('',(-71.2280701754386,9.53859649122808,42.675));
#4193=CARTESIAN_POINT('Origin',(-71.2280701754386,7.93859649122808,42.675));
#4194=CARTESIAN_POINT('',(-71.2280701754386,9.53859649122808,42.675));
#4195=CARTESIAN_POINT('Origin',(0.596929824561414,23.8900455225315,6.35));
#4196=CARTESIAN_POINT('',(0.596929824561423,26.3919796652328,4.39527481584103));
#4197=CARTESIAN_POINT('',(-64.4030701754386,23.8900455225315,3.175));
#4198=CARTESIAN_POINT('Origin',(-64.4030701754386,23.8900455225315,6.35));
#4199=CARTESIAN_POINT('',(65.5969298245614,23.8900455225315,3.175));
#4200=CARTESIAN_POINT('',(-32.1405701754386,23.8900455225315,3.175));
#4201=CARTESIAN_POINT('Origin',(65.5969298245614,23.8900455225315,6.35));
#4202=CARTESIAN_POINT('Origin',(-64.4030701754386,28.8939138079342,2.44054963168206));
#4203=CARTESIAN_POINT('',(-64.4030701754386,23.8900455225315,-1.11022302462516E-15));
#4204=CARTESIAN_POINT('Origin',(-64.4030701754386,23.8900455225315,6.35));
#4205=CARTESIAN_POINT('',(-64.4030701754386,23.8900455225315,1.22027481584103));
#4206=CARTESIAN_POINT('Origin',(65.5969298245614,26.3919796652328,4.39527481584103));
#4207=CARTESIAN_POINT('',(65.5969298245614,23.8900455225315,-1.11022302462516E-15));
#4208=CARTESIAN_POINT('',(65.5969298245614,23.8900455225315,2.19763740792052));
#4209=CARTESIAN_POINT('Origin',(65.5969298245614,23.8900455225315,6.35));
#4210=CARTESIAN_POINT('Origin',(65.5969298245614,36.5597912884887,12.2524253663351));
#4211=CARTESIAN_POINT('',(-64.4030701754386,34.0578571457873,14.2071505504941));
#4212=CARTESIAN_POINT('Origin',(0.596929824561414,23.8900455225315,6.35));
#4213=CARTESIAN_POINT('',(-32.1405701754386,23.8900455225315,0.));
#4214=CARTESIAN_POINT('Origin',(0.596929824561432,28.9476007476152,7.66632063529256));
#4215=CARTESIAN_POINT('Origin',(0.596929824561414,-39.0128525400753,6.35));
#4216=CARTESIAN_POINT('',(0.596929824561423,-41.5147866827767,4.39527481584103));
#4217=CARTESIAN_POINT('',(65.5969298245614,-39.0128525400753,3.175));
#4218=CARTESIAN_POINT('Origin',(65.5969298245614,-39.0128525400753,6.35));
#4219=CARTESIAN_POINT('',(-64.4030701754386,-39.0128525400753,3.175));
#4220=CARTESIAN_POINT('',(33.3344298245614,-39.0128525400753,3.175));
#4221=CARTESIAN_POINT('Origin',(-64.4030701754386,-39.0128525400753,6.35));
#4222=CARTESIAN_POINT('Origin',(65.5969298245614,-44.016720825478,2.44054963168206));
#4223=CARTESIAN_POINT('',(65.5969298245614,-39.0128525400753,-1.11022302462516E-15));
#4224=CARTESIAN_POINT('Origin',(65.5969298245614,-39.0128525400753,6.35));
#4225=CARTESIAN_POINT('',(65.5969298245614,-39.0128525400753,1.22027481584103));
#4226=CARTESIAN_POINT('Origin',(-64.4030701754386,-41.5147866827767,4.39527481584103));
#4227=CARTESIAN_POINT('',(-64.4030701754386,-39.0128525400753,-1.11022302462516E-15));
#4228=CARTESIAN_POINT('',(-64.4030701754386,-39.0128525400753,2.19763740792052));
#4229=CARTESIAN_POINT('Origin',(-64.4030701754386,-39.0128525400753,6.35));
#4230=CARTESIAN_POINT('Origin',(-64.4030701754386,-51.6825983060325,12.2524253663351));
#4231=CARTESIAN_POINT('',(65.5969298245614,-49.1806641633312,14.2071505504941));
#4232=CARTESIAN_POINT('Origin',(0.596929824561414,-39.0128525400753,6.35));
#4233=CARTESIAN_POINT('',(33.3344298245614,-39.0128525400753,0.));
#4234=CARTESIAN_POINT('Origin',(0.596929824561432,-44.070407765159,7.66632063529257));
#4235=CARTESIAN_POINT('Origin',(-64.8780701754386,23.8900455225315,0.));
#4236=CARTESIAN_POINT('',(66.0719298245615,23.8900455225315,3.175));
#4237=CARTESIAN_POINT('',(-32.1405701754386,23.8900455225315,3.175));
#4238=CARTESIAN_POINT('Origin',(66.0719298245614,23.8900455225315,6.35));
#4239=CARTESIAN_POINT('',(66.0719298245615,23.8900455225315,0.));
#4240=CARTESIAN_POINT('Origin',(66.0719298245614,23.8900455225315,6.35));
#4241=CARTESIAN_POINT('',(-32.1405701754386,23.8900455225315,0.));
#4242=CARTESIAN_POINT('Origin',(66.0719298245614,-39.0128525400753,0.));
#4243=CARTESIAN_POINT('',(-64.8780701754386,-39.0128525400753,3.175));
#4244=CARTESIAN_POINT('',(33.3344298245614,-39.0128525400753,3.175));
#4245=CARTESIAN_POINT('Origin',(-64.8780701754386,-39.0128525400753,6.35));
#4246=CARTESIAN_POINT('',(-64.8780701754386,-39.0128525400753,0.));
#4247=CARTESIAN_POINT('Origin',(-64.8780701754386,-39.0128525400753,6.35));
#4248=CARTESIAN_POINT('',(33.3344298245614,-39.0128525400753,0.));
#4249=CARTESIAN_POINT('Origin',(66.0719298245614,-7.56140350877192,6.35));
#4250=CARTESIAN_POINT('',(66.0719298245614,-39.0128525400753,3.175));
#4251=CARTESIAN_POINT('',(66.0719298245614,-24.0614035087719,3.175));
#4252=CARTESIAN_POINT('Origin',(66.0719298245614,-39.0128525400753,6.35));
#4253=CARTESIAN_POINT('Origin',(-64.8780701754386,-7.56140350877192,6.35));
#4254=CARTESIAN_POINT('',(-64.8780701754386,23.8900455225315,3.175));
#4255=CARTESIAN_POINT('Origin',(-64.8780701754386,23.8900455225315,6.35));
#4256=CARTESIAN_POINT('',(-64.8780701754386,8.93859649122808,3.175));
#4257=CARTESIAN_POINT('Origin',(66.0719298245614,-7.56140350877192,6.35));
#4258=CARTESIAN_POINT('',(72.4219298245614,-7.56140350877192,6.35));
#4259=CARTESIAN_POINT('',(66.0719298245614,-39.0128525400753,0.));
#4260=CARTESIAN_POINT('Origin',(66.0719298245614,-39.0128525400753,6.35));
#4261=CARTESIAN_POINT('',(66.0719298245614,-24.0614035087719,0.));
#4262=CARTESIAN_POINT('Origin',(-64.8780701754386,23.8900455225315,0.));
#4263=CARTESIAN_POINT('',(-64.8780701754386,23.8900455225315,0.));
#4264=CARTESIAN_POINT('',(-32.1405701754386,23.8900455225315,0.));
#4265=CARTESIAN_POINT('Origin',(-64.8780701754386,23.8900455225315,6.35));
#4266=CARTESIAN_POINT('',(-32.1405701754386,23.8900455225315,3.175));
#4267=CARTESIAN_POINT('Origin',(0.596929824561441,-7.56140350877192,0.));
#4268=CARTESIAN_POINT('',(33.3344298245614,-39.0128525400753,0.));
#4269=CARTESIAN_POINT('',(-64.8780701754386,8.93859649122808,0.));
#4270=CARTESIAN_POINT('Origin',(66.0719298245614,-39.0128525400753,0.));
#4271=CARTESIAN_POINT('',(33.3344298245614,-39.0128525400753,3.175));
#4272=CARTESIAN_POINT('Origin',(72.4219298245615,-21.5614035087719,27.1749999999996));
#4273=CARTESIAN_POINT('',(72.4219298245615,-22.7614035087719,27.1749999999996));
#4274=CARTESIAN_POINT('Origin',(72.4219298245614,-21.5614035087719,27.1749999999996));
#4275=CARTESIAN_POINT('',(72.4219298245615,-22.7614035087719,27.1749999999996));
#4276=CARTESIAN_POINT('Origin',(72.4219298245615,6.43859649122808,27.1749999999996));
#4277=CARTESIAN_POINT('',(72.4219298245615,5.23859649122808,27.1749999999996));
#4278=CARTESIAN_POINT('Origin',(72.4219298245614,6.43859649122808,27.1749999999996));
#4279=CARTESIAN_POINT('',(72.4219298245615,5.23859649122808,27.1749999999996));
#4280=CARTESIAN_POINT('Origin',(72.4219298245615,-7.56140350877192,27.1749999999996));
#4281=CARTESIAN_POINT('',(72.4219298245615,-14.5614035087719,27.1749999999996));
#4282=CARTESIAN_POINT('Origin',(72.4219298245614,-7.56140350877192,27.1749999999996));
#4283=CARTESIAN_POINT('',(72.4219298245615,-14.5614035087719,27.1749999999996));
#4284=CARTESIAN_POINT('Origin',(72.4219298245616,-46.0466848830105,30.1749999999996));
#4285=CARTESIAN_POINT('',(72.4219298245614,-47.5540441958912,30.1749999999996));
#4286=CARTESIAN_POINT('Origin',(72.4219298245616,-9.32315350877191,40.1055350599846));
#4287=CARTESIAN_POINT('',(72.4219298245616,-9.32315350877191,40.1055350599846));
#4288=CARTESIAN_POINT('',(72.4219298245614,-28.7193424474571,37.4628574210309));
#4289=CARTESIAN_POINT('',(72.4219298245616,-9.32315350877191,40.1055350599846));
#4290=CARTESIAN_POINT('Origin',(72.4219298245615,-7.56140350877192,27.1749999999996));
#4291=CARTESIAN_POINT('',(72.4219298245616,-5.79965350877192,40.1055350599846));
#4292=CARTESIAN_POINT('Origin',(72.4219298245614,-7.56140350877192,27.1749999999996));
#4293=CARTESIAN_POINT('',(72.4219298245616,-5.79965350877192,40.1055350599846));
#4294=CARTESIAN_POINT('Origin',(72.4219298245616,23.6535964912281,36.0926103861961));
#4295=CARTESIAN_POINT('',(72.4219298245614,-12.4205020700868,41.007607549544));
#4296=CARTESIAN_POINT('Origin',(72.4219298245616,27.8930098419011,30.1749999999996));
#4297=CARTESIAN_POINT('',(72.4219298245614,-10.5841968334354,30.1749999999996));
#4298=CARTESIAN_POINT('Origin',(72.4219298245614,-49.0614035087719,41.7625));
#4299=CARTESIAN_POINT('Origin',(-71.2280701754386,33.9385964912281,41.7625));
#4300=CARTESIAN_POINT('',(-71.2280701754386,-7.56140350877192,6.34999999999999));
#4301=CARTESIAN_POINT('Origin',(-64.8780701754386,-7.56140350877192,6.35));
#4302=CARTESIAN_POINT('Origin',(0.596929824561441,-7.56140350877192,3.175));
#4303=UNCERTAINTY_MEASURE_WITH_UNIT(LENGTH_MEASURE(0.01),#4307,
'DISTANCE_ACCURACY_VALUE',
'Maximum model space distance between geometric entities at asserted c
onnectivities');
#4304=UNCERTAINTY_MEASURE_WITH_UNIT(LENGTH_MEASURE(0.01),#4307,
'DISTANCE_ACCURACY_VALUE',
'Maximum model space distance between geometric entities at asserted c
onnectivities');
#4305=(
GEOMETRIC_REPRESENTATION_CONTEXT(3)
GLOBAL_UNCERTAINTY_ASSIGNED_CONTEXT((#4303))
GLOBAL_UNIT_ASSIGNED_CONTEXT((#4307,#4308,#4309))
REPRESENTATION_CONTEXT('','3D')
);
#4306=(
GEOMETRIC_REPRESENTATION_CONTEXT(3)
GLOBAL_UNCERTAINTY_ASSIGNED_CONTEXT((#4304))
GLOBAL_UNIT_ASSIGNED_CONTEXT((#4307,#4308,#4309))
REPRESENTATION_CONTEXT('','3D')
);
#4307=(
LENGTH_UNIT()
NAMED_UNIT(*)
SI_UNIT(.MILLI.,.METRE.)
);
#4308=(
NAMED_UNIT(*)
PLANE_ANGLE_UNIT()
SI_UNIT($,.RADIAN.)
);
#4309=(
NAMED_UNIT(*)
SI_UNIT($,.STERADIAN.)
SOLID_ANGLE_UNIT()
);
#4310=SHAPE_DEFINITION_REPRESENTATION(#4311,#4312);
#4311=PRODUCT_DEFINITION_SHAPE('',$,#4314);
#4312=SHAPE_REPRESENTATION('',(#2523),#4305);
#4313=PRODUCT_DEFINITION_CONTEXT('part definition',#4318,'design');
#4314=PRODUCT_DEFINITION('frame_250108','frame_250108',#4315,#4313);
#4315=PRODUCT_DEFINITION_FORMATION('',$,#4320);
#4316=PRODUCT_RELATED_PRODUCT_CATEGORY('frame_250108','frame_250108',(#4320));
#4317=APPLICATION_PROTOCOL_DEFINITION('international standard',
'ap242_managed_model_based_3d_engineering',2011,#4318);
#4318=APPLICATION_CONTEXT('Managed model based 3d engineering');
#4319=PRODUCT_CONTEXT('part definition',#4318,'mechanical');
#4320=PRODUCT('frame_250108','frame_250108',$,(#4319));
#4321=PRESENTATION_STYLE_ASSIGNMENT((#4323));
#4322=PRESENTATION_STYLE_ASSIGNMENT((#4324));
#4323=SURFACE_STYLE_USAGE(.BOTH.,#4325);
#4324=SURFACE_STYLE_USAGE(.BOTH.,#4326);
#4325=SURFACE_SIDE_STYLE('',(#4327));
#4326=SURFACE_SIDE_STYLE('',(#4328));
#4327=SURFACE_STYLE_FILL_AREA(#4329);
#4328=SURFACE_STYLE_FILL_AREA(#4330);
#4329=FILL_AREA_STYLE('Steel - Satin',(#4331));
#4330=FILL_AREA_STYLE('Aluminum - Satin',(#4332));
#4331=FILL_AREA_STYLE_COLOUR('Steel - Satin',#4333);
#4332=FILL_AREA_STYLE_COLOUR('Aluminum - Satin',#4334);
#4333=COLOUR_RGB('Steel - Satin',0.627450980392157,0.627450980392157,0.627450980392157);
#4334=COLOUR_RGB('Aluminum - Satin',0.96078431372549,0.96078431372549,0.964705882352941);
ENDSEC;
END-ISO-10303-21;
