ISO-10303-21;
HEADER;
/* Generated by software containing ST-Developer
 * from STEP Tools, Inc. (www.steptools.com) 
 */

FILE_DESCRIPTION(
/* description */ (''),
/* implementation_level */ '2;1');

FILE_NAME(
/* name */ 'carriage_33mm_nut.step',
/* time_stamp */ '2025-08-27T10:47:01-04:00',
/* author */ (''),
/* organization */ (''),
/* preprocessor_version */ 'ST-DEVELOPER v20.1',
/* originating_system */ 'Autodesk Translation Framework v14.10.0.0',
/* authorisation */ '');

FILE_SCHEMA (('AUTOMOTIVE_DESIGN { 1 0 10303 214 3 1 1 }'));
ENDSEC;

DATA;
#10=MECHANICAL_DESIGN_GEOMETRIC_PRESENTATION_REPRESENTATION('',(#13),#3831);
#11=SHAPE_REPRESENTATION_RELATIONSHIP('SRR','None',#3838,#12);
#12=ADVANCED_BREP_SHAPE_REPRESENTATION('',(#14),#3830);
#13=STYLED_ITEM('',(#3848),#14);
#14=MANIFOLD_SOLID_BREP('Body1',#2082);
#15=CONICAL_SURFACE('',#2246,1.99999999999998,0.349065850398866);
#16=CONICAL_SURFACE('',#2249,1.9999999999915,0.349065850398865);
#17=CONICAL_SURFACE('',#2257,4.375,0.0166097680538801);
#18=ELLIPSE('',#2234,16.9705627484771,12.);
#19=ELLIPSE('',#2237,16.9705627484771,12.);
#20=ELLIPSE('',#2238,4.24264068711929,3.00000000000001);
#21=ELLIPSE('',#2242,4.24264068711929,3.00000000000001);
#22=ELLIPSE('',#2245,8.77141320048931,3.00000000000001);
#23=ELLIPSE('',#2252,8.77141320048944,3.00000000000001);
#24=TOROIDAL_SURFACE('',#2134,19.5,10.);
#25=TOROIDAL_SURFACE('',#2178,19.5,10.);
#26=TOROIDAL_SURFACE('',#2208,19.5,10.);
#27=B_SPLINE_SURFACE_WITH_KNOTS('',3,3,((#3034,#3035,#3036,#3037,#3038,
#3039),(#3040,#3041,#3042,#3043,#3044,#3045),(#3046,#3047,#3048,#3049,#3050,
#3051),(#3052,#3053,#3054,#3055,#3056,#3057),(#3058,#3059,#3060,#3061,#3062,
#3063),(#3064,#3065,#3066,#3067,#3068,#3069)),.UNSPECIFIED.,.F.,.F.,.F.,
(4,1,1,4),(4,1,1,4),(0.,0.285714285714286,0.571428571428571,1.),(6.71248777082156,
6.95640563774642,7.07836457120885,7.56620030505858),.UNSPECIFIED.);
#28=B_SPLINE_SURFACE_WITH_KNOTS('',3,3,((#3085,#3086,#3087,#3088,#3089,
#3090),(#3091,#3092,#3093,#3094,#3095,#3096),(#3097,#3098,#3099,#3100,#3101,
#3102),(#3103,#3104,#3105,#3106,#3107,#3108),(#3109,#3110,#3111,#3112,#3113,
#3114),(#3115,#3116,#3117,#3118,#3119,#3120)),.UNSPECIFIED.,.F.,.F.,.F.,
(4,1,1,4),(4,1,1,4),(0.,0.285714285714286,0.571428571428571,1.),(2.50253135744255,
2.86840815514322,3.112326020277,3.35624388541078),.UNSPECIFIED.);
#29=FACE_BOUND('',#591,.T.);
#30=FACE_BOUND('',#592,.T.);
#31=FACE_BOUND('',#598,.T.);
#32=FACE_BOUND('',#604,.T.);
#33=FACE_BOUND('',#618,.T.);
#34=FACE_BOUND('',#619,.T.);
#35=FACE_BOUND('',#620,.T.);
#36=FACE_BOUND('',#621,.T.);
#37=FACE_BOUND('',#622,.T.);
#38=FACE_BOUND('',#623,.T.);
#39=FACE_BOUND('',#624,.T.);
#40=FACE_BOUND('',#627,.T.);
#41=FACE_BOUND('',#628,.T.);
#42=FACE_BOUND('',#629,.T.);
#43=FACE_BOUND('',#630,.T.);
#44=FACE_BOUND('',#631,.T.);
#45=FACE_BOUND('',#645,.T.);
#46=FACE_BOUND('',#646,.T.);
#47=FACE_BOUND('',#648,.T.);
#48=FACE_BOUND('',#649,.T.);
#49=FACE_BOUND('',#657,.T.);
#50=FACE_BOUND('',#659,.T.);
#51=FACE_BOUND('',#665,.T.);
#52=FACE_BOUND('',#668,.T.);
#53=FACE_BOUND('',#676,.T.);
#54=FACE_BOUND('',#694,.T.);
#55=FACE_BOUND('',#700,.T.);
#56=FACE_BOUND('',#706,.T.);
#57=FACE_BOUND('',#712,.T.);
#58=LINE('',#2915,#238);
#59=LINE('',#2919,#239);
#60=LINE('',#2922,#240);
#61=LINE('',#2923,#241);
#62=LINE('',#2931,#242);
#63=LINE('',#2935,#243);
#64=LINE('',#2937,#244);
#65=LINE('',#2938,#245);
#66=LINE('',#2941,#246);
#67=LINE('',#2952,#247);
#68=LINE('',#2953,#248);
#69=LINE('',#2957,#249);
#70=LINE('',#2959,#250);
#71=LINE('',#2960,#251);
#72=LINE('',#2970,#252);
#73=LINE('',#2971,#253);
#74=LINE('',#2978,#254);
#75=LINE('',#2980,#255);
#76=LINE('',#2982,#256);
#77=LINE('',#2983,#257);
#78=LINE('',#2986,#258);
#79=LINE('',#2995,#259);
#80=LINE('',#2996,#260);
#81=LINE('',#3008,#261);
#82=LINE('',#3010,#262);
#83=LINE('',#3011,#263);
#84=LINE('',#3014,#264);
#85=LINE('',#3015,#265);
#86=LINE('',#3028,#266);
#87=LINE('',#3033,#267);
#88=LINE('',#3196,#268);
#89=LINE('',#3199,#269);
#90=LINE('',#3210,#270);
#91=LINE('',#3220,#271);
#92=LINE('',#3225,#272);
#93=LINE('',#3244,#273);
#94=LINE('',#3254,#274);
#95=LINE('',#3270,#275);
#96=LINE('',#3281,#276);
#97=LINE('',#3297,#277);
#98=LINE('',#3304,#278);
#99=LINE('',#3306,#279);
#100=LINE('',#3310,#280);
#101=LINE('',#3314,#281);
#102=LINE('',#3316,#282);
#103=LINE('',#3320,#283);
#104=LINE('',#3324,#284);
#105=LINE('',#3346,#285);
#106=LINE('',#3348,#286);
#107=LINE('',#3365,#287);
#108=LINE('',#3367,#288);
#109=LINE('',#3369,#289);
#110=LINE('',#3373,#290);
#111=LINE('',#3375,#291);
#112=LINE('',#3377,#292);
#113=LINE('',#3381,#293);
#114=LINE('',#3385,#294);
#115=LINE('',#3389,#295);
#116=LINE('',#3393,#296);
#117=LINE('',#3397,#297);
#118=LINE('',#3401,#298);
#119=LINE('',#3405,#299);
#120=LINE('',#3413,#300);
#121=LINE('',#3415,#301);
#122=LINE('',#3417,#302);
#123=LINE('',#3418,#303);
#124=LINE('',#3421,#304);
#125=LINE('',#3423,#305);
#126=LINE('',#3425,#306);
#127=LINE('',#3426,#307);
#128=LINE('',#3499,#308);
#129=LINE('',#3500,#309);
#130=LINE('',#3503,#310);
#131=LINE('',#3507,#311);
#132=LINE('',#3510,#312);
#133=LINE('',#3513,#313);
#134=LINE('',#3514,#314);
#135=LINE('',#3520,#315);
#136=LINE('',#3523,#316);
#137=LINE('',#3527,#317);
#138=LINE('',#3530,#318);
#139=LINE('',#3535,#319);
#140=LINE('',#3538,#320);
#141=LINE('',#3543,#321);
#142=LINE('',#3546,#322);
#143=LINE('',#3550,#323);
#144=LINE('',#3552,#324);
#145=LINE('',#3553,#325);
#146=LINE('',#3556,#326);
#147=LINE('',#3558,#327);
#148=LINE('',#3559,#328);
#149=LINE('',#3601,#329);
#150=LINE('',#3608,#330);
#151=LINE('',#3610,#331);
#152=LINE('',#3612,#332);
#153=LINE('',#3613,#333);
#154=LINE('',#3618,#334);
#155=LINE('',#3619,#335);
#156=LINE('',#3626,#336);
#157=LINE('',#3627,#337);
#158=LINE('',#3631,#338);
#159=LINE('',#3632,#339);
#160=LINE('',#3635,#340);
#161=LINE('',#3639,#341);
#162=LINE('',#3641,#342);
#163=LINE('',#3643,#343);
#164=LINE('',#3644,#344);
#165=LINE('',#3650,#345);
#166=LINE('',#3651,#346);
#167=LINE('',#3652,#347);
#168=LINE('',#3657,#348);
#169=LINE('',#3659,#349);
#170=LINE('',#3660,#350);
#171=LINE('',#3664,#351);
#172=LINE('',#3665,#352);
#173=LINE('',#3670,#353);
#174=LINE('',#3671,#354);
#175=LINE('',#3672,#355);
#176=LINE('',#3676,#356);
#177=LINE('',#3678,#357);
#178=LINE('',#3683,#358);
#179=LINE('',#3686,#359);
#180=LINE('',#3688,#360);
#181=LINE('',#3689,#361);
#182=LINE('',#3693,#362);
#183=LINE('',#3696,#363);
#184=LINE('',#3699,#364);
#185=LINE('',#3701,#365);
#186=LINE('',#3702,#366);
#187=LINE('',#3705,#367);
#188=LINE('',#3708,#368);
#189=LINE('',#3712,#369);
#190=LINE('',#3713,#370);
#191=LINE('',#3717,#371);
#192=LINE('',#3721,#372);
#193=LINE('',#3723,#373);
#194=LINE('',#3724,#374);
#195=LINE('',#3726,#375);
#196=LINE('',#3729,#376);
#197=LINE('',#3732,#377);
#198=LINE('',#3736,#378);
#199=LINE('',#3738,#379);
#200=LINE('',#3739,#380);
#201=LINE('',#3742,#381);
#202=LINE('',#3743,#382);
#203=LINE('',#3746,#383);
#204=LINE('',#3747,#384);
#205=LINE('',#3749,#385);
#206=LINE('',#3755,#386);
#207=LINE('',#3757,#387);
#208=LINE('',#3758,#388);
#209=LINE('',#3761,#389);
#210=LINE('',#3762,#390);
#211=LINE('',#3765,#391);
#212=LINE('',#3766,#392);
#213=LINE('',#3768,#393);
#214=LINE('',#3772,#394);
#215=LINE('',#3774,#395);
#216=LINE('',#3775,#396);
#217=LINE('',#3778,#397);
#218=LINE('',#3779,#398);
#219=LINE('',#3782,#399);
#220=LINE('',#3783,#400);
#221=LINE('',#3785,#401);
#222=LINE('',#3791,#402);
#223=LINE('',#3793,#403);
#224=LINE('',#3794,#404);
#225=LINE('',#3797,#405);
#226=LINE('',#3798,#406);
#227=LINE('',#3801,#407);
#228=LINE('',#3802,#408);
#229=LINE('',#3804,#409);
#230=LINE('',#3809,#410);
#231=LINE('',#3811,#411);
#232=LINE('',#3813,#412);
#233=LINE('',#3816,#413);
#234=LINE('',#3818,#414);
#235=LINE('',#3820,#415);
#236=LINE('',#3822,#416);
#237=LINE('',#3826,#417);
#238=VECTOR('',#2306,10.);
#239=VECTOR('',#2309,10.);
#240=VECTOR('',#2312,10.);
#241=VECTOR('',#2313,10.);
#242=VECTOR('',#2320,10.);
#243=VECTOR('',#2323,10.);
#244=VECTOR('',#2324,10.);
#245=VECTOR('',#2325,10.);
#246=VECTOR('',#2328,10.);
#247=VECTOR('',#2329,10.);
#248=VECTOR('',#2330,10.);
#249=VECTOR('',#2333,10.);
#250=VECTOR('',#2334,10.);
#251=VECTOR('',#2335,10.);
#252=VECTOR('',#2338,10.);
#253=VECTOR('',#2339,10.);
#254=VECTOR('',#2346,10.);
#255=VECTOR('',#2347,10.);
#256=VECTOR('',#2348,10.);
#257=VECTOR('',#2349,10.);
#258=VECTOR('',#2352,10.);
#259=VECTOR('',#2353,10.);
#260=VECTOR('',#2354,10.);
#261=VECTOR('',#2357,10.);
#262=VECTOR('',#2358,10.);
#263=VECTOR('',#2359,10.);
#264=VECTOR('',#2362,10.);
#265=VECTOR('',#2363,10.);
#266=VECTOR('',#2372,10.);
#267=VECTOR('',#2377,10.);
#268=VECTOR('',#2390,10.);
#269=VECTOR('',#2393,10.);
#270=VECTOR('',#2396,10.);
#271=VECTOR('',#2399,10.);
#272=VECTOR('',#2404,10.);
#273=VECTOR('',#2413,10.);
#274=VECTOR('',#2414,10.);
#275=VECTOR('',#2425,10.);
#276=VECTOR('',#2430,14.5);
#277=VECTOR('',#2433,14.5);
#278=VECTOR('',#2440,10.);
#279=VECTOR('',#2441,10.);
#280=VECTOR('',#2444,10.);
#281=VECTOR('',#2447,10.);
#282=VECTOR('',#2448,10.);
#283=VECTOR('',#2451,10.);
#284=VECTOR('',#2454,10.);
#285=VECTOR('',#2477,14.5);
#286=VECTOR('',#2478,14.5);
#287=VECTOR('',#2483,10.);
#288=VECTOR('',#2484,10.);
#289=VECTOR('',#2485,10.);
#290=VECTOR('',#2488,10.);
#291=VECTOR('',#2489,10.);
#292=VECTOR('',#2490,10.);
#293=VECTOR('',#2493,10.);
#294=VECTOR('',#2496,10.);
#295=VECTOR('',#2499,10.);
#296=VECTOR('',#2502,10.);
#297=VECTOR('',#2505,10.);
#298=VECTOR('',#2508,10.);
#299=VECTOR('',#2511,10.);
#300=VECTOR('',#2518,10.);
#301=VECTOR('',#2519,10.);
#302=VECTOR('',#2520,10.);
#303=VECTOR('',#2521,10.);
#304=VECTOR('',#2522,10.);
#305=VECTOR('',#2523,10.);
#306=VECTOR('',#2524,10.);
#307=VECTOR('',#2525,10.);
#308=VECTOR('',#2536,15.);
#309=VECTOR('',#2537,10.);
#310=VECTOR('',#2540,10.);
#311=VECTOR('',#2545,10.);
#312=VECTOR('',#2548,10.);
#313=VECTOR('',#2551,10.);
#314=VECTOR('',#2552,10.);
#315=VECTOR('',#2559,10.);
#316=VECTOR('',#2562,10.);
#317=VECTOR('',#2567,10.);
#318=VECTOR('',#2570,10.);
#319=VECTOR('',#2577,1.5);
#320=VECTOR('',#2580,1.5);
#321=VECTOR('',#2587,1.5);
#322=VECTOR('',#2590,1.5);
#323=VECTOR('',#2595,10.);
#324=VECTOR('',#2596,10.);
#325=VECTOR('',#2597,10.);
#326=VECTOR('',#2600,10.);
#327=VECTOR('',#2601,10.);
#328=VECTOR('',#2602,10.);
#329=VECTOR('',#2615,1.6);
#330=VECTOR('',#2624,10.);
#331=VECTOR('',#2625,10.);
#332=VECTOR('',#2626,10.);
#333=VECTOR('',#2627,10.);
#334=VECTOR('',#2632,10.);
#335=VECTOR('',#2633,10.);
#336=VECTOR('',#2640,10.);
#337=VECTOR('',#2641,10.);
#338=VECTOR('',#2646,10.);
#339=VECTOR('',#2647,10.);
#340=VECTOR('',#2652,1.49999999999999);
#341=VECTOR('',#2655,10.);
#342=VECTOR('',#2656,10.);
#343=VECTOR('',#2657,10.);
#344=VECTOR('',#2658,10.);
#345=VECTOR('',#2663,10.);
#346=VECTOR('',#2664,10.);
#347=VECTOR('',#2665,10.);
#348=VECTOR('',#2670,10.);
#349=VECTOR('',#2671,10.);
#350=VECTOR('',#2672,10.);
#351=VECTOR('',#2677,10.);
#352=VECTOR('',#2678,10.);
#353=VECTOR('',#2685,10.);
#354=VECTOR('',#2686,10.);
#355=VECTOR('',#2687,10.);
#356=VECTOR('',#2692,10.);
#357=VECTOR('',#2695,1.49999999999999);
#358=VECTOR('',#2700,10.);
#359=VECTOR('',#2703,10.);
#360=VECTOR('',#2706,10.);
#361=VECTOR('',#2707,10.);
#362=VECTOR('',#2712,10.);
#363=VECTOR('',#2715,10.);
#364=VECTOR('',#2718,10.);
#365=VECTOR('',#2719,10.);
#366=VECTOR('',#2720,10.);
#367=VECTOR('',#2725,10.);
#368=VECTOR('',#2728,10.);
#369=VECTOR('',#2733,10.);
#370=VECTOR('',#2734,10.);
#371=VECTOR('',#2739,10.);
#372=VECTOR('',#2744,10.);
#373=VECTOR('',#2747,10.);
#374=VECTOR('',#2748,10.);
#375=VECTOR('',#2751,10.);
#376=VECTOR('',#2756,10.);
#377=VECTOR('',#2759,4.375);
#378=VECTOR('',#2764,10.);
#379=VECTOR('',#2765,10.);
#380=VECTOR('',#2766,10.);
#381=VECTOR('',#2769,10.);
#382=VECTOR('',#2770,10.);
#383=VECTOR('',#2773,10.);
#384=VECTOR('',#2774,10.);
#385=VECTOR('',#2777,10.);
#386=VECTOR('',#2784,10.);
#387=VECTOR('',#2785,10.);
#388=VECTOR('',#2786,10.);
#389=VECTOR('',#2789,10.);
#390=VECTOR('',#2790,10.);
#391=VECTOR('',#2793,10.);
#392=VECTOR('',#2794,10.);
#393=VECTOR('',#2797,10.);
#394=VECTOR('',#2802,10.);
#395=VECTOR('',#2803,10.);
#396=VECTOR('',#2804,10.);
#397=VECTOR('',#2807,10.);
#398=VECTOR('',#2808,10.);
#399=VECTOR('',#2811,10.);
#400=VECTOR('',#2812,10.);
#401=VECTOR('',#2815,10.);
#402=VECTOR('',#2822,10.);
#403=VECTOR('',#2823,10.);
#404=VECTOR('',#2824,10.);
#405=VECTOR('',#2827,10.);
#406=VECTOR('',#2828,10.);
#407=VECTOR('',#2831,10.);
#408=VECTOR('',#2832,10.);
#409=VECTOR('',#2835,10.);
#410=VECTOR('',#2842,1.6);
#411=VECTOR('',#2845,1.6);
#412=VECTOR('',#2848,4.25000000000001);
#413=VECTOR('',#2853,1.6);
#414=VECTOR('',#2856,1.49999999999999);
#415=VECTOR('',#2859,1.49999999999999);
#416=VECTOR('',#2862,10.);
#417=VECTOR('',#2869,10.);
#418=PLANE('',#2100);
#419=PLANE('',#2105);
#420=PLANE('',#2107);
#421=PLANE('',#2108);
#422=PLANE('',#2109);
#423=PLANE('',#2110);
#424=PLANE('',#2112);
#425=PLANE('',#2113);
#426=PLANE('',#2114);
#427=PLANE('',#2115);
#428=PLANE('',#2117);
#429=PLANE('',#2119);
#430=PLANE('',#2137);
#431=PLANE('',#2145);
#432=PLANE('',#2163);
#433=PLANE('',#2185);
#434=PLANE('',#2202);
#435=PLANE('',#2203);
#436=PLANE('',#2206);
#437=PLANE('',#2211);
#438=PLANE('',#2213);
#439=PLANE('',#2214);
#440=PLANE('',#2217);
#441=PLANE('',#2220);
#442=PLANE('',#2221);
#443=PLANE('',#2223);
#444=PLANE('',#2224);
#445=PLANE('',#2227);
#446=PLANE('',#2228);
#447=PLANE('',#2231);
#448=PLANE('',#2232);
#449=PLANE('',#2236);
#450=PLANE('',#2239);
#451=PLANE('',#2241);
#452=PLANE('',#2243);
#453=PLANE('',#2244);
#454=PLANE('',#2248);
#455=PLANE('',#2251);
#456=PLANE('',#2254);
#457=PLANE('',#2259);
#458=PLANE('',#2260);
#459=PLANE('',#2261);
#460=PLANE('',#2262);
#461=PLANE('',#2263);
#462=PLANE('',#2265);
#463=PLANE('',#2266);
#464=PLANE('',#2267);
#465=PLANE('',#2268);
#466=PLANE('',#2269);
#467=PLANE('',#2270);
#468=PLANE('',#2271);
#469=PLANE('',#2272);
#470=PLANE('',#2273);
#471=PLANE('',#2274);
#472=PLANE('',#2276);
#473=PLANE('',#2277);
#474=PLANE('',#2278);
#475=PLANE('',#2279);
#476=PLANE('',#2280);
#477=PLANE('',#2289);
#478=PLANE('',#2291);
#479=PLANE('',#2292);
#480=FACE_OUTER_BOUND('',#588,.T.);
#481=FACE_OUTER_BOUND('',#589,.T.);
#482=FACE_OUTER_BOUND('',#590,.T.);
#483=FACE_OUTER_BOUND('',#593,.T.);
#484=FACE_OUTER_BOUND('',#594,.T.);
#485=FACE_OUTER_BOUND('',#595,.T.);
#486=FACE_OUTER_BOUND('',#596,.T.);
#487=FACE_OUTER_BOUND('',#597,.T.);
#488=FACE_OUTER_BOUND('',#599,.T.);
#489=FACE_OUTER_BOUND('',#600,.T.);
#490=FACE_OUTER_BOUND('',#601,.T.);
#491=FACE_OUTER_BOUND('',#602,.T.);
#492=FACE_OUTER_BOUND('',#603,.T.);
#493=FACE_OUTER_BOUND('',#605,.T.);
#494=FACE_OUTER_BOUND('',#606,.T.);
#495=FACE_OUTER_BOUND('',#607,.T.);
#496=FACE_OUTER_BOUND('',#608,.T.);
#497=FACE_OUTER_BOUND('',#609,.T.);
#498=FACE_OUTER_BOUND('',#610,.T.);
#499=FACE_OUTER_BOUND('',#611,.T.);
#500=FACE_OUTER_BOUND('',#612,.T.);
#501=FACE_OUTER_BOUND('',#613,.T.);
#502=FACE_OUTER_BOUND('',#614,.T.);
#503=FACE_OUTER_BOUND('',#615,.T.);
#504=FACE_OUTER_BOUND('',#616,.T.);
#505=FACE_OUTER_BOUND('',#617,.T.);
#506=FACE_OUTER_BOUND('',#625,.T.);
#507=FACE_OUTER_BOUND('',#626,.T.);
#508=FACE_OUTER_BOUND('',#632,.T.);
#509=FACE_OUTER_BOUND('',#633,.T.);
#510=FACE_OUTER_BOUND('',#634,.T.);
#511=FACE_OUTER_BOUND('',#635,.T.);
#512=FACE_OUTER_BOUND('',#636,.T.);
#513=FACE_OUTER_BOUND('',#637,.T.);
#514=FACE_OUTER_BOUND('',#638,.T.);
#515=FACE_OUTER_BOUND('',#639,.T.);
#516=FACE_OUTER_BOUND('',#640,.T.);
#517=FACE_OUTER_BOUND('',#641,.T.);
#518=FACE_OUTER_BOUND('',#642,.T.);
#519=FACE_OUTER_BOUND('',#643,.T.);
#520=FACE_OUTER_BOUND('',#644,.T.);
#521=FACE_OUTER_BOUND('',#647,.T.);
#522=FACE_OUTER_BOUND('',#650,.T.);
#523=FACE_OUTER_BOUND('',#651,.T.);
#524=FACE_OUTER_BOUND('',#652,.T.);
#525=FACE_OUTER_BOUND('',#653,.T.);
#526=FACE_OUTER_BOUND('',#654,.T.);
#527=FACE_OUTER_BOUND('',#655,.T.);
#528=FACE_OUTER_BOUND('',#656,.T.);
#529=FACE_OUTER_BOUND('',#658,.T.);
#530=FACE_OUTER_BOUND('',#660,.T.);
#531=FACE_OUTER_BOUND('',#661,.T.);
#532=FACE_OUTER_BOUND('',#662,.T.);
#533=FACE_OUTER_BOUND('',#663,.T.);
#534=FACE_OUTER_BOUND('',#664,.T.);
#535=FACE_OUTER_BOUND('',#666,.T.);
#536=FACE_OUTER_BOUND('',#667,.T.);
#537=FACE_OUTER_BOUND('',#669,.T.);
#538=FACE_OUTER_BOUND('',#670,.T.);
#539=FACE_OUTER_BOUND('',#671,.T.);
#540=FACE_OUTER_BOUND('',#672,.T.);
#541=FACE_OUTER_BOUND('',#673,.T.);
#542=FACE_OUTER_BOUND('',#674,.T.);
#543=FACE_OUTER_BOUND('',#675,.T.);
#544=FACE_OUTER_BOUND('',#677,.T.);
#545=FACE_OUTER_BOUND('',#678,.T.);
#546=FACE_OUTER_BOUND('',#679,.T.);
#547=FACE_OUTER_BOUND('',#680,.T.);
#548=FACE_OUTER_BOUND('',#681,.T.);
#549=FACE_OUTER_BOUND('',#682,.T.);
#550=FACE_OUTER_BOUND('',#683,.T.);
#551=FACE_OUTER_BOUND('',#684,.T.);
#552=FACE_OUTER_BOUND('',#685,.T.);
#553=FACE_OUTER_BOUND('',#686,.T.);
#554=FACE_OUTER_BOUND('',#687,.T.);
#555=FACE_OUTER_BOUND('',#688,.T.);
#556=FACE_OUTER_BOUND('',#689,.T.);
#557=FACE_OUTER_BOUND('',#690,.T.);
#558=FACE_OUTER_BOUND('',#691,.T.);
#559=FACE_OUTER_BOUND('',#692,.T.);
#560=FACE_OUTER_BOUND('',#693,.T.);
#561=FACE_OUTER_BOUND('',#695,.T.);
#562=FACE_OUTER_BOUND('',#696,.T.);
#563=FACE_OUTER_BOUND('',#697,.T.);
#564=FACE_OUTER_BOUND('',#698,.T.);
#565=FACE_OUTER_BOUND('',#699,.T.);
#566=FACE_OUTER_BOUND('',#701,.T.);
#567=FACE_OUTER_BOUND('',#702,.T.);
#568=FACE_OUTER_BOUND('',#703,.T.);
#569=FACE_OUTER_BOUND('',#704,.T.);
#570=FACE_OUTER_BOUND('',#705,.T.);
#571=FACE_OUTER_BOUND('',#707,.T.);
#572=FACE_OUTER_BOUND('',#708,.T.);
#573=FACE_OUTER_BOUND('',#709,.T.);
#574=FACE_OUTER_BOUND('',#710,.T.);
#575=FACE_OUTER_BOUND('',#711,.T.);
#576=FACE_OUTER_BOUND('',#713,.T.);
#577=FACE_OUTER_BOUND('',#714,.T.);
#578=FACE_OUTER_BOUND('',#715,.T.);
#579=FACE_OUTER_BOUND('',#716,.T.);
#580=FACE_OUTER_BOUND('',#717,.T.);
#581=FACE_OUTER_BOUND('',#718,.T.);
#582=FACE_OUTER_BOUND('',#719,.T.);
#583=FACE_OUTER_BOUND('',#720,.T.);
#584=FACE_OUTER_BOUND('',#721,.T.);
#585=FACE_OUTER_BOUND('',#722,.T.);
#586=FACE_OUTER_BOUND('',#723,.T.);
#587=FACE_OUTER_BOUND('',#724,.T.);
#588=EDGE_LOOP('',(#1336,#1337));
#589=EDGE_LOOP('',(#1338,#1339));
#590=EDGE_LOOP('',(#1340,#1341,#1342,#1343,#1344,#1345,#1346,#1347));
#591=EDGE_LOOP('',(#1348));
#592=EDGE_LOOP('',(#1349));
#593=EDGE_LOOP('',(#1350,#1351,#1352,#1353,#1354));
#594=EDGE_LOOP('',(#1355,#1356,#1357,#1358,#1359));
#595=EDGE_LOOP('',(#1360,#1361,#1362,#1363,#1364));
#596=EDGE_LOOP('',(#1365,#1366,#1367,#1368));
#597=EDGE_LOOP('',(#1369,#1370,#1371,#1372));
#598=EDGE_LOOP('',(#1373));
#599=EDGE_LOOP('',(#1374,#1375,#1376,#1377));
#600=EDGE_LOOP('',(#1378,#1379,#1380,#1381,#1382));
#601=EDGE_LOOP('',(#1383,#1384,#1385,#1386,#1387));
#602=EDGE_LOOP('',(#1388,#1389,#1390,#1391,#1392));
#603=EDGE_LOOP('',(#1393,#1394,#1395,#1396));
#604=EDGE_LOOP('',(#1397));
#605=EDGE_LOOP('',(#1398,#1399,#1400,#1401,#1402,#1403,#1404,#1405));
#606=EDGE_LOOP('',(#1406,#1407,#1408,#1409,#1410,#1411));
#607=EDGE_LOOP('',(#1412,#1413,#1414,#1415,#1416,#1417));
#608=EDGE_LOOP('',(#1418,#1419,#1420,#1421,#1422,#1423,#1424));
#609=EDGE_LOOP('',(#1425,#1426,#1427,#1428));
#610=EDGE_LOOP('',(#1429,#1430,#1431,#1432,#1433,#1434,#1435));
#611=EDGE_LOOP('',(#1436,#1437,#1438,#1439));
#612=EDGE_LOOP('',(#1440,#1441,#1442,#1443));
#613=EDGE_LOOP('',(#1444,#1445,#1446,#1447));
#614=EDGE_LOOP('',(#1448,#1449,#1450,#1451,#1452,#1453,#1454,#1455));
#615=EDGE_LOOP('',(#1456,#1457,#1458,#1459,#1460,#1461,#1462,#1463,#1464,
#1465));
#616=EDGE_LOOP('',(#1466,#1467,#1468,#1469,#1470,#1471));
#617=EDGE_LOOP('',(#1472,#1473,#1474,#1475,#1476,#1477,#1478,#1479,#1480,
#1481,#1482,#1483,#1484,#1485,#1486,#1487,#1488,#1489));
#618=EDGE_LOOP('',(#1490));
#619=EDGE_LOOP('',(#1491));
#620=EDGE_LOOP('',(#1492));
#621=EDGE_LOOP('',(#1493));
#622=EDGE_LOOP('',(#1494));
#623=EDGE_LOOP('',(#1495));
#624=EDGE_LOOP('',(#1496));
#625=EDGE_LOOP('',(#1497,#1498,#1499,#1500,#1501,#1502));
#626=EDGE_LOOP('',(#1503,#1504,#1505,#1506,#1507,#1508,#1509,#1510,#1511,
#1512,#1513,#1514,#1515,#1516,#1517,#1518,#1519,#1520,#1521,#1522,#1523,
#1524,#1525,#1526,#1527,#1528));
#627=EDGE_LOOP('',(#1529));
#628=EDGE_LOOP('',(#1530,#1531,#1532,#1533));
#629=EDGE_LOOP('',(#1534,#1535,#1536,#1537));
#630=EDGE_LOOP('',(#1538));
#631=EDGE_LOOP('',(#1539));
#632=EDGE_LOOP('',(#1540,#1541,#1542,#1543,#1544,#1545,#1546,#1547,#1548,
#1549,#1550,#1551));
#633=EDGE_LOOP('',(#1552,#1553,#1554,#1555,#1556,#1557));
#634=EDGE_LOOP('',(#1558,#1559,#1560,#1561,#1562));
#635=EDGE_LOOP('',(#1563,#1564,#1565,#1566,#1567));
#636=EDGE_LOOP('',(#1568,#1569,#1570,#1571));
#637=EDGE_LOOP('',(#1572,#1573,#1574,#1575,#1576,#1577,#1578,#1579));
#638=EDGE_LOOP('',(#1580,#1581,#1582,#1583,#1584));
#639=EDGE_LOOP('',(#1585,#1586,#1587,#1588,#1589));
#640=EDGE_LOOP('',(#1590,#1591,#1592,#1593));
#641=EDGE_LOOP('',(#1594,#1595,#1596,#1597));
#642=EDGE_LOOP('',(#1598,#1599,#1600,#1601));
#643=EDGE_LOOP('',(#1602,#1603,#1604,#1605));
#644=EDGE_LOOP('',(#1606,#1607,#1608,#1609,#1610,#1611));
#645=EDGE_LOOP('',(#1612));
#646=EDGE_LOOP('',(#1613));
#647=EDGE_LOOP('',(#1614,#1615,#1616,#1617,#1618,#1619,#1620,#1621));
#648=EDGE_LOOP('',(#1622));
#649=EDGE_LOOP('',(#1623));
#650=EDGE_LOOP('',(#1624,#1625,#1626,#1627,#1628,#1629));
#651=EDGE_LOOP('',(#1630,#1631,#1632,#1633,#1634,#1635,#1636,#1637,#1638,
#1639));
#652=EDGE_LOOP('',(#1640,#1641,#1642,#1643));
#653=EDGE_LOOP('',(#1644,#1645,#1646,#1647));
#654=EDGE_LOOP('',(#1648,#1649,#1650,#1651,#1652,#1653,#1654,#1655));
#655=EDGE_LOOP('',(#1656,#1657,#1658,#1659));
#656=EDGE_LOOP('',(#1660,#1661,#1662,#1663));
#657=EDGE_LOOP('',(#1664));
#658=EDGE_LOOP('',(#1665,#1666,#1667,#1668));
#659=EDGE_LOOP('',(#1669));
#660=EDGE_LOOP('',(#1670,#1671,#1672,#1673));
#661=EDGE_LOOP('',(#1674,#1675,#1676,#1677));
#662=EDGE_LOOP('',(#1678,#1679,#1680,#1681));
#663=EDGE_LOOP('',(#1682,#1683,#1684,#1685));
#664=EDGE_LOOP('',(#1686,#1687,#1688,#1689,#1690));
#665=EDGE_LOOP('',(#1691));
#666=EDGE_LOOP('',(#1692,#1693,#1694,#1695));
#667=EDGE_LOOP('',(#1696,#1697,#1698,#1699,#1700));
#668=EDGE_LOOP('',(#1701));
#669=EDGE_LOOP('',(#1702,#1703,#1704,#1705));
#670=EDGE_LOOP('',(#1706,#1707,#1708,#1709,#1710,#1711,#1712,#1713));
#671=EDGE_LOOP('',(#1714,#1715,#1716,#1717,#1718,#1719,#1720,#1721,#1722));
#672=EDGE_LOOP('',(#1723,#1724,#1725,#1726));
#673=EDGE_LOOP('',(#1727,#1728,#1729,#1730,#1731));
#674=EDGE_LOOP('',(#1732,#1733,#1734,#1735));
#675=EDGE_LOOP('',(#1736,#1737,#1738,#1739,#1740));
#676=EDGE_LOOP('',(#1741,#1742,#1743,#1744));
#677=EDGE_LOOP('',(#1745,#1746,#1747,#1748,#1749));
#678=EDGE_LOOP('',(#1750,#1751,#1752,#1753,#1754));
#679=EDGE_LOOP('',(#1755,#1756,#1757,#1758));
#680=EDGE_LOOP('',(#1759,#1760,#1761,#1762));
#681=EDGE_LOOP('',(#1763,#1764,#1765,#1766));
#682=EDGE_LOOP('',(#1767,#1768,#1769,#1770));
#683=EDGE_LOOP('',(#1771,#1772,#1773,#1774));
#684=EDGE_LOOP('',(#1775,#1776,#1777,#1778));
#685=EDGE_LOOP('',(#1779,#1780,#1781,#1782));
#686=EDGE_LOOP('',(#1783,#1784,#1785,#1786));
#687=EDGE_LOOP('',(#1787,#1788,#1789,#1790,#1791));
#688=EDGE_LOOP('',(#1792,#1793,#1794,#1795));
#689=EDGE_LOOP('',(#1796,#1797,#1798,#1799));
#690=EDGE_LOOP('',(#1800,#1801,#1802,#1803));
#691=EDGE_LOOP('',(#1804,#1805,#1806,#1807));
#692=EDGE_LOOP('',(#1808,#1809,#1810,#1811));
#693=EDGE_LOOP('',(#1812,#1813,#1814,#1815));
#694=EDGE_LOOP('',(#1816));
#695=EDGE_LOOP('',(#1817,#1818,#1819,#1820,#1821));
#696=EDGE_LOOP('',(#1822,#1823,#1824,#1825));
#697=EDGE_LOOP('',(#1826,#1827,#1828,#1829,#1830));
#698=EDGE_LOOP('',(#1831,#1832,#1833,#1834));
#699=EDGE_LOOP('',(#1835,#1836,#1837,#1838));
#700=EDGE_LOOP('',(#1839));
#701=EDGE_LOOP('',(#1840,#1841,#1842,#1843));
#702=EDGE_LOOP('',(#1844,#1845,#1846,#1847));
#703=EDGE_LOOP('',(#1848,#1849,#1850,#1851));
#704=EDGE_LOOP('',(#1852,#1853,#1854,#1855));
#705=EDGE_LOOP('',(#1856,#1857,#1858,#1859));
#706=EDGE_LOOP('',(#1860));
#707=EDGE_LOOP('',(#1861,#1862,#1863,#1864,#1865));
#708=EDGE_LOOP('',(#1866,#1867,#1868,#1869));
#709=EDGE_LOOP('',(#1870,#1871,#1872,#1873,#1874));
#710=EDGE_LOOP('',(#1875,#1876,#1877,#1878));
#711=EDGE_LOOP('',(#1879,#1880,#1881,#1882));
#712=EDGE_LOOP('',(#1883));
#713=EDGE_LOOP('',(#1884,#1885,#1886,#1887));
#714=EDGE_LOOP('',(#1888,#1889,#1890,#1891));
#715=EDGE_LOOP('',(#1892,#1893,#1894,#1895));
#716=EDGE_LOOP('',(#1896,#1897,#1898,#1899));
#717=EDGE_LOOP('',(#1900,#1901,#1902,#1903));
#718=EDGE_LOOP('',(#1904,#1905,#1906,#1907));
#719=EDGE_LOOP('',(#1908,#1909,#1910,#1911));
#720=EDGE_LOOP('',(#1912,#1913,#1914,#1915,#1916,#1917));
#721=EDGE_LOOP('',(#1918,#1919,#1920,#1921));
#722=EDGE_LOOP('',(#1922,#1923,#1924,#1925));
#723=EDGE_LOOP('',(#1926,#1927,#1928,#1929,#1930));
#724=EDGE_LOOP('',(#1931,#1932,#1933,#1934,#1935));
#725=CIRCLE('',#2097,2.95);
#726=CIRCLE('',#2099,3.53783796209214);
#727=CIRCLE('',#2101,8.5);
#728=CIRCLE('',#2102,8.5);
#729=CIRCLE('',#2103,1.5);
#730=CIRCLE('',#2104,1.5);
#731=CIRCLE('',#2106,5.);
#732=CIRCLE('',#2111,1.5);
#733=CIRCLE('',#2116,5.);
#734=CIRCLE('',#2118,1.5);
#735=CIRCLE('',#2120,14.5);
#736=CIRCLE('',#2121,8.5);
#737=CIRCLE('',#2122,5.);
#738=CIRCLE('',#2123,5.);
#739=CIRCLE('',#2124,5.);
#740=CIRCLE('',#2125,5.);
#741=CIRCLE('',#2127,5.);
#742=CIRCLE('',#2130,5.);
#743=CIRCLE('',#2132,9.49999999999999);
#744=CIRCLE('',#2133,9.49999999999999);
#745=CIRCLE('',#2135,19.5);
#746=CIRCLE('',#2138,8.5);
#747=CIRCLE('',#2139,14.5);
#748=CIRCLE('',#2141,5.);
#749=CIRCLE('',#2142,5.);
#750=CIRCLE('',#2144,14.5);
#751=CIRCLE('',#2146,15.);
#752=CIRCLE('',#2147,12.);
#753=CIRCLE('',#2148,0.999999999991506);
#754=CIRCLE('',#2149,0.999999999999979);
#755=CIRCLE('',#2150,12.);
#756=CIRCLE('',#2151,15.9999999999999);
#757=CIRCLE('',#2152,19.5);
#758=CIRCLE('',#2153,16.);
#759=CIRCLE('',#2154,1.49999999999999);
#760=CIRCLE('',#2155,1.49999999999999);
#761=CIRCLE('',#2156,1.6);
#762=CIRCLE('',#2157,1.6);
#763=CIRCLE('',#2158,4.25000000000001);
#764=CIRCLE('',#2159,1.6);
#765=CIRCLE('',#2160,1.6);
#766=CIRCLE('',#2162,14.5);
#767=CIRCLE('',#2164,19.5);
#768=CIRCLE('',#2165,19.5);
#769=CIRCLE('',#2166,19.5);
#770=CIRCLE('',#2167,15.9999999999999);
#771=CIRCLE('',#2168,12.);
#772=CIRCLE('',#2169,3.00000000000001);
#773=CIRCLE('',#2170,2.99999999999998);
#774=CIRCLE('',#2171,2.9999999999915);
#775=CIRCLE('',#2172,3.00000000000001);
#776=CIRCLE('',#2173,12.);
#777=CIRCLE('',#2174,15.);
#778=CIRCLE('',#2175,4.375);
#779=CIRCLE('',#2176,1.49999999999999);
#780=CIRCLE('',#2177,1.49999999999999);
#781=CIRCLE('',#2179,9.49999999999999);
#782=CIRCLE('',#2182,8.5);
#783=CIRCLE('',#2184,8.5);
#784=CIRCLE('',#2187,9.49999999999999);
#785=CIRCLE('',#2188,9.49999999999999);
#786=CIRCLE('',#2189,9.49999999999999);
#787=CIRCLE('',#2191,8.5);
#788=CIRCLE('',#2193,8.5);
#789=CIRCLE('',#2195,1.5);
#790=CIRCLE('',#2197,1.5);
#791=CIRCLE('',#2199,1.5);
#792=CIRCLE('',#2201,1.5);
#793=CIRCLE('',#2205,16.);
#794=CIRCLE('',#2207,7.5);
#795=CIRCLE('',#2210,1.6);
#796=CIRCLE('',#2212,7.5);
#797=CIRCLE('',#2215,12.);
#798=CIRCLE('',#2216,1.49999999999999);
#799=CIRCLE('',#2218,12.);
#800=CIRCLE('',#2219,1.49999999999999);
#801=CIRCLE('',#2225,12.);
#802=CIRCLE('',#2226,1.49999999999999);
#803=CIRCLE('',#2229,12.);
#804=CIRCLE('',#2230,1.49999999999999);
#805=CIRCLE('',#2247,0.999999999999979);
#806=CIRCLE('',#2250,0.999999999991506);
#807=CIRCLE('',#2258,4.25000000000001);
#808=CIRCLE('',#2264,1.6);
#809=CIRCLE('',#2275,1.6);
#810=CIRCLE('',#2281,1.6);
#811=B_SPLINE_CURVE_WITH_KNOTS('',3,(#2876,#2877,#2878,#2879,#2880,#2881,
#2882,#2883,#2884,#2885,#2886,#2887,#2888,#2889),.UNSPECIFIED.,.F.,.F.,
(4,2,2,2,2,2,4),(0.604559873414269,0.714066108716553,0.82736504650881,0.940663984301068,
1.05396292209332,1.16726185988558,1.27676809518786),.UNSPECIFIED.);
#812=B_SPLINE_CURVE_WITH_KNOTS('',3,(#2894,#2895,#2896,#2897,#2898,#2899,
#2900,#2901,#2902,#2903,#2904,#2905,#2906,#2907,#2908,#2909,#2910,#2911),
 .UNSPECIFIED.,.F.,.F.,(4,2,2,2,2,2,2,2,4),(0.744519673976839,0.765351151660967,
0.89861956744364,1.03614851444705,1.17367746145046,1.31120640845387,1.44873535545728,
1.58200377123995,1.60283524892408),.UNSPECIFIED.);
#813=B_SPLINE_CURVE_WITH_KNOTS('',3,(#2943,#2944,#2945,#2946,#2947,#2948,
#2949,#2950),.UNSPECIFIED.,.F.,.F.,(4,2,2,4),(-0.379623384713133,-0.253414815156075,
-0.105028401978101,0.),.UNSPECIFIED.);
#814=B_SPLINE_CURVE_WITH_KNOTS('',3,(#2961,#2962,#2963,#2964,#2965,#2966,
#2967,#2968),.UNSPECIFIED.,.F.,.F.,(4,2,2,4),(-0.281212767487606,-0.230955325332428,
-0.169529618523139,-0.0527960838190664),.UNSPECIFIED.);
#815=B_SPLINE_CURVE_WITH_KNOTS('',3,(#2988,#2989,#2990,#2991,#2992,#2993),
 .UNSPECIFIED.,.F.,.F.,(4,2,4),(-0.425792362018506,-0.206616652778395,0.),
 .UNSPECIFIED.);
#816=B_SPLINE_CURVE_WITH_KNOTS('',3,(#2999,#3000,#3001,#3002,#3003,#3004,
#3005,#3006),.UNSPECIFIED.,.F.,.F.,(4,2,2,4),(-0.434972615317403,-0.341284313588057,
-0.221873072743223,-0.0537854598391247),.UNSPECIFIED.);
#817=B_SPLINE_CURVE_WITH_KNOTS('',3,(#3022,#3023,#3024,#3025,#3026),
 .UNSPECIFIED.,.F.,.F.,(4,1,4),(2.50253135744255,2.86840815514322,2.90932001881878),
 .UNSPECIFIED.);
#818=B_SPLINE_CURVE_WITH_KNOTS('',3,(#3071,#3072,#3073,#3074),
 .UNSPECIFIED.,.F.,.F.,(4,4),(7.15960072066982,7.56620030505858),
 .UNSPECIFIED.);
#819=B_SPLINE_CURVE_WITH_KNOTS('',3,(#3078,#3079,#3080,#3081,#3082,#3083),
 .UNSPECIFIED.,.F.,.F.,(4,1,1,4),(-7.56620029802063,-7.07836457120885,-6.95640563774642,
-6.71248777082156),.UNSPECIFIED.);
#820=B_SPLINE_CURVE_WITH_KNOTS('',3,(#3124,#3125,#3126,#3127,#3128,#3129,
#3130,#3131,#3132,#3133,#3134,#3135,#3136,#3137,#3138,#3139,#3140,#3141,
#3142,#3143,#3144,#3145,#3146,#3147,#3148,#3149,#3150,#3151,#3152,#3153,
#3154,#3155,#3156,#3157,#3158,#3159,#3160,#3161,#3162,#3163,#3164,#3165,
#3166,#3167,#3168,#3169,#3170,#3171,#3172,#3173,#3174,#3175,#3176,#3177,
#3178,#3179,#3180,#3181,#3182,#3183,#3184),.UNSPECIFIED.,.F.,.F.,(4,3,3,
3,3,3,3,3,3,3,3,3,3,3,3,3,3,3,3,3,4),(-3.35624388541078,-3.32091326531502,
-3.28480288971889,-3.24809709792655,-3.21417285006147,-3.20545568969123,
-3.19686425403353,-3.14141260301069,-3.11240010646622,-3.05505527386404,
-3.02641236849983,-2.96865553260531,-2.90920911785357,-2.86830639779645,
-2.80882620651244,-2.7379218178831,-2.66589937889014,-2.5931416372177,-2.55710771044561,
-2.5108185633809,-2.50253135821171),.UNSPECIFIED.);
#821=B_SPLINE_CURVE_WITH_KNOTS('',3,(#3188,#3189,#3190,#3191,#3192,#3193),
 .UNSPECIFIED.,.F.,.F.,(4,2,4),(2.94990207124446,3.1421978870654,3.32686635406505),
 .UNSPECIFIED.);
#822=B_SPLINE_CURVE_WITH_KNOTS('',3,(#3200,#3201,#3202,#3203,#3204,#3205,
#3206,#3207),.UNSPECIFIED.,.F.,.F.,(4,2,2,4),(0.,0.664416314202382,0.996624471303573,
1.32883262840476),.UNSPECIFIED.);
#823=B_SPLINE_CURVE_WITH_KNOTS('',3,(#3214,#3215,#3216,#3217,#3218,#3219),
 .UNSPECIFIED.,.F.,.F.,(4,2,4),(2.24637522569369,2.42922684325193,2.62342137827528),
 .UNSPECIFIED.);
#824=B_SPLINE_CURVE_WITH_KNOTS('',3,(#3230,#3231,#3232,#3233,#3234,#3235,
#3236,#3237,#3238,#3239,#3240,#3241),.UNSPECIFIED.,.F.,.F.,(4,2,2,2,2,4),
(-1.44763382126105,-1.25321688533332,-0.945684499846525,-0.486442633258244,
-0.131978542967143,-0.000406763158394746),.UNSPECIFIED.);
#825=B_SPLINE_CURVE_WITH_KNOTS('',3,(#3246,#3247,#3248,#3249,#3250,#3251,
#3252,#3253),.UNSPECIFIED.,.F.,.F.,(4,2,2,4),(2.92403853983563,3.25624669693682,
3.58845485403802,4.2528711682404),.UNSPECIFIED.);
#826=B_SPLINE_CURVE_WITH_KNOTS('',3,(#3261,#3262,#3263,#3264,#3265,#3266),
 .UNSPECIFIED.,.F.,.F.,(4,2,4),(2.94990207122626,3.14219788704716,3.32686635404561),
 .UNSPECIFIED.);
#827=B_SPLINE_CURVE_WITH_KNOTS('',3,(#3273,#3274,#3275,#3276,#3277,#3278),
 .UNSPECIFIED.,.F.,.F.,(4,2,4),(4.1041988026627,4.28886726966115,4.48116308548205),
 .UNSPECIFIED.);
#828=B_SPLINE_CURVE_WITH_KNOTS('',3,(#3285,#3286,#3287,#3288,#3289,#3290,
#3291,#3292,#3293,#3294,#3295,#3296),.UNSPECIFIED.,.F.,.F.,(4,2,2,2,2,4),
(12.3794280304381,12.7803600556544,13.1883313037032,13.596302551752,13.9970787238848,
14.1862624590959),.UNSPECIFIED.);
#829=B_SPLINE_CURVE_WITH_KNOTS('',3,(#3349,#3350,#3351,#3352,#3353,#3354,
#3355,#3356,#3357,#3358,#3359,#3360),.UNSPECIFIED.,.F.,.F.,(4,2,2,2,2,4),
(1.77880689893665,1.96799063414735,2.36876680628019,2.77673805432894,3.1847093023777,
3.58564132759415),.UNSPECIFIED.);
#830=B_SPLINE_CURVE_WITH_KNOTS('',3,(#3434,#3435,#3436,#3437,#3438,#3439,
#3440,#3441,#3442,#3443,#3444,#3445,#3446,#3447,#3448,#3449,#3450,#3451,
#3452,#3453),.UNSPECIFIED.,.F.,.F.,(4,2,2,2,2,2,2,2,2,4),(3.43841668920362,
3.46703256722029,3.51842715444457,3.71836133519714,4.00942611061892,4.3004908860407,
4.5799929734011,4.85949506076151,5.09204860307764,5.32460214539377),
 .UNSPECIFIED.);
#831=B_SPLINE_CURVE_WITH_KNOTS('',3,(#3455,#3456,#3457,#3458,#3459,#3460,
#3461,#3462),.UNSPECIFIED.,.F.,.F.,(4,2,2,4),(1.48687766140081,1.67542649466952,
1.86397532793822,1.9121897044242),.UNSPECIFIED.);
#832=B_SPLINE_CURVE_WITH_KNOTS('',3,(#3464,#3465,#3466,#3467,#3468,#3469),
 .UNSPECIFIED.,.F.,.F.,(4,2,4),(6.08031411614707,6.19984378902234,6.59710574485391),
 .UNSPECIFIED.);
#833=B_SPLINE_CURVE_WITH_KNOTS('',3,(#3470,#3471,#3472,#3473,#3474,#3475),
 .UNSPECIFIED.,.F.,.F.,(4,2,4),(4.65282454543344,4.68543168511473,4.90404521287537),
 .UNSPECIFIED.);
#834=B_SPLINE_CURVE_WITH_KNOTS('',3,(#3477,#3478,#3479,#3480,#3481,#3482),
 .UNSPECIFIED.,.F.,.F.,(4,2,4),(1.53528078650249,1.75389431426307,1.78650145390276),
 .UNSPECIFIED.);
#835=B_SPLINE_CURVE_WITH_KNOTS('',3,(#3484,#3485,#3486,#3487,#3488,#3489),
 .UNSPECIFIED.,.F.,.F.,(4,2,4),(5.00581941156853,5.40308136830323,5.52261104117022),
 .UNSPECIFIED.);
#836=B_SPLINE_CURVE_WITH_KNOTS('',3,(#3490,#3491,#3492,#3493,#3494,#3495,
#3496,#3497),.UNSPECIFIED.,.F.,.F.,(4,2,2,4),(4.05495445885744,4.10316883531938,
4.291717668588,4.48026650185662),.UNSPECIFIED.);
#837=B_SPLINE_CURVE_WITH_KNOTS('',3,(#3561,#3562,#3563,#3564,#3565,#3566,
#3567,#3568,#3569,#3570,#3571,#3572,#3573,#3574),.UNSPECIFIED.,.F.,.F.,
(4,2,2,2,2,2,4),(-2.38834742623756,-2.23082450932412,-1.86545264507666,
-1.44131201061337,-1.05114406815747,-0.714007672098324,-0.570864765140542),
 .UNSPECIFIED.);
#838=B_SPLINE_CURVE_WITH_KNOTS('',3,(#3579,#3580,#3581,#3582,#3583,#3584,
#3585,#3586,#3587,#3588,#3589,#3590,#3591,#3592,#3593,#3594,#3595,#3596,
#3597,#3598),.UNSPECIFIED.,.F.,.F.,(4,2,2,2,2,2,2,2,2,4),(1.55223123301348,
1.78478477532961,2.01733831764574,2.29684040500615,2.57634249236655,2.86740726778833,
3.1584720432101,3.35840622396268,3.40980081118696,3.43841668920362),
 .UNSPECIFIED.);
#839=VERTEX_POINT('',#2874);
#840=VERTEX_POINT('',#2875);
#841=VERTEX_POINT('',#2892);
#842=VERTEX_POINT('',#2893);
#843=VERTEX_POINT('',#2914);
#844=VERTEX_POINT('',#2916);
#845=VERTEX_POINT('',#2918);
#846=VERTEX_POINT('',#2920);
#847=VERTEX_POINT('',#2924);
#848=VERTEX_POINT('',#2926);
#849=VERTEX_POINT('',#2929);
#850=VERTEX_POINT('',#2930);
#851=VERTEX_POINT('',#2932);
#852=VERTEX_POINT('',#2934);
#853=VERTEX_POINT('',#2936);
#854=VERTEX_POINT('',#2940);
#855=VERTEX_POINT('',#2942);
#856=VERTEX_POINT('',#2951);
#857=VERTEX_POINT('',#2955);
#858=VERTEX_POINT('',#2956);
#859=VERTEX_POINT('',#2958);
#860=VERTEX_POINT('',#2973);
#861=VERTEX_POINT('',#2976);
#862=VERTEX_POINT('',#2977);
#863=VERTEX_POINT('',#2979);
#864=VERTEX_POINT('',#2981);
#865=VERTEX_POINT('',#2985);
#866=VERTEX_POINT('',#2987);
#867=VERTEX_POINT('',#2994);
#868=VERTEX_POINT('',#2998);
#869=VERTEX_POINT('',#3007);
#870=VERTEX_POINT('',#3009);
#871=VERTEX_POINT('',#3013);
#872=VERTEX_POINT('',#3018);
#873=VERTEX_POINT('',#3021);
#874=VERTEX_POINT('',#3027);
#875=VERTEX_POINT('',#3029);
#876=VERTEX_POINT('',#3031);
#877=VERTEX_POINT('',#3070);
#878=VERTEX_POINT('',#3075);
#879=VERTEX_POINT('',#3077);
#880=VERTEX_POINT('',#3121);
#881=VERTEX_POINT('',#3123);
#882=VERTEX_POINT('',#3187);
#883=VERTEX_POINT('',#3194);
#884=VERTEX_POINT('',#3198);
#885=VERTEX_POINT('',#3209);
#886=VERTEX_POINT('',#3211);
#887=VERTEX_POINT('',#3213);
#888=VERTEX_POINT('',#3222);
#889=VERTEX_POINT('',#3224);
#890=VERTEX_POINT('',#3228);
#891=VERTEX_POINT('',#3243);
#892=VERTEX_POINT('',#3245);
#893=VERTEX_POINT('',#3256);
#894=VERTEX_POINT('',#3260);
#895=VERTEX_POINT('',#3267);
#896=VERTEX_POINT('',#3269);
#897=VERTEX_POINT('',#3271);
#898=VERTEX_POINT('',#3280);
#899=VERTEX_POINT('',#3282);
#900=VERTEX_POINT('',#3284);
#901=VERTEX_POINT('',#3299);
#902=VERTEX_POINT('',#3301);
#903=VERTEX_POINT('',#3303);
#904=VERTEX_POINT('',#3305);
#905=VERTEX_POINT('',#3307);
#906=VERTEX_POINT('',#3309);
#907=VERTEX_POINT('',#3311);
#908=VERTEX_POINT('',#3313);
#909=VERTEX_POINT('',#3315);
#910=VERTEX_POINT('',#3317);
#911=VERTEX_POINT('',#3319);
#912=VERTEX_POINT('',#3321);
#913=VERTEX_POINT('',#3323);
#914=VERTEX_POINT('',#3325);
#915=VERTEX_POINT('',#3328);
#916=VERTEX_POINT('',#3330);
#917=VERTEX_POINT('',#3332);
#918=VERTEX_POINT('',#3334);
#919=VERTEX_POINT('',#3336);
#920=VERTEX_POINT('',#3338);
#921=VERTEX_POINT('',#3340);
#922=VERTEX_POINT('',#3343);
#923=VERTEX_POINT('',#3344);
#924=VERTEX_POINT('',#3347);
#925=VERTEX_POINT('',#3362);
#926=VERTEX_POINT('',#3364);
#927=VERTEX_POINT('',#3366);
#928=VERTEX_POINT('',#3368);
#929=VERTEX_POINT('',#3370);
#930=VERTEX_POINT('',#3372);
#931=VERTEX_POINT('',#3374);
#932=VERTEX_POINT('',#3376);
#933=VERTEX_POINT('',#3378);
#934=VERTEX_POINT('',#3380);
#935=VERTEX_POINT('',#3382);
#936=VERTEX_POINT('',#3384);
#937=VERTEX_POINT('',#3386);
#938=VERTEX_POINT('',#3388);
#939=VERTEX_POINT('',#3390);
#940=VERTEX_POINT('',#3392);
#941=VERTEX_POINT('',#3394);
#942=VERTEX_POINT('',#3396);
#943=VERTEX_POINT('',#3398);
#944=VERTEX_POINT('',#3400);
#945=VERTEX_POINT('',#3402);
#946=VERTEX_POINT('',#3404);
#947=VERTEX_POINT('',#3406);
#948=VERTEX_POINT('',#3409);
#949=VERTEX_POINT('',#3411);
#950=VERTEX_POINT('',#3412);
#951=VERTEX_POINT('',#3414);
#952=VERTEX_POINT('',#3416);
#953=VERTEX_POINT('',#3419);
#954=VERTEX_POINT('',#3420);
#955=VERTEX_POINT('',#3422);
#956=VERTEX_POINT('',#3424);
#957=VERTEX_POINT('',#3427);
#958=VERTEX_POINT('',#3429);
#959=VERTEX_POINT('',#3432);
#960=VERTEX_POINT('',#3454);
#961=VERTEX_POINT('',#3463);
#962=VERTEX_POINT('',#3476);
#963=VERTEX_POINT('',#3483);
#964=VERTEX_POINT('',#3502);
#965=VERTEX_POINT('',#3506);
#966=VERTEX_POINT('',#3508);
#967=VERTEX_POINT('',#3512);
#968=VERTEX_POINT('',#3517);
#969=VERTEX_POINT('',#3519);
#970=VERTEX_POINT('',#3521);
#971=VERTEX_POINT('',#3525);
#972=VERTEX_POINT('',#3529);
#973=VERTEX_POINT('',#3533);
#974=VERTEX_POINT('',#3537);
#975=VERTEX_POINT('',#3541);
#976=VERTEX_POINT('',#3545);
#977=VERTEX_POINT('',#3549);
#978=VERTEX_POINT('',#3551);
#979=VERTEX_POINT('',#3555);
#980=VERTEX_POINT('',#3557);
#981=VERTEX_POINT('',#3600);
#982=VERTEX_POINT('',#3606);
#983=VERTEX_POINT('',#3607);
#984=VERTEX_POINT('',#3609);
#985=VERTEX_POINT('',#3611);
#986=VERTEX_POINT('',#3615);
#987=VERTEX_POINT('',#3617);
#988=VERTEX_POINT('',#3620);
#989=VERTEX_POINT('',#3623);
#990=VERTEX_POINT('',#3625);
#991=VERTEX_POINT('',#3628);
#992=VERTEX_POINT('',#3637);
#993=VERTEX_POINT('',#3638);
#994=VERTEX_POINT('',#3640);
#995=VERTEX_POINT('',#3642);
#996=VERTEX_POINT('',#3646);
#997=VERTEX_POINT('',#3647);
#998=VERTEX_POINT('',#3649);
#999=VERTEX_POINT('',#3653);
#1000=VERTEX_POINT('',#3656);
#1001=VERTEX_POINT('',#3658);
#1002=VERTEX_POINT('',#3662);
#1003=VERTEX_POINT('',#3666);
#1004=VERTEX_POINT('',#3674);
#1005=VERTEX_POINT('',#3680);
#1006=VERTEX_POINT('',#3682);
#1007=VERTEX_POINT('',#3684);
#1008=VERTEX_POINT('',#3692);
#1009=VERTEX_POINT('',#3694);
#1010=VERTEX_POINT('',#3698);
#1011=VERTEX_POINT('',#3700);
#1012=VERTEX_POINT('',#3707);
#1013=VERTEX_POINT('',#3711);
#1014=VERTEX_POINT('',#3715);
#1015=VERTEX_POINT('',#3719);
#1016=VERTEX_POINT('',#3731);
#1017=VERTEX_POINT('',#3735);
#1018=VERTEX_POINT('',#3737);
#1019=VERTEX_POINT('',#3741);
#1020=VERTEX_POINT('',#3745);
#1021=VERTEX_POINT('',#3751);
#1022=VERTEX_POINT('',#3754);
#1023=VERTEX_POINT('',#3756);
#1024=VERTEX_POINT('',#3760);
#1025=VERTEX_POINT('',#3764);
#1026=VERTEX_POINT('',#3771);
#1027=VERTEX_POINT('',#3773);
#1028=VERTEX_POINT('',#3777);
#1029=VERTEX_POINT('',#3781);
#1030=VERTEX_POINT('',#3787);
#1031=VERTEX_POINT('',#3790);
#1032=VERTEX_POINT('',#3792);
#1033=VERTEX_POINT('',#3796);
#1034=VERTEX_POINT('',#3800);
#1035=VERTEX_POINT('',#3806);
#1036=EDGE_CURVE('',#839,#840,#811,.T.);
#1037=EDGE_CURVE('',#840,#839,#725,.T.);
#1038=EDGE_CURVE('',#841,#842,#812,.T.);
#1039=EDGE_CURVE('',#842,#841,#726,.T.);
#1040=EDGE_CURVE('',#843,#839,#58,.T.);
#1041=EDGE_CURVE('',#844,#843,#727,.T.);
#1042=EDGE_CURVE('',#844,#845,#59,.T.);
#1043=EDGE_CURVE('',#846,#845,#728,.T.);
#1044=EDGE_CURVE('',#842,#846,#60,.T.);
#1045=EDGE_CURVE('',#840,#841,#61,.T.);
#1046=EDGE_CURVE('',#847,#847,#729,.T.);
#1047=EDGE_CURVE('',#848,#848,#730,.T.);
#1048=EDGE_CURVE('',#849,#850,#62,.T.);
#1049=EDGE_CURVE('',#851,#849,#731,.T.);
#1050=EDGE_CURVE('',#852,#851,#63,.T.);
#1051=EDGE_CURVE('',#852,#853,#64,.T.);
#1052=EDGE_CURVE('',#850,#853,#65,.T.);
#1053=EDGE_CURVE('',#854,#851,#66,.T.);
#1054=EDGE_CURVE('',#855,#854,#813,.T.);
#1055=EDGE_CURVE('',#856,#855,#67,.T.);
#1056=EDGE_CURVE('',#856,#852,#68,.T.);
#1057=EDGE_CURVE('',#857,#858,#69,.T.);
#1058=EDGE_CURVE('',#857,#859,#70,.T.);
#1059=EDGE_CURVE('',#859,#856,#71,.T.);
#1060=EDGE_CURVE('',#858,#855,#814,.T.);
#1061=EDGE_CURVE('',#850,#857,#72,.T.);
#1062=EDGE_CURVE('',#853,#859,#73,.T.);
#1063=EDGE_CURVE('',#860,#860,#732,.T.);
#1064=EDGE_CURVE('',#861,#862,#74,.T.);
#1065=EDGE_CURVE('',#861,#863,#75,.T.);
#1066=EDGE_CURVE('',#863,#864,#76,.T.);
#1067=EDGE_CURVE('',#862,#864,#77,.T.);
#1068=EDGE_CURVE('',#865,#861,#78,.T.);
#1069=EDGE_CURVE('',#866,#865,#815,.T.);
#1070=EDGE_CURVE('',#867,#866,#79,.T.);
#1071=EDGE_CURVE('',#867,#863,#80,.T.);
#1072=EDGE_CURVE('',#868,#866,#816,.T.);
#1073=EDGE_CURVE('',#869,#868,#81,.T.);
#1074=EDGE_CURVE('',#869,#870,#82,.T.);
#1075=EDGE_CURVE('',#870,#867,#83,.T.);
#1076=EDGE_CURVE('',#862,#871,#84,.T.);
#1077=EDGE_CURVE('',#864,#870,#85,.T.);
#1078=EDGE_CURVE('',#871,#869,#733,.T.);
#1079=EDGE_CURVE('',#872,#872,#734,.T.);
#1080=EDGE_CURVE('',#873,#858,#817,.T.);
#1081=EDGE_CURVE('',#874,#873,#86,.T.);
#1082=EDGE_CURVE('',#874,#875,#735,.F.);
#1083=EDGE_CURVE('',#876,#875,#736,.T.);
#1084=EDGE_CURVE('',#849,#876,#87,.T.);
#1085=EDGE_CURVE('',#865,#877,#818,.T.);
#1086=EDGE_CURVE('',#877,#878,#737,.T.);
#1087=EDGE_CURVE('',#878,#879,#819,.T.);
#1088=EDGE_CURVE('',#868,#879,#738,.T.);
#1089=EDGE_CURVE('',#854,#880,#739,.T.);
#1090=EDGE_CURVE('',#880,#881,#820,.T.);
#1091=EDGE_CURVE('',#881,#873,#740,.T.);
#1092=EDGE_CURVE('',#882,#876,#821,.F.);
#1093=EDGE_CURVE('',#883,#882,#741,.F.);
#1094=EDGE_CURVE('',#883,#880,#88,.T.);
#1095=EDGE_CURVE('',#881,#884,#89,.T.);
#1096=EDGE_CURVE('',#884,#874,#822,.T.);
#1097=EDGE_CURVE('',#879,#885,#90,.T.);
#1098=EDGE_CURVE('',#885,#886,#742,.T.);
#1099=EDGE_CURVE('',#886,#887,#823,.T.);
#1100=EDGE_CURVE('',#887,#871,#91,.T.);
#1101=EDGE_CURVE('',#888,#879,#743,.T.);
#1102=EDGE_CURVE('',#888,#889,#92,.T.);
#1103=EDGE_CURVE('',#885,#889,#744,.T.);
#1104=EDGE_CURVE('',#878,#890,#745,.T.);
#1105=EDGE_CURVE('',#890,#888,#824,.T.);
#1106=EDGE_CURVE('',#877,#891,#93,.T.);
#1107=EDGE_CURVE('',#891,#892,#825,.T.);
#1108=EDGE_CURVE('',#892,#878,#94,.T.);
#1109=EDGE_CURVE('',#893,#887,#746,.T.);
#1110=EDGE_CURVE('',#891,#893,#747,.T.);
#1111=EDGE_CURVE('',#894,#846,#826,.F.);
#1112=EDGE_CURVE('',#895,#894,#748,.F.);
#1113=EDGE_CURVE('',#895,#896,#95,.T.);
#1114=EDGE_CURVE('',#896,#897,#749,.T.);
#1115=EDGE_CURVE('',#897,#843,#827,.T.);
#1116=EDGE_CURVE('',#893,#898,#96,.T.);
#1117=EDGE_CURVE('',#898,#899,#750,.T.);
#1118=EDGE_CURVE('',#900,#899,#828,.F.);
#1119=EDGE_CURVE('',#900,#892,#97,.T.);
#1120=EDGE_CURVE('',#900,#901,#751,.F.);
#1121=EDGE_CURVE('',#901,#902,#752,.T.);
#1122=EDGE_CURVE('',#903,#902,#98,.T.);
#1123=EDGE_CURVE('',#903,#904,#99,.T.);
#1124=EDGE_CURVE('',#904,#905,#753,.T.);
#1125=EDGE_CURVE('',#905,#906,#100,.T.);
#1126=EDGE_CURVE('',#906,#907,#754,.T.);
#1127=EDGE_CURVE('',#907,#908,#101,.T.);
#1128=EDGE_CURVE('',#909,#908,#102,.T.);
#1129=EDGE_CURVE('',#909,#910,#755,.T.);
#1130=EDGE_CURVE('',#910,#911,#103,.T.);
#1131=EDGE_CURVE('',#911,#912,#756,.T.);
#1132=EDGE_CURVE('',#912,#913,#104,.T.);
#1133=EDGE_CURVE('',#914,#913,#757,.T.);
#1134=EDGE_CURVE('',#890,#914,#758,.T.);
#1135=EDGE_CURVE('',#915,#915,#759,.T.);
#1136=EDGE_CURVE('',#916,#916,#760,.T.);
#1137=EDGE_CURVE('',#917,#917,#761,.T.);
#1138=EDGE_CURVE('',#918,#918,#762,.T.);
#1139=EDGE_CURVE('',#919,#919,#763,.T.);
#1140=EDGE_CURVE('',#920,#920,#764,.T.);
#1141=EDGE_CURVE('',#921,#921,#765,.T.);
#1142=EDGE_CURVE('',#922,#923,#766,.F.);
#1143=EDGE_CURVE('',#922,#875,#105,.T.);
#1144=EDGE_CURVE('',#884,#924,#106,.T.);
#1145=EDGE_CURVE('',#924,#923,#829,.T.);
#1146=EDGE_CURVE('',#925,#881,#767,.T.);
#1147=EDGE_CURVE('',#925,#926,#107,.T.);
#1148=EDGE_CURVE('',#926,#927,#108,.T.);
#1149=EDGE_CURVE('',#927,#928,#109,.T.);
#1150=EDGE_CURVE('',#929,#928,#768,.T.);
#1151=EDGE_CURVE('',#929,#930,#110,.T.);
#1152=EDGE_CURVE('',#930,#931,#111,.T.);
#1153=EDGE_CURVE('',#931,#932,#112,.T.);
#1154=EDGE_CURVE('',#933,#932,#769,.T.);
#1155=EDGE_CURVE('',#933,#934,#113,.T.);
#1156=EDGE_CURVE('',#934,#935,#770,.T.);
#1157=EDGE_CURVE('',#935,#936,#114,.T.);
#1158=EDGE_CURVE('',#936,#937,#771,.T.);
#1159=EDGE_CURVE('',#937,#938,#115,.T.);
#1160=EDGE_CURVE('',#938,#939,#772,.T.);
#1161=EDGE_CURVE('',#940,#939,#116,.T.);
#1162=EDGE_CURVE('',#941,#940,#773,.T.);
#1163=EDGE_CURVE('',#942,#941,#117,.T.);
#1164=EDGE_CURVE('',#943,#942,#774,.T.);
#1165=EDGE_CURVE('',#944,#943,#118,.T.);
#1166=EDGE_CURVE('',#944,#945,#775,.T.);
#1167=EDGE_CURVE('',#945,#946,#119,.T.);
#1168=EDGE_CURVE('',#946,#947,#776,.T.);
#1169=EDGE_CURVE('',#924,#947,#777,.T.);
#1170=EDGE_CURVE('',#948,#948,#778,.T.);
#1171=EDGE_CURVE('',#949,#950,#120,.T.);
#1172=EDGE_CURVE('',#950,#951,#121,.T.);
#1173=EDGE_CURVE('',#951,#952,#122,.T.);
#1174=EDGE_CURVE('',#952,#949,#123,.T.);
#1175=EDGE_CURVE('',#953,#954,#124,.T.);
#1176=EDGE_CURVE('',#954,#955,#125,.T.);
#1177=EDGE_CURVE('',#955,#956,#126,.T.);
#1178=EDGE_CURVE('',#956,#953,#127,.T.);
#1179=EDGE_CURVE('',#957,#957,#779,.T.);
#1180=EDGE_CURVE('',#958,#958,#780,.T.);
#1181=EDGE_CURVE('',#880,#959,#781,.T.);
#1182=EDGE_CURVE('',#959,#933,#830,.T.);
#1183=EDGE_CURVE('',#960,#932,#831,.F.);
#1184=EDGE_CURVE('',#961,#960,#832,.F.);
#1185=EDGE_CURVE('',#929,#961,#833,.F.);
#1186=EDGE_CURVE('',#962,#928,#834,.F.);
#1187=EDGE_CURVE('',#963,#962,#835,.F.);
#1188=EDGE_CURVE('',#925,#963,#836,.F.);
#1189=EDGE_CURVE('',#947,#901,#128,.T.);
#1190=EDGE_CURVE('',#923,#899,#129,.T.);
#1191=EDGE_CURVE('',#886,#964,#130,.T.);
#1192=EDGE_CURVE('',#964,#898,#782,.T.);
#1193=EDGE_CURVE('',#845,#965,#131,.T.);
#1194=EDGE_CURVE('',#965,#966,#783,.T.);
#1195=EDGE_CURVE('',#894,#966,#132,.F.);
#1196=EDGE_CURVE('',#967,#844,#133,.T.);
#1197=EDGE_CURVE('',#967,#965,#134,.T.);
#1198=EDGE_CURVE('',#896,#883,#784,.T.);
#1199=EDGE_CURVE('',#968,#895,#785,.T.);
#1200=EDGE_CURVE('',#968,#969,#135,.T.);
#1201=EDGE_CURVE('',#970,#969,#786,.T.);
#1202=EDGE_CURVE('',#970,#959,#136,.T.);
#1203=EDGE_CURVE('',#922,#971,#787,.T.);
#1204=EDGE_CURVE('',#882,#971,#137,.F.);
#1205=EDGE_CURVE('',#897,#972,#138,.F.);
#1206=EDGE_CURVE('',#972,#967,#788,.T.);
#1207=EDGE_CURVE('',#973,#973,#789,.T.);
#1208=EDGE_CURVE('',#973,#860,#139,.T.);
#1209=EDGE_CURVE('',#847,#974,#140,.T.);
#1210=EDGE_CURVE('',#974,#974,#790,.T.);
#1211=EDGE_CURVE('',#975,#975,#791,.T.);
#1212=EDGE_CURVE('',#975,#872,#141,.T.);
#1213=EDGE_CURVE('',#848,#976,#142,.T.);
#1214=EDGE_CURVE('',#976,#976,#792,.T.);
#1215=EDGE_CURVE('',#977,#972,#143,.T.);
#1216=EDGE_CURVE('',#978,#977,#144,.T.);
#1217=EDGE_CURVE('',#978,#966,#145,.T.);
#1218=EDGE_CURVE('',#964,#979,#146,.T.);
#1219=EDGE_CURVE('',#980,#979,#147,.T.);
#1220=EDGE_CURVE('',#971,#980,#148,.T.);
#1221=EDGE_CURVE('',#969,#914,#837,.T.);
#1222=EDGE_CURVE('',#889,#968,#793,.T.);
#1223=EDGE_CURVE('',#978,#979,#794,.T.);
#1224=EDGE_CURVE('',#913,#970,#838,.T.);
#1225=EDGE_CURVE('',#921,#981,#149,.T.);
#1226=EDGE_CURVE('',#981,#981,#795,.T.);
#1227=EDGE_CURVE('',#980,#977,#796,.T.);
#1228=EDGE_CURVE('',#982,#983,#150,.T.);
#1229=EDGE_CURVE('',#982,#984,#151,.T.);
#1230=EDGE_CURVE('',#985,#984,#152,.T.);
#1231=EDGE_CURVE('',#983,#985,#153,.T.);
#1232=EDGE_CURVE('',#986,#982,#797,.T.);
#1233=EDGE_CURVE('',#986,#987,#154,.T.);
#1234=EDGE_CURVE('',#984,#987,#155,.T.);
#1235=EDGE_CURVE('',#988,#988,#798,.T.);
#1236=EDGE_CURVE('',#983,#989,#799,.T.);
#1237=EDGE_CURVE('',#990,#985,#156,.T.);
#1238=EDGE_CURVE('',#989,#990,#157,.T.);
#1239=EDGE_CURVE('',#991,#991,#800,.T.);
#1240=EDGE_CURVE('',#989,#986,#158,.T.);
#1241=EDGE_CURVE('',#987,#990,#159,.T.);
#1242=EDGE_CURVE('',#988,#958,#160,.T.);
#1243=EDGE_CURVE('',#992,#993,#161,.T.);
#1244=EDGE_CURVE('',#992,#994,#162,.T.);
#1245=EDGE_CURVE('',#994,#995,#163,.T.);
#1246=EDGE_CURVE('',#993,#995,#164,.T.);
#1247=EDGE_CURVE('',#996,#997,#801,.T.);
#1248=EDGE_CURVE('',#996,#998,#165,.T.);
#1249=EDGE_CURVE('',#998,#994,#166,.T.);
#1250=EDGE_CURVE('',#997,#992,#167,.T.);
#1251=EDGE_CURVE('',#999,#999,#802,.T.);
#1252=EDGE_CURVE('',#1000,#996,#168,.T.);
#1253=EDGE_CURVE('',#1000,#1001,#169,.T.);
#1254=EDGE_CURVE('',#1001,#998,#170,.T.);
#1255=EDGE_CURVE('',#1002,#1000,#803,.T.);
#1256=EDGE_CURVE('',#993,#1002,#171,.T.);
#1257=EDGE_CURVE('',#995,#1001,#172,.T.);
#1258=EDGE_CURVE('',#1003,#1003,#804,.T.);
#1259=EDGE_CURVE('',#936,#1002,#173,.T.);
#1260=EDGE_CURVE('',#935,#911,#174,.T.);
#1261=EDGE_CURVE('',#997,#910,#175,.T.);
#1262=EDGE_CURVE('',#1004,#909,#18,.T.);
#1263=EDGE_CURVE('',#937,#1004,#176,.T.);
#1264=EDGE_CURVE('',#1003,#957,#177,.T.);
#1265=EDGE_CURVE('',#902,#1005,#19,.T.);
#1266=EDGE_CURVE('',#1005,#1006,#178,.T.);
#1267=EDGE_CURVE('',#1006,#1007,#20,.T.);
#1268=EDGE_CURVE('',#1007,#903,#179,.T.);
#1269=EDGE_CURVE('',#946,#1005,#180,.T.);
#1270=EDGE_CURVE('',#945,#1006,#181,.T.);
#1271=EDGE_CURVE('',#908,#1008,#182,.T.);
#1272=EDGE_CURVE('',#1008,#1009,#21,.T.);
#1273=EDGE_CURVE('',#1009,#1004,#183,.T.);
#1274=EDGE_CURVE('',#1010,#907,#184,.T.);
#1275=EDGE_CURVE('',#1011,#1010,#185,.T.);
#1276=EDGE_CURVE('',#1011,#1008,#186,.T.);
#1277=EDGE_CURVE('',#939,#1011,#22,.T.);
#1278=EDGE_CURVE('',#1010,#940,#187,.T.);
#1279=EDGE_CURVE('',#1012,#941,#188,.T.);
#1280=EDGE_CURVE('',#1010,#1012,#805,.T.);
#1281=EDGE_CURVE('',#1013,#942,#189,.T.);
#1282=EDGE_CURVE('',#1012,#1013,#190,.T.);
#1283=EDGE_CURVE('',#1013,#1014,#806,.T.);
#1284=EDGE_CURVE('',#1014,#943,#191,.T.);
#1285=EDGE_CURVE('',#1015,#944,#23,.T.);
#1286=EDGE_CURVE('',#1014,#1015,#192,.T.);
#1287=EDGE_CURVE('',#1013,#905,#193,.T.);
#1288=EDGE_CURVE('',#1014,#904,#194,.T.);
#1289=EDGE_CURVE('',#1012,#906,#195,.T.);
#1290=EDGE_CURVE('',#938,#1009,#196,.T.);
#1291=EDGE_CURVE('',#948,#1016,#197,.T.);
#1292=EDGE_CURVE('',#1016,#1016,#807,.T.);
#1293=EDGE_CURVE('',#949,#1017,#198,.T.);
#1294=EDGE_CURVE('',#1017,#1018,#199,.T.);
#1295=EDGE_CURVE('',#950,#1018,#200,.T.);
#1296=EDGE_CURVE('',#952,#1019,#201,.T.);
#1297=EDGE_CURVE('',#1019,#1017,#202,.T.);
#1298=EDGE_CURVE('',#951,#1020,#203,.T.);
#1299=EDGE_CURVE('',#1020,#1019,#204,.T.);
#1300=EDGE_CURVE('',#1018,#1020,#205,.T.);
#1301=EDGE_CURVE('',#1021,#1021,#808,.T.);
#1302=EDGE_CURVE('',#931,#1022,#206,.T.);
#1303=EDGE_CURVE('',#1022,#1023,#207,.T.);
#1304=EDGE_CURVE('',#960,#1023,#208,.T.);
#1305=EDGE_CURVE('',#930,#1024,#209,.T.);
#1306=EDGE_CURVE('',#1024,#1022,#210,.T.);
#1307=EDGE_CURVE('',#961,#1025,#211,.T.);
#1308=EDGE_CURVE('',#1025,#1024,#212,.T.);
#1309=EDGE_CURVE('',#1023,#1025,#213,.T.);
#1310=EDGE_CURVE('',#953,#1026,#214,.T.);
#1311=EDGE_CURVE('',#1026,#1027,#215,.T.);
#1312=EDGE_CURVE('',#954,#1027,#216,.T.);
#1313=EDGE_CURVE('',#956,#1028,#217,.T.);
#1314=EDGE_CURVE('',#1028,#1026,#218,.T.);
#1315=EDGE_CURVE('',#955,#1029,#219,.T.);
#1316=EDGE_CURVE('',#1029,#1028,#220,.T.);
#1317=EDGE_CURVE('',#1027,#1029,#221,.T.);
#1318=EDGE_CURVE('',#1030,#1030,#809,.T.);
#1319=EDGE_CURVE('',#927,#1031,#222,.T.);
#1320=EDGE_CURVE('',#1031,#1032,#223,.T.);
#1321=EDGE_CURVE('',#962,#1032,#224,.T.);
#1322=EDGE_CURVE('',#926,#1033,#225,.T.);
#1323=EDGE_CURVE('',#1033,#1031,#226,.T.);
#1324=EDGE_CURVE('',#963,#1034,#227,.T.);
#1325=EDGE_CURVE('',#1034,#1033,#228,.T.);
#1326=EDGE_CURVE('',#1032,#1034,#229,.T.);
#1327=EDGE_CURVE('',#1035,#1035,#810,.T.);
#1328=EDGE_CURVE('',#917,#1035,#230,.T.);
#1329=EDGE_CURVE('',#920,#1030,#231,.T.);
#1330=EDGE_CURVE('',#919,#1016,#232,.T.);
#1331=EDGE_CURVE('',#918,#1021,#233,.T.);
#1332=EDGE_CURVE('',#916,#991,#234,.T.);
#1333=EDGE_CURVE('',#915,#999,#235,.T.);
#1334=EDGE_CURVE('',#934,#912,#236,.T.);
#1335=EDGE_CURVE('',#1015,#1007,#237,.T.);
#1336=ORIENTED_EDGE('',*,*,#1036,.F.);
#1337=ORIENTED_EDGE('',*,*,#1037,.F.);
#1338=ORIENTED_EDGE('',*,*,#1038,.F.);
#1339=ORIENTED_EDGE('',*,*,#1039,.F.);
#1340=ORIENTED_EDGE('',*,*,#1037,.T.);
#1341=ORIENTED_EDGE('',*,*,#1040,.F.);
#1342=ORIENTED_EDGE('',*,*,#1041,.F.);
#1343=ORIENTED_EDGE('',*,*,#1042,.T.);
#1344=ORIENTED_EDGE('',*,*,#1043,.F.);
#1345=ORIENTED_EDGE('',*,*,#1044,.F.);
#1346=ORIENTED_EDGE('',*,*,#1039,.T.);
#1347=ORIENTED_EDGE('',*,*,#1045,.F.);
#1348=ORIENTED_EDGE('',*,*,#1046,.T.);
#1349=ORIENTED_EDGE('',*,*,#1047,.T.);
#1350=ORIENTED_EDGE('',*,*,#1048,.F.);
#1351=ORIENTED_EDGE('',*,*,#1049,.F.);
#1352=ORIENTED_EDGE('',*,*,#1050,.F.);
#1353=ORIENTED_EDGE('',*,*,#1051,.T.);
#1354=ORIENTED_EDGE('',*,*,#1052,.F.);
#1355=ORIENTED_EDGE('',*,*,#1050,.T.);
#1356=ORIENTED_EDGE('',*,*,#1053,.F.);
#1357=ORIENTED_EDGE('',*,*,#1054,.F.);
#1358=ORIENTED_EDGE('',*,*,#1055,.F.);
#1359=ORIENTED_EDGE('',*,*,#1056,.T.);
#1360=ORIENTED_EDGE('',*,*,#1057,.F.);
#1361=ORIENTED_EDGE('',*,*,#1058,.T.);
#1362=ORIENTED_EDGE('',*,*,#1059,.T.);
#1363=ORIENTED_EDGE('',*,*,#1055,.T.);
#1364=ORIENTED_EDGE('',*,*,#1060,.F.);
#1365=ORIENTED_EDGE('',*,*,#1061,.F.);
#1366=ORIENTED_EDGE('',*,*,#1052,.T.);
#1367=ORIENTED_EDGE('',*,*,#1062,.T.);
#1368=ORIENTED_EDGE('',*,*,#1058,.F.);
#1369=ORIENTED_EDGE('',*,*,#1062,.F.);
#1370=ORIENTED_EDGE('',*,*,#1051,.F.);
#1371=ORIENTED_EDGE('',*,*,#1056,.F.);
#1372=ORIENTED_EDGE('',*,*,#1059,.F.);
#1373=ORIENTED_EDGE('',*,*,#1063,.F.);
#1374=ORIENTED_EDGE('',*,*,#1064,.F.);
#1375=ORIENTED_EDGE('',*,*,#1065,.T.);
#1376=ORIENTED_EDGE('',*,*,#1066,.T.);
#1377=ORIENTED_EDGE('',*,*,#1067,.F.);
#1378=ORIENTED_EDGE('',*,*,#1068,.F.);
#1379=ORIENTED_EDGE('',*,*,#1069,.F.);
#1380=ORIENTED_EDGE('',*,*,#1070,.F.);
#1381=ORIENTED_EDGE('',*,*,#1071,.T.);
#1382=ORIENTED_EDGE('',*,*,#1065,.F.);
#1383=ORIENTED_EDGE('',*,*,#1070,.T.);
#1384=ORIENTED_EDGE('',*,*,#1072,.F.);
#1385=ORIENTED_EDGE('',*,*,#1073,.F.);
#1386=ORIENTED_EDGE('',*,*,#1074,.T.);
#1387=ORIENTED_EDGE('',*,*,#1075,.T.);
#1388=ORIENTED_EDGE('',*,*,#1076,.F.);
#1389=ORIENTED_EDGE('',*,*,#1067,.T.);
#1390=ORIENTED_EDGE('',*,*,#1077,.T.);
#1391=ORIENTED_EDGE('',*,*,#1074,.F.);
#1392=ORIENTED_EDGE('',*,*,#1078,.F.);
#1393=ORIENTED_EDGE('',*,*,#1077,.F.);
#1394=ORIENTED_EDGE('',*,*,#1066,.F.);
#1395=ORIENTED_EDGE('',*,*,#1071,.F.);
#1396=ORIENTED_EDGE('',*,*,#1075,.F.);
#1397=ORIENTED_EDGE('',*,*,#1079,.F.);
#1398=ORIENTED_EDGE('',*,*,#1048,.T.);
#1399=ORIENTED_EDGE('',*,*,#1061,.T.);
#1400=ORIENTED_EDGE('',*,*,#1057,.T.);
#1401=ORIENTED_EDGE('',*,*,#1080,.F.);
#1402=ORIENTED_EDGE('',*,*,#1081,.F.);
#1403=ORIENTED_EDGE('',*,*,#1082,.T.);
#1404=ORIENTED_EDGE('',*,*,#1083,.F.);
#1405=ORIENTED_EDGE('',*,*,#1084,.F.);
#1406=ORIENTED_EDGE('',*,*,#1072,.T.);
#1407=ORIENTED_EDGE('',*,*,#1069,.T.);
#1408=ORIENTED_EDGE('',*,*,#1085,.T.);
#1409=ORIENTED_EDGE('',*,*,#1086,.T.);
#1410=ORIENTED_EDGE('',*,*,#1087,.T.);
#1411=ORIENTED_EDGE('',*,*,#1088,.F.);
#1412=ORIENTED_EDGE('',*,*,#1054,.T.);
#1413=ORIENTED_EDGE('',*,*,#1089,.T.);
#1414=ORIENTED_EDGE('',*,*,#1090,.T.);
#1415=ORIENTED_EDGE('',*,*,#1091,.T.);
#1416=ORIENTED_EDGE('',*,*,#1080,.T.);
#1417=ORIENTED_EDGE('',*,*,#1060,.T.);
#1418=ORIENTED_EDGE('',*,*,#1049,.T.);
#1419=ORIENTED_EDGE('',*,*,#1084,.T.);
#1420=ORIENTED_EDGE('',*,*,#1092,.F.);
#1421=ORIENTED_EDGE('',*,*,#1093,.F.);
#1422=ORIENTED_EDGE('',*,*,#1094,.T.);
#1423=ORIENTED_EDGE('',*,*,#1089,.F.);
#1424=ORIENTED_EDGE('',*,*,#1053,.T.);
#1425=ORIENTED_EDGE('',*,*,#1091,.F.);
#1426=ORIENTED_EDGE('',*,*,#1095,.T.);
#1427=ORIENTED_EDGE('',*,*,#1096,.T.);
#1428=ORIENTED_EDGE('',*,*,#1081,.T.);
#1429=ORIENTED_EDGE('',*,*,#1073,.T.);
#1430=ORIENTED_EDGE('',*,*,#1088,.T.);
#1431=ORIENTED_EDGE('',*,*,#1097,.T.);
#1432=ORIENTED_EDGE('',*,*,#1098,.T.);
#1433=ORIENTED_EDGE('',*,*,#1099,.T.);
#1434=ORIENTED_EDGE('',*,*,#1100,.T.);
#1435=ORIENTED_EDGE('',*,*,#1078,.T.);
#1436=ORIENTED_EDGE('',*,*,#1097,.F.);
#1437=ORIENTED_EDGE('',*,*,#1101,.F.);
#1438=ORIENTED_EDGE('',*,*,#1102,.T.);
#1439=ORIENTED_EDGE('',*,*,#1103,.F.);
#1440=ORIENTED_EDGE('',*,*,#1087,.F.);
#1441=ORIENTED_EDGE('',*,*,#1104,.T.);
#1442=ORIENTED_EDGE('',*,*,#1105,.T.);
#1443=ORIENTED_EDGE('',*,*,#1101,.T.);
#1444=ORIENTED_EDGE('',*,*,#1086,.F.);
#1445=ORIENTED_EDGE('',*,*,#1106,.T.);
#1446=ORIENTED_EDGE('',*,*,#1107,.T.);
#1447=ORIENTED_EDGE('',*,*,#1108,.T.);
#1448=ORIENTED_EDGE('',*,*,#1076,.T.);
#1449=ORIENTED_EDGE('',*,*,#1100,.F.);
#1450=ORIENTED_EDGE('',*,*,#1109,.F.);
#1451=ORIENTED_EDGE('',*,*,#1110,.F.);
#1452=ORIENTED_EDGE('',*,*,#1106,.F.);
#1453=ORIENTED_EDGE('',*,*,#1085,.F.);
#1454=ORIENTED_EDGE('',*,*,#1068,.T.);
#1455=ORIENTED_EDGE('',*,*,#1064,.T.);
#1456=ORIENTED_EDGE('',*,*,#1036,.T.);
#1457=ORIENTED_EDGE('',*,*,#1045,.T.);
#1458=ORIENTED_EDGE('',*,*,#1038,.T.);
#1459=ORIENTED_EDGE('',*,*,#1044,.T.);
#1460=ORIENTED_EDGE('',*,*,#1111,.F.);
#1461=ORIENTED_EDGE('',*,*,#1112,.F.);
#1462=ORIENTED_EDGE('',*,*,#1113,.T.);
#1463=ORIENTED_EDGE('',*,*,#1114,.T.);
#1464=ORIENTED_EDGE('',*,*,#1115,.T.);
#1465=ORIENTED_EDGE('',*,*,#1040,.T.);
#1466=ORIENTED_EDGE('',*,*,#1110,.T.);
#1467=ORIENTED_EDGE('',*,*,#1116,.T.);
#1468=ORIENTED_EDGE('',*,*,#1117,.T.);
#1469=ORIENTED_EDGE('',*,*,#1118,.F.);
#1470=ORIENTED_EDGE('',*,*,#1119,.T.);
#1471=ORIENTED_EDGE('',*,*,#1107,.F.);
#1472=ORIENTED_EDGE('',*,*,#1119,.F.);
#1473=ORIENTED_EDGE('',*,*,#1120,.T.);
#1474=ORIENTED_EDGE('',*,*,#1121,.T.);
#1475=ORIENTED_EDGE('',*,*,#1122,.F.);
#1476=ORIENTED_EDGE('',*,*,#1123,.T.);
#1477=ORIENTED_EDGE('',*,*,#1124,.T.);
#1478=ORIENTED_EDGE('',*,*,#1125,.T.);
#1479=ORIENTED_EDGE('',*,*,#1126,.T.);
#1480=ORIENTED_EDGE('',*,*,#1127,.T.);
#1481=ORIENTED_EDGE('',*,*,#1128,.F.);
#1482=ORIENTED_EDGE('',*,*,#1129,.T.);
#1483=ORIENTED_EDGE('',*,*,#1130,.T.);
#1484=ORIENTED_EDGE('',*,*,#1131,.T.);
#1485=ORIENTED_EDGE('',*,*,#1132,.T.);
#1486=ORIENTED_EDGE('',*,*,#1133,.F.);
#1487=ORIENTED_EDGE('',*,*,#1134,.F.);
#1488=ORIENTED_EDGE('',*,*,#1104,.F.);
#1489=ORIENTED_EDGE('',*,*,#1108,.F.);
#1490=ORIENTED_EDGE('',*,*,#1135,.T.);
#1491=ORIENTED_EDGE('',*,*,#1136,.T.);
#1492=ORIENTED_EDGE('',*,*,#1137,.T.);
#1493=ORIENTED_EDGE('',*,*,#1138,.T.);
#1494=ORIENTED_EDGE('',*,*,#1139,.T.);
#1495=ORIENTED_EDGE('',*,*,#1140,.T.);
#1496=ORIENTED_EDGE('',*,*,#1141,.T.);
#1497=ORIENTED_EDGE('',*,*,#1142,.F.);
#1498=ORIENTED_EDGE('',*,*,#1143,.T.);
#1499=ORIENTED_EDGE('',*,*,#1082,.F.);
#1500=ORIENTED_EDGE('',*,*,#1096,.F.);
#1501=ORIENTED_EDGE('',*,*,#1144,.T.);
#1502=ORIENTED_EDGE('',*,*,#1145,.T.);
#1503=ORIENTED_EDGE('',*,*,#1095,.F.);
#1504=ORIENTED_EDGE('',*,*,#1146,.F.);
#1505=ORIENTED_EDGE('',*,*,#1147,.T.);
#1506=ORIENTED_EDGE('',*,*,#1148,.T.);
#1507=ORIENTED_EDGE('',*,*,#1149,.T.);
#1508=ORIENTED_EDGE('',*,*,#1150,.F.);
#1509=ORIENTED_EDGE('',*,*,#1151,.T.);
#1510=ORIENTED_EDGE('',*,*,#1152,.T.);
#1511=ORIENTED_EDGE('',*,*,#1153,.T.);
#1512=ORIENTED_EDGE('',*,*,#1154,.F.);
#1513=ORIENTED_EDGE('',*,*,#1155,.T.);
#1514=ORIENTED_EDGE('',*,*,#1156,.T.);
#1515=ORIENTED_EDGE('',*,*,#1157,.T.);
#1516=ORIENTED_EDGE('',*,*,#1158,.T.);
#1517=ORIENTED_EDGE('',*,*,#1159,.T.);
#1518=ORIENTED_EDGE('',*,*,#1160,.T.);
#1519=ORIENTED_EDGE('',*,*,#1161,.F.);
#1520=ORIENTED_EDGE('',*,*,#1162,.F.);
#1521=ORIENTED_EDGE('',*,*,#1163,.F.);
#1522=ORIENTED_EDGE('',*,*,#1164,.F.);
#1523=ORIENTED_EDGE('',*,*,#1165,.F.);
#1524=ORIENTED_EDGE('',*,*,#1166,.T.);
#1525=ORIENTED_EDGE('',*,*,#1167,.T.);
#1526=ORIENTED_EDGE('',*,*,#1168,.T.);
#1527=ORIENTED_EDGE('',*,*,#1169,.F.);
#1528=ORIENTED_EDGE('',*,*,#1144,.F.);
#1529=ORIENTED_EDGE('',*,*,#1170,.T.);
#1530=ORIENTED_EDGE('',*,*,#1171,.T.);
#1531=ORIENTED_EDGE('',*,*,#1172,.T.);
#1532=ORIENTED_EDGE('',*,*,#1173,.T.);
#1533=ORIENTED_EDGE('',*,*,#1174,.T.);
#1534=ORIENTED_EDGE('',*,*,#1175,.T.);
#1535=ORIENTED_EDGE('',*,*,#1176,.T.);
#1536=ORIENTED_EDGE('',*,*,#1177,.T.);
#1537=ORIENTED_EDGE('',*,*,#1178,.T.);
#1538=ORIENTED_EDGE('',*,*,#1179,.T.);
#1539=ORIENTED_EDGE('',*,*,#1180,.T.);
#1540=ORIENTED_EDGE('',*,*,#1090,.F.);
#1541=ORIENTED_EDGE('',*,*,#1181,.T.);
#1542=ORIENTED_EDGE('',*,*,#1182,.T.);
#1543=ORIENTED_EDGE('',*,*,#1154,.T.);
#1544=ORIENTED_EDGE('',*,*,#1183,.F.);
#1545=ORIENTED_EDGE('',*,*,#1184,.F.);
#1546=ORIENTED_EDGE('',*,*,#1185,.F.);
#1547=ORIENTED_EDGE('',*,*,#1150,.T.);
#1548=ORIENTED_EDGE('',*,*,#1186,.F.);
#1549=ORIENTED_EDGE('',*,*,#1187,.F.);
#1550=ORIENTED_EDGE('',*,*,#1188,.F.);
#1551=ORIENTED_EDGE('',*,*,#1146,.T.);
#1552=ORIENTED_EDGE('',*,*,#1169,.T.);
#1553=ORIENTED_EDGE('',*,*,#1189,.T.);
#1554=ORIENTED_EDGE('',*,*,#1120,.F.);
#1555=ORIENTED_EDGE('',*,*,#1118,.T.);
#1556=ORIENTED_EDGE('',*,*,#1190,.F.);
#1557=ORIENTED_EDGE('',*,*,#1145,.F.);
#1558=ORIENTED_EDGE('',*,*,#1116,.F.);
#1559=ORIENTED_EDGE('',*,*,#1109,.T.);
#1560=ORIENTED_EDGE('',*,*,#1099,.F.);
#1561=ORIENTED_EDGE('',*,*,#1191,.T.);
#1562=ORIENTED_EDGE('',*,*,#1192,.T.);
#1563=ORIENTED_EDGE('',*,*,#1043,.T.);
#1564=ORIENTED_EDGE('',*,*,#1193,.T.);
#1565=ORIENTED_EDGE('',*,*,#1194,.T.);
#1566=ORIENTED_EDGE('',*,*,#1195,.F.);
#1567=ORIENTED_EDGE('',*,*,#1111,.T.);
#1568=ORIENTED_EDGE('',*,*,#1193,.F.);
#1569=ORIENTED_EDGE('',*,*,#1042,.F.);
#1570=ORIENTED_EDGE('',*,*,#1196,.F.);
#1571=ORIENTED_EDGE('',*,*,#1197,.T.);
#1572=ORIENTED_EDGE('',*,*,#1094,.F.);
#1573=ORIENTED_EDGE('',*,*,#1198,.F.);
#1574=ORIENTED_EDGE('',*,*,#1113,.F.);
#1575=ORIENTED_EDGE('',*,*,#1199,.F.);
#1576=ORIENTED_EDGE('',*,*,#1200,.T.);
#1577=ORIENTED_EDGE('',*,*,#1201,.F.);
#1578=ORIENTED_EDGE('',*,*,#1202,.T.);
#1579=ORIENTED_EDGE('',*,*,#1181,.F.);
#1580=ORIENTED_EDGE('',*,*,#1143,.F.);
#1581=ORIENTED_EDGE('',*,*,#1203,.T.);
#1582=ORIENTED_EDGE('',*,*,#1204,.F.);
#1583=ORIENTED_EDGE('',*,*,#1092,.T.);
#1584=ORIENTED_EDGE('',*,*,#1083,.T.);
#1585=ORIENTED_EDGE('',*,*,#1205,.T.);
#1586=ORIENTED_EDGE('',*,*,#1206,.T.);
#1587=ORIENTED_EDGE('',*,*,#1196,.T.);
#1588=ORIENTED_EDGE('',*,*,#1041,.T.);
#1589=ORIENTED_EDGE('',*,*,#1115,.F.);
#1590=ORIENTED_EDGE('',*,*,#1207,.F.);
#1591=ORIENTED_EDGE('',*,*,#1208,.T.);
#1592=ORIENTED_EDGE('',*,*,#1063,.T.);
#1593=ORIENTED_EDGE('',*,*,#1208,.F.);
#1594=ORIENTED_EDGE('',*,*,#1046,.F.);
#1595=ORIENTED_EDGE('',*,*,#1209,.T.);
#1596=ORIENTED_EDGE('',*,*,#1210,.F.);
#1597=ORIENTED_EDGE('',*,*,#1209,.F.);
#1598=ORIENTED_EDGE('',*,*,#1211,.F.);
#1599=ORIENTED_EDGE('',*,*,#1212,.T.);
#1600=ORIENTED_EDGE('',*,*,#1079,.T.);
#1601=ORIENTED_EDGE('',*,*,#1212,.F.);
#1602=ORIENTED_EDGE('',*,*,#1047,.F.);
#1603=ORIENTED_EDGE('',*,*,#1213,.T.);
#1604=ORIENTED_EDGE('',*,*,#1214,.F.);
#1605=ORIENTED_EDGE('',*,*,#1213,.F.);
#1606=ORIENTED_EDGE('',*,*,#1194,.F.);
#1607=ORIENTED_EDGE('',*,*,#1197,.F.);
#1608=ORIENTED_EDGE('',*,*,#1206,.F.);
#1609=ORIENTED_EDGE('',*,*,#1215,.F.);
#1610=ORIENTED_EDGE('',*,*,#1216,.F.);
#1611=ORIENTED_EDGE('',*,*,#1217,.T.);
#1612=ORIENTED_EDGE('',*,*,#1210,.T.);
#1613=ORIENTED_EDGE('',*,*,#1214,.T.);
#1614=ORIENTED_EDGE('',*,*,#1192,.F.);
#1615=ORIENTED_EDGE('',*,*,#1218,.T.);
#1616=ORIENTED_EDGE('',*,*,#1219,.F.);
#1617=ORIENTED_EDGE('',*,*,#1220,.F.);
#1618=ORIENTED_EDGE('',*,*,#1203,.F.);
#1619=ORIENTED_EDGE('',*,*,#1142,.T.);
#1620=ORIENTED_EDGE('',*,*,#1190,.T.);
#1621=ORIENTED_EDGE('',*,*,#1117,.F.);
#1622=ORIENTED_EDGE('',*,*,#1207,.T.);
#1623=ORIENTED_EDGE('',*,*,#1211,.T.);
#1624=ORIENTED_EDGE('',*,*,#1105,.F.);
#1625=ORIENTED_EDGE('',*,*,#1134,.T.);
#1626=ORIENTED_EDGE('',*,*,#1221,.F.);
#1627=ORIENTED_EDGE('',*,*,#1200,.F.);
#1628=ORIENTED_EDGE('',*,*,#1222,.F.);
#1629=ORIENTED_EDGE('',*,*,#1102,.F.);
#1630=ORIENTED_EDGE('',*,*,#1191,.F.);
#1631=ORIENTED_EDGE('',*,*,#1098,.F.);
#1632=ORIENTED_EDGE('',*,*,#1103,.T.);
#1633=ORIENTED_EDGE('',*,*,#1222,.T.);
#1634=ORIENTED_EDGE('',*,*,#1199,.T.);
#1635=ORIENTED_EDGE('',*,*,#1112,.T.);
#1636=ORIENTED_EDGE('',*,*,#1195,.T.);
#1637=ORIENTED_EDGE('',*,*,#1217,.F.);
#1638=ORIENTED_EDGE('',*,*,#1223,.T.);
#1639=ORIENTED_EDGE('',*,*,#1218,.F.);
#1640=ORIENTED_EDGE('',*,*,#1221,.T.);
#1641=ORIENTED_EDGE('',*,*,#1133,.T.);
#1642=ORIENTED_EDGE('',*,*,#1224,.T.);
#1643=ORIENTED_EDGE('',*,*,#1201,.T.);
#1644=ORIENTED_EDGE('',*,*,#1141,.F.);
#1645=ORIENTED_EDGE('',*,*,#1225,.T.);
#1646=ORIENTED_EDGE('',*,*,#1226,.T.);
#1647=ORIENTED_EDGE('',*,*,#1225,.F.);
#1648=ORIENTED_EDGE('',*,*,#1204,.T.);
#1649=ORIENTED_EDGE('',*,*,#1220,.T.);
#1650=ORIENTED_EDGE('',*,*,#1227,.T.);
#1651=ORIENTED_EDGE('',*,*,#1215,.T.);
#1652=ORIENTED_EDGE('',*,*,#1205,.F.);
#1653=ORIENTED_EDGE('',*,*,#1114,.F.);
#1654=ORIENTED_EDGE('',*,*,#1198,.T.);
#1655=ORIENTED_EDGE('',*,*,#1093,.T.);
#1656=ORIENTED_EDGE('',*,*,#1228,.F.);
#1657=ORIENTED_EDGE('',*,*,#1229,.T.);
#1658=ORIENTED_EDGE('',*,*,#1230,.F.);
#1659=ORIENTED_EDGE('',*,*,#1231,.F.);
#1660=ORIENTED_EDGE('',*,*,#1232,.F.);
#1661=ORIENTED_EDGE('',*,*,#1233,.T.);
#1662=ORIENTED_EDGE('',*,*,#1234,.F.);
#1663=ORIENTED_EDGE('',*,*,#1229,.F.);
#1664=ORIENTED_EDGE('',*,*,#1235,.F.);
#1665=ORIENTED_EDGE('',*,*,#1236,.F.);
#1666=ORIENTED_EDGE('',*,*,#1231,.T.);
#1667=ORIENTED_EDGE('',*,*,#1237,.F.);
#1668=ORIENTED_EDGE('',*,*,#1238,.F.);
#1669=ORIENTED_EDGE('',*,*,#1239,.F.);
#1670=ORIENTED_EDGE('',*,*,#1240,.F.);
#1671=ORIENTED_EDGE('',*,*,#1238,.T.);
#1672=ORIENTED_EDGE('',*,*,#1241,.F.);
#1673=ORIENTED_EDGE('',*,*,#1233,.F.);
#1674=ORIENTED_EDGE('',*,*,#1230,.T.);
#1675=ORIENTED_EDGE('',*,*,#1234,.T.);
#1676=ORIENTED_EDGE('',*,*,#1241,.T.);
#1677=ORIENTED_EDGE('',*,*,#1237,.T.);
#1678=ORIENTED_EDGE('',*,*,#1235,.T.);
#1679=ORIENTED_EDGE('',*,*,#1242,.T.);
#1680=ORIENTED_EDGE('',*,*,#1180,.F.);
#1681=ORIENTED_EDGE('',*,*,#1242,.F.);
#1682=ORIENTED_EDGE('',*,*,#1243,.F.);
#1683=ORIENTED_EDGE('',*,*,#1244,.T.);
#1684=ORIENTED_EDGE('',*,*,#1245,.T.);
#1685=ORIENTED_EDGE('',*,*,#1246,.F.);
#1686=ORIENTED_EDGE('',*,*,#1247,.F.);
#1687=ORIENTED_EDGE('',*,*,#1248,.T.);
#1688=ORIENTED_EDGE('',*,*,#1249,.T.);
#1689=ORIENTED_EDGE('',*,*,#1244,.F.);
#1690=ORIENTED_EDGE('',*,*,#1250,.F.);
#1691=ORIENTED_EDGE('',*,*,#1251,.F.);
#1692=ORIENTED_EDGE('',*,*,#1252,.F.);
#1693=ORIENTED_EDGE('',*,*,#1253,.T.);
#1694=ORIENTED_EDGE('',*,*,#1254,.T.);
#1695=ORIENTED_EDGE('',*,*,#1248,.F.);
#1696=ORIENTED_EDGE('',*,*,#1255,.F.);
#1697=ORIENTED_EDGE('',*,*,#1256,.F.);
#1698=ORIENTED_EDGE('',*,*,#1246,.T.);
#1699=ORIENTED_EDGE('',*,*,#1257,.T.);
#1700=ORIENTED_EDGE('',*,*,#1253,.F.);
#1701=ORIENTED_EDGE('',*,*,#1258,.F.);
#1702=ORIENTED_EDGE('',*,*,#1245,.F.);
#1703=ORIENTED_EDGE('',*,*,#1249,.F.);
#1704=ORIENTED_EDGE('',*,*,#1254,.F.);
#1705=ORIENTED_EDGE('',*,*,#1257,.F.);
#1706=ORIENTED_EDGE('',*,*,#1250,.T.);
#1707=ORIENTED_EDGE('',*,*,#1243,.T.);
#1708=ORIENTED_EDGE('',*,*,#1256,.T.);
#1709=ORIENTED_EDGE('',*,*,#1259,.F.);
#1710=ORIENTED_EDGE('',*,*,#1157,.F.);
#1711=ORIENTED_EDGE('',*,*,#1260,.T.);
#1712=ORIENTED_EDGE('',*,*,#1130,.F.);
#1713=ORIENTED_EDGE('',*,*,#1261,.F.);
#1714=ORIENTED_EDGE('',*,*,#1247,.T.);
#1715=ORIENTED_EDGE('',*,*,#1261,.T.);
#1716=ORIENTED_EDGE('',*,*,#1129,.F.);
#1717=ORIENTED_EDGE('',*,*,#1262,.F.);
#1718=ORIENTED_EDGE('',*,*,#1263,.F.);
#1719=ORIENTED_EDGE('',*,*,#1158,.F.);
#1720=ORIENTED_EDGE('',*,*,#1259,.T.);
#1721=ORIENTED_EDGE('',*,*,#1255,.T.);
#1722=ORIENTED_EDGE('',*,*,#1252,.T.);
#1723=ORIENTED_EDGE('',*,*,#1258,.T.);
#1724=ORIENTED_EDGE('',*,*,#1264,.T.);
#1725=ORIENTED_EDGE('',*,*,#1179,.F.);
#1726=ORIENTED_EDGE('',*,*,#1264,.F.);
#1727=ORIENTED_EDGE('',*,*,#1265,.T.);
#1728=ORIENTED_EDGE('',*,*,#1266,.T.);
#1729=ORIENTED_EDGE('',*,*,#1267,.T.);
#1730=ORIENTED_EDGE('',*,*,#1268,.T.);
#1731=ORIENTED_EDGE('',*,*,#1122,.T.);
#1732=ORIENTED_EDGE('',*,*,#1266,.F.);
#1733=ORIENTED_EDGE('',*,*,#1269,.F.);
#1734=ORIENTED_EDGE('',*,*,#1167,.F.);
#1735=ORIENTED_EDGE('',*,*,#1270,.T.);
#1736=ORIENTED_EDGE('',*,*,#1189,.F.);
#1737=ORIENTED_EDGE('',*,*,#1168,.F.);
#1738=ORIENTED_EDGE('',*,*,#1269,.T.);
#1739=ORIENTED_EDGE('',*,*,#1265,.F.);
#1740=ORIENTED_EDGE('',*,*,#1121,.F.);
#1741=ORIENTED_EDGE('',*,*,#1236,.T.);
#1742=ORIENTED_EDGE('',*,*,#1240,.T.);
#1743=ORIENTED_EDGE('',*,*,#1232,.T.);
#1744=ORIENTED_EDGE('',*,*,#1228,.T.);
#1745=ORIENTED_EDGE('',*,*,#1262,.T.);
#1746=ORIENTED_EDGE('',*,*,#1128,.T.);
#1747=ORIENTED_EDGE('',*,*,#1271,.T.);
#1748=ORIENTED_EDGE('',*,*,#1272,.T.);
#1749=ORIENTED_EDGE('',*,*,#1273,.T.);
#1750=ORIENTED_EDGE('',*,*,#1271,.F.);
#1751=ORIENTED_EDGE('',*,*,#1127,.F.);
#1752=ORIENTED_EDGE('',*,*,#1274,.F.);
#1753=ORIENTED_EDGE('',*,*,#1275,.F.);
#1754=ORIENTED_EDGE('',*,*,#1276,.T.);
#1755=ORIENTED_EDGE('',*,*,#1277,.T.);
#1756=ORIENTED_EDGE('',*,*,#1275,.T.);
#1757=ORIENTED_EDGE('',*,*,#1278,.T.);
#1758=ORIENTED_EDGE('',*,*,#1161,.T.);
#1759=ORIENTED_EDGE('',*,*,#1279,.T.);
#1760=ORIENTED_EDGE('',*,*,#1162,.T.);
#1761=ORIENTED_EDGE('',*,*,#1278,.F.);
#1762=ORIENTED_EDGE('',*,*,#1280,.T.);
#1763=ORIENTED_EDGE('',*,*,#1281,.T.);
#1764=ORIENTED_EDGE('',*,*,#1163,.T.);
#1765=ORIENTED_EDGE('',*,*,#1279,.F.);
#1766=ORIENTED_EDGE('',*,*,#1282,.T.);
#1767=ORIENTED_EDGE('',*,*,#1281,.F.);
#1768=ORIENTED_EDGE('',*,*,#1283,.T.);
#1769=ORIENTED_EDGE('',*,*,#1284,.T.);
#1770=ORIENTED_EDGE('',*,*,#1164,.T.);
#1771=ORIENTED_EDGE('',*,*,#1285,.T.);
#1772=ORIENTED_EDGE('',*,*,#1165,.T.);
#1773=ORIENTED_EDGE('',*,*,#1284,.F.);
#1774=ORIENTED_EDGE('',*,*,#1286,.T.);
#1775=ORIENTED_EDGE('',*,*,#1283,.F.);
#1776=ORIENTED_EDGE('',*,*,#1287,.T.);
#1777=ORIENTED_EDGE('',*,*,#1124,.F.);
#1778=ORIENTED_EDGE('',*,*,#1288,.F.);
#1779=ORIENTED_EDGE('',*,*,#1282,.F.);
#1780=ORIENTED_EDGE('',*,*,#1289,.T.);
#1781=ORIENTED_EDGE('',*,*,#1125,.F.);
#1782=ORIENTED_EDGE('',*,*,#1287,.F.);
#1783=ORIENTED_EDGE('',*,*,#1280,.F.);
#1784=ORIENTED_EDGE('',*,*,#1274,.T.);
#1785=ORIENTED_EDGE('',*,*,#1126,.F.);
#1786=ORIENTED_EDGE('',*,*,#1289,.F.);
#1787=ORIENTED_EDGE('',*,*,#1272,.F.);
#1788=ORIENTED_EDGE('',*,*,#1276,.F.);
#1789=ORIENTED_EDGE('',*,*,#1277,.F.);
#1790=ORIENTED_EDGE('',*,*,#1160,.F.);
#1791=ORIENTED_EDGE('',*,*,#1290,.T.);
#1792=ORIENTED_EDGE('',*,*,#1170,.F.);
#1793=ORIENTED_EDGE('',*,*,#1291,.T.);
#1794=ORIENTED_EDGE('',*,*,#1292,.F.);
#1795=ORIENTED_EDGE('',*,*,#1291,.F.);
#1796=ORIENTED_EDGE('',*,*,#1171,.F.);
#1797=ORIENTED_EDGE('',*,*,#1293,.T.);
#1798=ORIENTED_EDGE('',*,*,#1294,.T.);
#1799=ORIENTED_EDGE('',*,*,#1295,.F.);
#1800=ORIENTED_EDGE('',*,*,#1174,.F.);
#1801=ORIENTED_EDGE('',*,*,#1296,.T.);
#1802=ORIENTED_EDGE('',*,*,#1297,.T.);
#1803=ORIENTED_EDGE('',*,*,#1293,.F.);
#1804=ORIENTED_EDGE('',*,*,#1173,.F.);
#1805=ORIENTED_EDGE('',*,*,#1298,.T.);
#1806=ORIENTED_EDGE('',*,*,#1299,.T.);
#1807=ORIENTED_EDGE('',*,*,#1296,.F.);
#1808=ORIENTED_EDGE('',*,*,#1172,.F.);
#1809=ORIENTED_EDGE('',*,*,#1295,.T.);
#1810=ORIENTED_EDGE('',*,*,#1300,.T.);
#1811=ORIENTED_EDGE('',*,*,#1298,.F.);
#1812=ORIENTED_EDGE('',*,*,#1300,.F.);
#1813=ORIENTED_EDGE('',*,*,#1294,.F.);
#1814=ORIENTED_EDGE('',*,*,#1297,.F.);
#1815=ORIENTED_EDGE('',*,*,#1299,.F.);
#1816=ORIENTED_EDGE('',*,*,#1301,.F.);
#1817=ORIENTED_EDGE('',*,*,#1153,.F.);
#1818=ORIENTED_EDGE('',*,*,#1302,.T.);
#1819=ORIENTED_EDGE('',*,*,#1303,.T.);
#1820=ORIENTED_EDGE('',*,*,#1304,.F.);
#1821=ORIENTED_EDGE('',*,*,#1183,.T.);
#1822=ORIENTED_EDGE('',*,*,#1152,.F.);
#1823=ORIENTED_EDGE('',*,*,#1305,.T.);
#1824=ORIENTED_EDGE('',*,*,#1306,.T.);
#1825=ORIENTED_EDGE('',*,*,#1302,.F.);
#1826=ORIENTED_EDGE('',*,*,#1307,.T.);
#1827=ORIENTED_EDGE('',*,*,#1308,.T.);
#1828=ORIENTED_EDGE('',*,*,#1305,.F.);
#1829=ORIENTED_EDGE('',*,*,#1151,.F.);
#1830=ORIENTED_EDGE('',*,*,#1185,.T.);
#1831=ORIENTED_EDGE('',*,*,#1304,.T.);
#1832=ORIENTED_EDGE('',*,*,#1309,.T.);
#1833=ORIENTED_EDGE('',*,*,#1307,.F.);
#1834=ORIENTED_EDGE('',*,*,#1184,.T.);
#1835=ORIENTED_EDGE('',*,*,#1309,.F.);
#1836=ORIENTED_EDGE('',*,*,#1303,.F.);
#1837=ORIENTED_EDGE('',*,*,#1306,.F.);
#1838=ORIENTED_EDGE('',*,*,#1308,.F.);
#1839=ORIENTED_EDGE('',*,*,#1226,.F.);
#1840=ORIENTED_EDGE('',*,*,#1175,.F.);
#1841=ORIENTED_EDGE('',*,*,#1310,.T.);
#1842=ORIENTED_EDGE('',*,*,#1311,.T.);
#1843=ORIENTED_EDGE('',*,*,#1312,.F.);
#1844=ORIENTED_EDGE('',*,*,#1178,.F.);
#1845=ORIENTED_EDGE('',*,*,#1313,.T.);
#1846=ORIENTED_EDGE('',*,*,#1314,.T.);
#1847=ORIENTED_EDGE('',*,*,#1310,.F.);
#1848=ORIENTED_EDGE('',*,*,#1177,.F.);
#1849=ORIENTED_EDGE('',*,*,#1315,.T.);
#1850=ORIENTED_EDGE('',*,*,#1316,.T.);
#1851=ORIENTED_EDGE('',*,*,#1313,.F.);
#1852=ORIENTED_EDGE('',*,*,#1176,.F.);
#1853=ORIENTED_EDGE('',*,*,#1312,.T.);
#1854=ORIENTED_EDGE('',*,*,#1317,.T.);
#1855=ORIENTED_EDGE('',*,*,#1315,.F.);
#1856=ORIENTED_EDGE('',*,*,#1317,.F.);
#1857=ORIENTED_EDGE('',*,*,#1311,.F.);
#1858=ORIENTED_EDGE('',*,*,#1314,.F.);
#1859=ORIENTED_EDGE('',*,*,#1316,.F.);
#1860=ORIENTED_EDGE('',*,*,#1318,.F.);
#1861=ORIENTED_EDGE('',*,*,#1149,.F.);
#1862=ORIENTED_EDGE('',*,*,#1319,.T.);
#1863=ORIENTED_EDGE('',*,*,#1320,.T.);
#1864=ORIENTED_EDGE('',*,*,#1321,.F.);
#1865=ORIENTED_EDGE('',*,*,#1186,.T.);
#1866=ORIENTED_EDGE('',*,*,#1148,.F.);
#1867=ORIENTED_EDGE('',*,*,#1322,.T.);
#1868=ORIENTED_EDGE('',*,*,#1323,.T.);
#1869=ORIENTED_EDGE('',*,*,#1319,.F.);
#1870=ORIENTED_EDGE('',*,*,#1324,.T.);
#1871=ORIENTED_EDGE('',*,*,#1325,.T.);
#1872=ORIENTED_EDGE('',*,*,#1322,.F.);
#1873=ORIENTED_EDGE('',*,*,#1147,.F.);
#1874=ORIENTED_EDGE('',*,*,#1188,.T.);
#1875=ORIENTED_EDGE('',*,*,#1321,.T.);
#1876=ORIENTED_EDGE('',*,*,#1326,.T.);
#1877=ORIENTED_EDGE('',*,*,#1324,.F.);
#1878=ORIENTED_EDGE('',*,*,#1187,.T.);
#1879=ORIENTED_EDGE('',*,*,#1326,.F.);
#1880=ORIENTED_EDGE('',*,*,#1320,.F.);
#1881=ORIENTED_EDGE('',*,*,#1323,.F.);
#1882=ORIENTED_EDGE('',*,*,#1325,.F.);
#1883=ORIENTED_EDGE('',*,*,#1327,.F.);
#1884=ORIENTED_EDGE('',*,*,#1137,.F.);
#1885=ORIENTED_EDGE('',*,*,#1328,.T.);
#1886=ORIENTED_EDGE('',*,*,#1327,.T.);
#1887=ORIENTED_EDGE('',*,*,#1328,.F.);
#1888=ORIENTED_EDGE('',*,*,#1140,.F.);
#1889=ORIENTED_EDGE('',*,*,#1329,.T.);
#1890=ORIENTED_EDGE('',*,*,#1318,.T.);
#1891=ORIENTED_EDGE('',*,*,#1329,.F.);
#1892=ORIENTED_EDGE('',*,*,#1139,.F.);
#1893=ORIENTED_EDGE('',*,*,#1330,.T.);
#1894=ORIENTED_EDGE('',*,*,#1292,.T.);
#1895=ORIENTED_EDGE('',*,*,#1330,.F.);
#1896=ORIENTED_EDGE('',*,*,#1219,.T.);
#1897=ORIENTED_EDGE('',*,*,#1223,.F.);
#1898=ORIENTED_EDGE('',*,*,#1216,.T.);
#1899=ORIENTED_EDGE('',*,*,#1227,.F.);
#1900=ORIENTED_EDGE('',*,*,#1138,.F.);
#1901=ORIENTED_EDGE('',*,*,#1331,.T.);
#1902=ORIENTED_EDGE('',*,*,#1301,.T.);
#1903=ORIENTED_EDGE('',*,*,#1331,.F.);
#1904=ORIENTED_EDGE('',*,*,#1136,.F.);
#1905=ORIENTED_EDGE('',*,*,#1332,.T.);
#1906=ORIENTED_EDGE('',*,*,#1239,.T.);
#1907=ORIENTED_EDGE('',*,*,#1332,.F.);
#1908=ORIENTED_EDGE('',*,*,#1135,.F.);
#1909=ORIENTED_EDGE('',*,*,#1333,.T.);
#1910=ORIENTED_EDGE('',*,*,#1251,.T.);
#1911=ORIENTED_EDGE('',*,*,#1333,.F.);
#1912=ORIENTED_EDGE('',*,*,#1202,.F.);
#1913=ORIENTED_EDGE('',*,*,#1224,.F.);
#1914=ORIENTED_EDGE('',*,*,#1132,.F.);
#1915=ORIENTED_EDGE('',*,*,#1334,.F.);
#1916=ORIENTED_EDGE('',*,*,#1155,.F.);
#1917=ORIENTED_EDGE('',*,*,#1182,.F.);
#1918=ORIENTED_EDGE('',*,*,#1334,.T.);
#1919=ORIENTED_EDGE('',*,*,#1131,.F.);
#1920=ORIENTED_EDGE('',*,*,#1260,.F.);
#1921=ORIENTED_EDGE('',*,*,#1156,.F.);
#1922=ORIENTED_EDGE('',*,*,#1273,.F.);
#1923=ORIENTED_EDGE('',*,*,#1290,.F.);
#1924=ORIENTED_EDGE('',*,*,#1159,.F.);
#1925=ORIENTED_EDGE('',*,*,#1263,.T.);
#1926=ORIENTED_EDGE('',*,*,#1268,.F.);
#1927=ORIENTED_EDGE('',*,*,#1335,.F.);
#1928=ORIENTED_EDGE('',*,*,#1286,.F.);
#1929=ORIENTED_EDGE('',*,*,#1288,.T.);
#1930=ORIENTED_EDGE('',*,*,#1123,.F.);
#1931=ORIENTED_EDGE('',*,*,#1267,.F.);
#1932=ORIENTED_EDGE('',*,*,#1270,.F.);
#1933=ORIENTED_EDGE('',*,*,#1166,.F.);
#1934=ORIENTED_EDGE('',*,*,#1285,.F.);
#1935=ORIENTED_EDGE('',*,*,#1335,.T.);
#1936=CYLINDRICAL_SURFACE('',#2096,2.95);
#1937=CYLINDRICAL_SURFACE('',#2098,3.53783796209214);
#1938=CYLINDRICAL_SURFACE('',#2126,5.);
#1939=CYLINDRICAL_SURFACE('',#2128,5.);
#1940=CYLINDRICAL_SURFACE('',#2129,5.);
#1941=CYLINDRICAL_SURFACE('',#2131,9.49999999999999);
#1942=CYLINDRICAL_SURFACE('',#2136,5.);
#1943=CYLINDRICAL_SURFACE('',#2140,5.);
#1944=CYLINDRICAL_SURFACE('',#2143,14.5);
#1945=CYLINDRICAL_SURFACE('',#2161,14.5);
#1946=CYLINDRICAL_SURFACE('',#2180,15.);
#1947=CYLINDRICAL_SURFACE('',#2181,8.5);
#1948=CYLINDRICAL_SURFACE('',#2183,8.5);
#1949=CYLINDRICAL_SURFACE('',#2186,9.49999999999999);
#1950=CYLINDRICAL_SURFACE('',#2190,8.5);
#1951=CYLINDRICAL_SURFACE('',#2192,8.5);
#1952=CYLINDRICAL_SURFACE('',#2194,1.5);
#1953=CYLINDRICAL_SURFACE('',#2196,1.5);
#1954=CYLINDRICAL_SURFACE('',#2198,1.5);
#1955=CYLINDRICAL_SURFACE('',#2200,1.5);
#1956=CYLINDRICAL_SURFACE('',#2204,16.);
#1957=CYLINDRICAL_SURFACE('',#2209,1.6);
#1958=CYLINDRICAL_SURFACE('',#2222,1.49999999999999);
#1959=CYLINDRICAL_SURFACE('',#2233,12.);
#1960=CYLINDRICAL_SURFACE('',#2235,1.49999999999999);
#1961=CYLINDRICAL_SURFACE('',#2240,12.);
#1962=CYLINDRICAL_SURFACE('',#2253,0.999999999991506);
#1963=CYLINDRICAL_SURFACE('',#2255,0.999999999999979);
#1964=CYLINDRICAL_SURFACE('',#2256,3.00000000000001);
#1965=CYLINDRICAL_SURFACE('',#2282,1.6);
#1966=CYLINDRICAL_SURFACE('',#2283,1.6);
#1967=CYLINDRICAL_SURFACE('',#2284,4.25000000000001);
#1968=CYLINDRICAL_SURFACE('',#2285,7.5);
#1969=CYLINDRICAL_SURFACE('',#2286,1.6);
#1970=CYLINDRICAL_SURFACE('',#2287,1.49999999999999);
#1971=CYLINDRICAL_SURFACE('',#2288,1.49999999999999);
#1972=CYLINDRICAL_SURFACE('',#2290,15.9999999999999);
#1973=CYLINDRICAL_SURFACE('',#2293,3.00000000000001);
#1974=ADVANCED_FACE('',(#480),#1936,.F.);
#1975=ADVANCED_FACE('',(#481),#1937,.F.);
#1976=ADVANCED_FACE('',(#482,#29,#30),#418,.T.);
#1977=ADVANCED_FACE('',(#483),#419,.F.);
#1978=ADVANCED_FACE('',(#484),#420,.F.);
#1979=ADVANCED_FACE('',(#485),#421,.F.);
#1980=ADVANCED_FACE('',(#486),#422,.F.);
#1981=ADVANCED_FACE('',(#487,#31),#423,.T.);
#1982=ADVANCED_FACE('',(#488),#424,.F.);
#1983=ADVANCED_FACE('',(#489),#425,.F.);
#1984=ADVANCED_FACE('',(#490),#426,.F.);
#1985=ADVANCED_FACE('',(#491),#427,.F.);
#1986=ADVANCED_FACE('',(#492,#32),#428,.T.);
#1987=ADVANCED_FACE('',(#493),#429,.T.);
#1988=ADVANCED_FACE('',(#494),#27,.T.);
#1989=ADVANCED_FACE('',(#495),#28,.T.);
#1990=ADVANCED_FACE('',(#496),#1938,.F.);
#1991=ADVANCED_FACE('',(#497),#1939,.F.);
#1992=ADVANCED_FACE('',(#498),#1940,.F.);
#1993=ADVANCED_FACE('',(#499),#1941,.T.);
#1994=ADVANCED_FACE('',(#500),#24,.F.);
#1995=ADVANCED_FACE('',(#501),#1942,.F.);
#1996=ADVANCED_FACE('',(#502),#430,.T.);
#1997=ADVANCED_FACE('',(#503),#1943,.F.);
#1998=ADVANCED_FACE('',(#504),#1944,.F.);
#1999=ADVANCED_FACE('',(#505,#33,#34,#35,#36,#37,#38,#39),#431,.T.);
#2000=ADVANCED_FACE('',(#506),#1945,.F.);
#2001=ADVANCED_FACE('',(#507,#40,#41,#42,#43,#44),#432,.F.);
#2002=ADVANCED_FACE('',(#508),#25,.F.);
#2003=ADVANCED_FACE('',(#509),#1946,.F.);
#2004=ADVANCED_FACE('',(#510),#1947,.T.);
#2005=ADVANCED_FACE('',(#511),#1948,.T.);
#2006=ADVANCED_FACE('',(#512),#433,.T.);
#2007=ADVANCED_FACE('',(#513),#1949,.T.);
#2008=ADVANCED_FACE('',(#514),#1950,.T.);
#2009=ADVANCED_FACE('',(#515),#1951,.T.);
#2010=ADVANCED_FACE('',(#516),#1952,.F.);
#2011=ADVANCED_FACE('',(#517),#1953,.F.);
#2012=ADVANCED_FACE('',(#518),#1954,.F.);
#2013=ADVANCED_FACE('',(#519),#1955,.F.);
#2014=ADVANCED_FACE('',(#520,#45,#46),#434,.F.);
#2015=ADVANCED_FACE('',(#521,#47,#48),#435,.F.);
#2016=ADVANCED_FACE('',(#522),#1956,.F.);
#2017=ADVANCED_FACE('',(#523),#436,.T.);
#2018=ADVANCED_FACE('',(#524),#26,.F.);
#2019=ADVANCED_FACE('',(#525),#1957,.F.);
#2020=ADVANCED_FACE('',(#526),#437,.F.);
#2021=ADVANCED_FACE('',(#527),#438,.T.);
#2022=ADVANCED_FACE('',(#528,#49),#439,.T.);
#2023=ADVANCED_FACE('',(#529,#50),#440,.T.);
#2024=ADVANCED_FACE('',(#530),#441,.T.);
#2025=ADVANCED_FACE('',(#531),#442,.T.);
#2026=ADVANCED_FACE('',(#532),#1958,.F.);
#2027=ADVANCED_FACE('',(#533),#443,.F.);
#2028=ADVANCED_FACE('',(#534,#51),#444,.F.);
#2029=ADVANCED_FACE('',(#535),#445,.F.);
#2030=ADVANCED_FACE('',(#536,#52),#446,.F.);
#2031=ADVANCED_FACE('',(#537),#447,.F.);
#2032=ADVANCED_FACE('',(#538),#448,.T.);
#2033=ADVANCED_FACE('',(#539),#1959,.T.);
#2034=ADVANCED_FACE('',(#540),#1960,.F.);
#2035=ADVANCED_FACE('',(#541),#449,.T.);
#2036=ADVANCED_FACE('',(#542),#450,.T.);
#2037=ADVANCED_FACE('',(#543,#53),#1961,.T.);
#2038=ADVANCED_FACE('',(#544),#451,.T.);
#2039=ADVANCED_FACE('',(#545),#452,.T.);
#2040=ADVANCED_FACE('',(#546),#453,.T.);
#2041=ADVANCED_FACE('',(#547),#15,.F.);
#2042=ADVANCED_FACE('',(#548),#454,.T.);
#2043=ADVANCED_FACE('',(#549),#16,.F.);
#2044=ADVANCED_FACE('',(#550),#455,.T.);
#2045=ADVANCED_FACE('',(#551),#1962,.F.);
#2046=ADVANCED_FACE('',(#552),#456,.T.);
#2047=ADVANCED_FACE('',(#553),#1963,.F.);
#2048=ADVANCED_FACE('',(#554),#1964,.T.);
#2049=ADVANCED_FACE('',(#555),#17,.F.);
#2050=ADVANCED_FACE('',(#556),#457,.F.);
#2051=ADVANCED_FACE('',(#557),#458,.F.);
#2052=ADVANCED_FACE('',(#558),#459,.F.);
#2053=ADVANCED_FACE('',(#559),#460,.F.);
#2054=ADVANCED_FACE('',(#560,#54),#461,.F.);
#2055=ADVANCED_FACE('',(#561),#462,.F.);
#2056=ADVANCED_FACE('',(#562),#463,.F.);
#2057=ADVANCED_FACE('',(#563),#464,.F.);
#2058=ADVANCED_FACE('',(#564),#465,.F.);
#2059=ADVANCED_FACE('',(#565,#55),#466,.T.);
#2060=ADVANCED_FACE('',(#566),#467,.F.);
#2061=ADVANCED_FACE('',(#567),#468,.F.);
#2062=ADVANCED_FACE('',(#568),#469,.F.);
#2063=ADVANCED_FACE('',(#569),#470,.F.);
#2064=ADVANCED_FACE('',(#570,#56),#471,.F.);
#2065=ADVANCED_FACE('',(#571),#472,.F.);
#2066=ADVANCED_FACE('',(#572),#473,.F.);
#2067=ADVANCED_FACE('',(#573),#474,.F.);
#2068=ADVANCED_FACE('',(#574),#475,.F.);
#2069=ADVANCED_FACE('',(#575,#57),#476,.T.);
#2070=ADVANCED_FACE('',(#576),#1965,.F.);
#2071=ADVANCED_FACE('',(#577),#1966,.F.);
#2072=ADVANCED_FACE('',(#578),#1967,.F.);
#2073=ADVANCED_FACE('',(#579),#1968,.F.);
#2074=ADVANCED_FACE('',(#580),#1969,.F.);
#2075=ADVANCED_FACE('',(#581),#1970,.F.);
#2076=ADVANCED_FACE('',(#582),#1971,.F.);
#2077=ADVANCED_FACE('',(#583),#477,.T.);
#2078=ADVANCED_FACE('',(#584),#1972,.T.);
#2079=ADVANCED_FACE('',(#585),#478,.T.);
#2080=ADVANCED_FACE('',(#586),#479,.T.);
#2081=ADVANCED_FACE('',(#587),#1973,.T.);
#2082=CLOSED_SHELL('',(#1974,#1975,#1976,#1977,#1978,#1979,#1980,#1981,
#1982,#1983,#1984,#1985,#1986,#1987,#1988,#1989,#1990,#1991,#1992,#1993,
#1994,#1995,#1996,#1997,#1998,#1999,#2000,#2001,#2002,#2003,#2004,#2005,
#2006,#2007,#2008,#2009,#2010,#2011,#2012,#2013,#2014,#2015,#2016,#2017,
#2018,#2019,#2020,#2021,#2022,#2023,#2024,#2025,#2026,#2027,#2028,#2029,
#2030,#2031,#2032,#2033,#2034,#2035,#2036,#2037,#2038,#2039,#2040,#2041,
#2042,#2043,#2044,#2045,#2046,#2047,#2048,#2049,#2050,#2051,#2052,#2053,
#2054,#2055,#2056,#2057,#2058,#2059,#2060,#2061,#2062,#2063,#2064,#2065,
#2066,#2067,#2068,#2069,#2070,#2071,#2072,#2073,#2074,#2075,#2076,#2077,
#2078,#2079,#2080,#2081));
#2083=DERIVED_UNIT_ELEMENT(#2085,1.);
#2084=DERIVED_UNIT_ELEMENT(#3833,-3.);
#2085=(
MASS_UNIT()
NAMED_UNIT(*)
SI_UNIT(.KILO.,.GRAM.)
);
#2086=DERIVED_UNIT((#2083,#2084));
#2087=MEASURE_REPRESENTATION_ITEM('density measure',
POSITIVE_RATIO_MEASURE(7850.),#2086);
#2088=PROPERTY_DEFINITION_REPRESENTATION(#2093,#2090);
#2089=PROPERTY_DEFINITION_REPRESENTATION(#2094,#2091);
#2090=REPRESENTATION('material name',(#2092),#3830);
#2091=REPRESENTATION('density',(#2087),#3830);
#2092=DESCRIPTIVE_REPRESENTATION_ITEM('Steel','Steel');
#2093=PROPERTY_DEFINITION('material property','material name',#3840);
#2094=PROPERTY_DEFINITION('material property','density of part',#3840);
#2095=AXIS2_PLACEMENT_3D('',#2872,#2294,#2295);
#2096=AXIS2_PLACEMENT_3D('',#2873,#2296,#2297);
#2097=AXIS2_PLACEMENT_3D('',#2890,#2298,#2299);
#2098=AXIS2_PLACEMENT_3D('',#2891,#2300,#2301);
#2099=AXIS2_PLACEMENT_3D('',#2912,#2302,#2303);
#2100=AXIS2_PLACEMENT_3D('',#2913,#2304,#2305);
#2101=AXIS2_PLACEMENT_3D('',#2917,#2307,#2308);
#2102=AXIS2_PLACEMENT_3D('',#2921,#2310,#2311);
#2103=AXIS2_PLACEMENT_3D('',#2925,#2314,#2315);
#2104=AXIS2_PLACEMENT_3D('',#2927,#2316,#2317);
#2105=AXIS2_PLACEMENT_3D('',#2928,#2318,#2319);
#2106=AXIS2_PLACEMENT_3D('',#2933,#2321,#2322);
#2107=AXIS2_PLACEMENT_3D('',#2939,#2326,#2327);
#2108=AXIS2_PLACEMENT_3D('',#2954,#2331,#2332);
#2109=AXIS2_PLACEMENT_3D('',#2969,#2336,#2337);
#2110=AXIS2_PLACEMENT_3D('',#2972,#2340,#2341);
#2111=AXIS2_PLACEMENT_3D('',#2974,#2342,#2343);
#2112=AXIS2_PLACEMENT_3D('',#2975,#2344,#2345);
#2113=AXIS2_PLACEMENT_3D('',#2984,#2350,#2351);
#2114=AXIS2_PLACEMENT_3D('',#2997,#2355,#2356);
#2115=AXIS2_PLACEMENT_3D('',#3012,#2360,#2361);
#2116=AXIS2_PLACEMENT_3D('',#3016,#2364,#2365);
#2117=AXIS2_PLACEMENT_3D('',#3017,#2366,#2367);
#2118=AXIS2_PLACEMENT_3D('',#3019,#2368,#2369);
#2119=AXIS2_PLACEMENT_3D('',#3020,#2370,#2371);
#2120=AXIS2_PLACEMENT_3D('',#3030,#2373,#2374);
#2121=AXIS2_PLACEMENT_3D('',#3032,#2375,#2376);
#2122=AXIS2_PLACEMENT_3D('',#3076,#2378,#2379);
#2123=AXIS2_PLACEMENT_3D('',#3084,#2380,#2381);
#2124=AXIS2_PLACEMENT_3D('',#3122,#2382,#2383);
#2125=AXIS2_PLACEMENT_3D('',#3185,#2384,#2385);
#2126=AXIS2_PLACEMENT_3D('',#3186,#2386,#2387);
#2127=AXIS2_PLACEMENT_3D('',#3195,#2388,#2389);
#2128=AXIS2_PLACEMENT_3D('',#3197,#2391,#2392);
#2129=AXIS2_PLACEMENT_3D('',#3208,#2394,#2395);
#2130=AXIS2_PLACEMENT_3D('',#3212,#2397,#2398);
#2131=AXIS2_PLACEMENT_3D('',#3221,#2400,#2401);
#2132=AXIS2_PLACEMENT_3D('',#3223,#2402,#2403);
#2133=AXIS2_PLACEMENT_3D('',#3226,#2405,#2406);
#2134=AXIS2_PLACEMENT_3D('',#3227,#2407,#2408);
#2135=AXIS2_PLACEMENT_3D('',#3229,#2409,#2410);
#2136=AXIS2_PLACEMENT_3D('',#3242,#2411,#2412);
#2137=AXIS2_PLACEMENT_3D('',#3255,#2415,#2416);
#2138=AXIS2_PLACEMENT_3D('',#3257,#2417,#2418);
#2139=AXIS2_PLACEMENT_3D('',#3258,#2419,#2420);
#2140=AXIS2_PLACEMENT_3D('',#3259,#2421,#2422);
#2141=AXIS2_PLACEMENT_3D('',#3268,#2423,#2424);
#2142=AXIS2_PLACEMENT_3D('',#3272,#2426,#2427);
#2143=AXIS2_PLACEMENT_3D('',#3279,#2428,#2429);
#2144=AXIS2_PLACEMENT_3D('',#3283,#2431,#2432);
#2145=AXIS2_PLACEMENT_3D('',#3298,#2434,#2435);
#2146=AXIS2_PLACEMENT_3D('',#3300,#2436,#2437);
#2147=AXIS2_PLACEMENT_3D('',#3302,#2438,#2439);
#2148=AXIS2_PLACEMENT_3D('',#3308,#2442,#2443);
#2149=AXIS2_PLACEMENT_3D('',#3312,#2445,#2446);
#2150=AXIS2_PLACEMENT_3D('',#3318,#2449,#2450);
#2151=AXIS2_PLACEMENT_3D('',#3322,#2452,#2453);
#2152=AXIS2_PLACEMENT_3D('',#3326,#2455,#2456);
#2153=AXIS2_PLACEMENT_3D('',#3327,#2457,#2458);
#2154=AXIS2_PLACEMENT_3D('',#3329,#2459,#2460);
#2155=AXIS2_PLACEMENT_3D('',#3331,#2461,#2462);
#2156=AXIS2_PLACEMENT_3D('',#3333,#2463,#2464);
#2157=AXIS2_PLACEMENT_3D('',#3335,#2465,#2466);
#2158=AXIS2_PLACEMENT_3D('',#3337,#2467,#2468);
#2159=AXIS2_PLACEMENT_3D('',#3339,#2469,#2470);
#2160=AXIS2_PLACEMENT_3D('',#3341,#2471,#2472);
#2161=AXIS2_PLACEMENT_3D('',#3342,#2473,#2474);
#2162=AXIS2_PLACEMENT_3D('',#3345,#2475,#2476);
#2163=AXIS2_PLACEMENT_3D('',#3361,#2479,#2480);
#2164=AXIS2_PLACEMENT_3D('',#3363,#2481,#2482);
#2165=AXIS2_PLACEMENT_3D('',#3371,#2486,#2487);
#2166=AXIS2_PLACEMENT_3D('',#3379,#2491,#2492);
#2167=AXIS2_PLACEMENT_3D('',#3383,#2494,#2495);
#2168=AXIS2_PLACEMENT_3D('',#3387,#2497,#2498);
#2169=AXIS2_PLACEMENT_3D('',#3391,#2500,#2501);
#2170=AXIS2_PLACEMENT_3D('',#3395,#2503,#2504);
#2171=AXIS2_PLACEMENT_3D('',#3399,#2506,#2507);
#2172=AXIS2_PLACEMENT_3D('',#3403,#2509,#2510);
#2173=AXIS2_PLACEMENT_3D('',#3407,#2512,#2513);
#2174=AXIS2_PLACEMENT_3D('',#3408,#2514,#2515);
#2175=AXIS2_PLACEMENT_3D('',#3410,#2516,#2517);
#2176=AXIS2_PLACEMENT_3D('',#3428,#2526,#2527);
#2177=AXIS2_PLACEMENT_3D('',#3430,#2528,#2529);
#2178=AXIS2_PLACEMENT_3D('',#3431,#2530,#2531);
#2179=AXIS2_PLACEMENT_3D('',#3433,#2532,#2533);
#2180=AXIS2_PLACEMENT_3D('',#3498,#2534,#2535);
#2181=AXIS2_PLACEMENT_3D('',#3501,#2538,#2539);
#2182=AXIS2_PLACEMENT_3D('',#3504,#2541,#2542);
#2183=AXIS2_PLACEMENT_3D('',#3505,#2543,#2544);
#2184=AXIS2_PLACEMENT_3D('',#3509,#2546,#2547);
#2185=AXIS2_PLACEMENT_3D('',#3511,#2549,#2550);
#2186=AXIS2_PLACEMENT_3D('',#3515,#2553,#2554);
#2187=AXIS2_PLACEMENT_3D('',#3516,#2555,#2556);
#2188=AXIS2_PLACEMENT_3D('',#3518,#2557,#2558);
#2189=AXIS2_PLACEMENT_3D('',#3522,#2560,#2561);
#2190=AXIS2_PLACEMENT_3D('',#3524,#2563,#2564);
#2191=AXIS2_PLACEMENT_3D('',#3526,#2565,#2566);
#2192=AXIS2_PLACEMENT_3D('',#3528,#2568,#2569);
#2193=AXIS2_PLACEMENT_3D('',#3531,#2571,#2572);
#2194=AXIS2_PLACEMENT_3D('',#3532,#2573,#2574);
#2195=AXIS2_PLACEMENT_3D('',#3534,#2575,#2576);
#2196=AXIS2_PLACEMENT_3D('',#3536,#2578,#2579);
#2197=AXIS2_PLACEMENT_3D('',#3539,#2581,#2582);
#2198=AXIS2_PLACEMENT_3D('',#3540,#2583,#2584);
#2199=AXIS2_PLACEMENT_3D('',#3542,#2585,#2586);
#2200=AXIS2_PLACEMENT_3D('',#3544,#2588,#2589);
#2201=AXIS2_PLACEMENT_3D('',#3547,#2591,#2592);
#2202=AXIS2_PLACEMENT_3D('',#3548,#2593,#2594);
#2203=AXIS2_PLACEMENT_3D('',#3554,#2598,#2599);
#2204=AXIS2_PLACEMENT_3D('',#3560,#2603,#2604);
#2205=AXIS2_PLACEMENT_3D('',#3575,#2605,#2606);
#2206=AXIS2_PLACEMENT_3D('',#3576,#2607,#2608);
#2207=AXIS2_PLACEMENT_3D('',#3577,#2609,#2610);
#2208=AXIS2_PLACEMENT_3D('',#3578,#2611,#2612);
#2209=AXIS2_PLACEMENT_3D('',#3599,#2613,#2614);
#2210=AXIS2_PLACEMENT_3D('',#3602,#2616,#2617);
#2211=AXIS2_PLACEMENT_3D('',#3603,#2618,#2619);
#2212=AXIS2_PLACEMENT_3D('',#3604,#2620,#2621);
#2213=AXIS2_PLACEMENT_3D('',#3605,#2622,#2623);
#2214=AXIS2_PLACEMENT_3D('',#3614,#2628,#2629);
#2215=AXIS2_PLACEMENT_3D('',#3616,#2630,#2631);
#2216=AXIS2_PLACEMENT_3D('',#3621,#2634,#2635);
#2217=AXIS2_PLACEMENT_3D('',#3622,#2636,#2637);
#2218=AXIS2_PLACEMENT_3D('',#3624,#2638,#2639);
#2219=AXIS2_PLACEMENT_3D('',#3629,#2642,#2643);
#2220=AXIS2_PLACEMENT_3D('',#3630,#2644,#2645);
#2221=AXIS2_PLACEMENT_3D('',#3633,#2648,#2649);
#2222=AXIS2_PLACEMENT_3D('',#3634,#2650,#2651);
#2223=AXIS2_PLACEMENT_3D('',#3636,#2653,#2654);
#2224=AXIS2_PLACEMENT_3D('',#3645,#2659,#2660);
#2225=AXIS2_PLACEMENT_3D('',#3648,#2661,#2662);
#2226=AXIS2_PLACEMENT_3D('',#3654,#2666,#2667);
#2227=AXIS2_PLACEMENT_3D('',#3655,#2668,#2669);
#2228=AXIS2_PLACEMENT_3D('',#3661,#2673,#2674);
#2229=AXIS2_PLACEMENT_3D('',#3663,#2675,#2676);
#2230=AXIS2_PLACEMENT_3D('',#3667,#2679,#2680);
#2231=AXIS2_PLACEMENT_3D('',#3668,#2681,#2682);
#2232=AXIS2_PLACEMENT_3D('',#3669,#2683,#2684);
#2233=AXIS2_PLACEMENT_3D('',#3673,#2688,#2689);
#2234=AXIS2_PLACEMENT_3D('',#3675,#2690,#2691);
#2235=AXIS2_PLACEMENT_3D('',#3677,#2693,#2694);
#2236=AXIS2_PLACEMENT_3D('',#3679,#2696,#2697);
#2237=AXIS2_PLACEMENT_3D('',#3681,#2698,#2699);
#2238=AXIS2_PLACEMENT_3D('',#3685,#2701,#2702);
#2239=AXIS2_PLACEMENT_3D('',#3687,#2704,#2705);
#2240=AXIS2_PLACEMENT_3D('',#3690,#2708,#2709);
#2241=AXIS2_PLACEMENT_3D('',#3691,#2710,#2711);
#2242=AXIS2_PLACEMENT_3D('',#3695,#2713,#2714);
#2243=AXIS2_PLACEMENT_3D('',#3697,#2716,#2717);
#2244=AXIS2_PLACEMENT_3D('',#3703,#2721,#2722);
#2245=AXIS2_PLACEMENT_3D('',#3704,#2723,#2724);
#2246=AXIS2_PLACEMENT_3D('',#3706,#2726,#2727);
#2247=AXIS2_PLACEMENT_3D('',#3709,#2729,#2730);
#2248=AXIS2_PLACEMENT_3D('',#3710,#2731,#2732);
#2249=AXIS2_PLACEMENT_3D('',#3714,#2735,#2736);
#2250=AXIS2_PLACEMENT_3D('',#3716,#2737,#2738);
#2251=AXIS2_PLACEMENT_3D('',#3718,#2740,#2741);
#2252=AXIS2_PLACEMENT_3D('',#3720,#2742,#2743);
#2253=AXIS2_PLACEMENT_3D('',#3722,#2745,#2746);
#2254=AXIS2_PLACEMENT_3D('',#3725,#2749,#2750);
#2255=AXIS2_PLACEMENT_3D('',#3727,#2752,#2753);
#2256=AXIS2_PLACEMENT_3D('',#3728,#2754,#2755);
#2257=AXIS2_PLACEMENT_3D('',#3730,#2757,#2758);
#2258=AXIS2_PLACEMENT_3D('',#3733,#2760,#2761);
#2259=AXIS2_PLACEMENT_3D('',#3734,#2762,#2763);
#2260=AXIS2_PLACEMENT_3D('',#3740,#2767,#2768);
#2261=AXIS2_PLACEMENT_3D('',#3744,#2771,#2772);
#2262=AXIS2_PLACEMENT_3D('',#3748,#2775,#2776);
#2263=AXIS2_PLACEMENT_3D('',#3750,#2778,#2779);
#2264=AXIS2_PLACEMENT_3D('',#3752,#2780,#2781);
#2265=AXIS2_PLACEMENT_3D('',#3753,#2782,#2783);
#2266=AXIS2_PLACEMENT_3D('',#3759,#2787,#2788);
#2267=AXIS2_PLACEMENT_3D('',#3763,#2791,#2792);
#2268=AXIS2_PLACEMENT_3D('',#3767,#2795,#2796);
#2269=AXIS2_PLACEMENT_3D('',#3769,#2798,#2799);
#2270=AXIS2_PLACEMENT_3D('',#3770,#2800,#2801);
#2271=AXIS2_PLACEMENT_3D('',#3776,#2805,#2806);
#2272=AXIS2_PLACEMENT_3D('',#3780,#2809,#2810);
#2273=AXIS2_PLACEMENT_3D('',#3784,#2813,#2814);
#2274=AXIS2_PLACEMENT_3D('',#3786,#2816,#2817);
#2275=AXIS2_PLACEMENT_3D('',#3788,#2818,#2819);
#2276=AXIS2_PLACEMENT_3D('',#3789,#2820,#2821);
#2277=AXIS2_PLACEMENT_3D('',#3795,#2825,#2826);
#2278=AXIS2_PLACEMENT_3D('',#3799,#2829,#2830);
#2279=AXIS2_PLACEMENT_3D('',#3803,#2833,#2834);
#2280=AXIS2_PLACEMENT_3D('',#3805,#2836,#2837);
#2281=AXIS2_PLACEMENT_3D('',#3807,#2838,#2839);
#2282=AXIS2_PLACEMENT_3D('',#3808,#2840,#2841);
#2283=AXIS2_PLACEMENT_3D('',#3810,#2843,#2844);
#2284=AXIS2_PLACEMENT_3D('',#3812,#2846,#2847);
#2285=AXIS2_PLACEMENT_3D('',#3814,#2849,#2850);
#2286=AXIS2_PLACEMENT_3D('',#3815,#2851,#2852);
#2287=AXIS2_PLACEMENT_3D('',#3817,#2854,#2855);
#2288=AXIS2_PLACEMENT_3D('',#3819,#2857,#2858);
#2289=AXIS2_PLACEMENT_3D('',#3821,#2860,#2861);
#2290=AXIS2_PLACEMENT_3D('',#3823,#2863,#2864);
#2291=AXIS2_PLACEMENT_3D('',#3824,#2865,#2866);
#2292=AXIS2_PLACEMENT_3D('',#3825,#2867,#2868);
#2293=AXIS2_PLACEMENT_3D('',#3827,#2870,#2871);
#2294=DIRECTION('axis',(0.,0.,1.));
#2295=DIRECTION('refdir',(1.,0.,0.));
#2296=DIRECTION('center_axis',(1.,0.,0.));
#2297=DIRECTION('ref_axis',(0.,-2.9861597890357E-15,1.));
#2298=DIRECTION('center_axis',(1.,0.,0.));
#2299=DIRECTION('ref_axis',(0.,0.,-1.));
#2300=DIRECTION('center_axis',(1.,0.,0.));
#2301=DIRECTION('ref_axis',(0.,1.22464679914735E-16,1.));
#2302=DIRECTION('center_axis',(1.,0.,0.));
#2303=DIRECTION('ref_axis',(0.,0.,-1.));
#2304=DIRECTION('center_axis',(1.,0.,-4.4329971792144E-12));
#2305=DIRECTION('ref_axis',(-4.4329971792144E-12,0.,-1.));
#2306=DIRECTION('',(0.,1.,0.));
#2307=DIRECTION('center_axis',(-1.,0.,4.4329971792144E-12));
#2308=DIRECTION('ref_axis',(0.,-0.707106781186548,-0.707106781186547));
#2309=DIRECTION('',(0.,1.,0.));
#2310=DIRECTION('center_axis',(-1.,0.,4.4329971792144E-12));
#2311=DIRECTION('ref_axis',(0.,0.707106781186548,-0.707106781186547));
#2312=DIRECTION('',(0.,1.,0.));
#2313=DIRECTION('',(0.,1.,0.));
#2314=DIRECTION('center_axis',(-1.,0.,4.4329971792144E-12));
#2315=DIRECTION('ref_axis',(0.,0.,-1.));
#2316=DIRECTION('center_axis',(-1.,0.,4.4329971792144E-12));
#2317=DIRECTION('ref_axis',(0.,0.,-1.));
#2318=DIRECTION('center_axis',(0.,-1.,-8.07434927000113E-16));
#2319=DIRECTION('ref_axis',(3.35928815628803E-12,8.07434927000113E-16,-1.));
#2320=DIRECTION('',(3.35928815628803E-12,8.07434927000113E-16,-1.));
#2321=DIRECTION('center_axis',(0.,1.,8.07434927000113E-16));
#2322=DIRECTION('ref_axis',(0.898104542869088,0.,0.439782025642143));
#2323=DIRECTION('',(-1.,0.,0.));
#2324=DIRECTION('',(3.35928815628803E-12,8.07434927000113E-16,-1.));
#2325=DIRECTION('',(1.,0.,0.));
#2326=DIRECTION('center_axis',(0.,0.,1.));
#2327=DIRECTION('ref_axis',(0.,-1.,0.));
#2328=DIRECTION('',(0.,-1.,0.));
#2329=DIRECTION('',(-1.,0.,0.));
#2330=DIRECTION('',(0.,-1.,0.));
#2331=DIRECTION('center_axis',(0.,1.,0.));
#2332=DIRECTION('ref_axis',(-3.35928815628803E-12,0.,1.));
#2333=DIRECTION('',(-3.35928815628803E-12,0.,1.));
#2334=DIRECTION('',(1.,0.,0.));
#2335=DIRECTION('',(-3.35928815628803E-12,0.,1.));
#2336=DIRECTION('center_axis',(0.,0.,-1.));
#2337=DIRECTION('ref_axis',(0.,1.,0.));
#2338=DIRECTION('',(0.,1.,0.));
#2339=DIRECTION('',(0.,1.,0.));
#2340=DIRECTION('center_axis',(-1.,0.,-3.35928815628803E-12));
#2341=DIRECTION('ref_axis',(-3.35928815628803E-12,0.,1.));
#2342=DIRECTION('center_axis',(-1.,0.,-3.35928815628803E-12));
#2343=DIRECTION('ref_axis',(0.,0.,-1.));
#2344=DIRECTION('center_axis',(0.,0.,-1.));
#2345=DIRECTION('ref_axis',(0.,1.,0.));
#2346=DIRECTION('',(0.,1.,0.));
#2347=DIRECTION('',(1.,0.,0.));
#2348=DIRECTION('',(0.,1.,0.));
#2349=DIRECTION('',(1.,0.,0.));
#2350=DIRECTION('center_axis',(0.,-1.,0.));
#2351=DIRECTION('ref_axis',(3.35928815628803E-12,0.,-1.));
#2352=DIRECTION('',(3.35928815628803E-12,0.,-1.));
#2353=DIRECTION('',(-1.,0.,0.));
#2354=DIRECTION('',(3.35928815628803E-12,0.,-1.));
#2355=DIRECTION('center_axis',(0.,0.,1.));
#2356=DIRECTION('ref_axis',(0.,-1.,0.));
#2357=DIRECTION('',(0.,-1.,0.));
#2358=DIRECTION('',(1.,0.,0.));
#2359=DIRECTION('',(0.,-1.,0.));
#2360=DIRECTION('center_axis',(0.,1.,-8.07434927000113E-16));
#2361=DIRECTION('ref_axis',(-3.35928815628803E-12,8.07434927000113E-16,
1.));
#2362=DIRECTION('',(-3.35928815628803E-12,8.07434927000113E-16,1.));
#2363=DIRECTION('',(-3.35928815628803E-12,8.07434927000113E-16,1.));
#2364=DIRECTION('center_axis',(0.,-1.,8.07434927000113E-16));
#2365=DIRECTION('ref_axis',(0.898104542869088,0.,0.439782025642143));
#2366=DIRECTION('center_axis',(-1.,0.,-3.35928815628803E-12));
#2367=DIRECTION('ref_axis',(-3.35928815628803E-12,0.,1.));
#2368=DIRECTION('center_axis',(-1.,0.,-3.35928815628803E-12));
#2369=DIRECTION('ref_axis',(0.,0.,-1.));
#2370=DIRECTION('center_axis',(-1.,0.,-3.35928815628803E-12));
#2371=DIRECTION('ref_axis',(-3.35928815628803E-12,0.,1.));
#2372=DIRECTION('',(-3.35928815628803E-12,0.,1.));
#2373=DIRECTION('center_axis',(-1.,0.,-3.35928815628803E-12));
#2374=DIRECTION('ref_axis',(0.,-1.,0.));
#2375=DIRECTION('center_axis',(1.,0.,3.35928815628803E-12));
#2376=DIRECTION('ref_axis',(-3.13279624697375E-13,-0.707106781186549,-0.707106781186546));
#2377=DIRECTION('',(0.,-1.,0.));
#2378=DIRECTION('center_axis',(3.35731442647272E-12,-1.4076643850558E-8,
-1.));
#2379=DIRECTION('ref_axis',(1.,4.44089209850063E-16,3.35731442646647E-12));
#2380=DIRECTION('center_axis',(0.,-1.,0.));
#2381=DIRECTION('ref_axis',(1.,0.,3.36086714014527E-12));
#2382=DIRECTION('center_axis',(0.,-1.,0.));
#2383=DIRECTION('ref_axis',(1.,0.,3.36086714014527E-12));
#2384=DIRECTION('center_axis',(-1.53504942090876E-9,0.,-1.));
#2385=DIRECTION('ref_axis',(0.,1.,0.));
#2386=DIRECTION('center_axis',(0.,-1.,0.));
#2387=DIRECTION('ref_axis',(0.898104542869088,0.,0.439782025642143));
#2388=DIRECTION('center_axis',(0.,-1.,0.));
#2389=DIRECTION('ref_axis',(0.898104542869088,0.,0.439782025642143));
#2390=DIRECTION('',(0.,1.,0.));
#2391=DIRECTION('center_axis',(-3.35928815628803E-12,0.,1.));
#2392=DIRECTION('ref_axis',(0.707106781186547,0.707106781186547,2.37649194546376E-12));
#2393=DIRECTION('',(3.35928815628803E-12,0.,-1.));
#2394=DIRECTION('center_axis',(0.,-1.,0.));
#2395=DIRECTION('ref_axis',(0.898104542869088,0.,0.439782025642143));
#2396=DIRECTION('',(0.,1.,0.));
#2397=DIRECTION('center_axis',(0.,1.,0.));
#2398=DIRECTION('ref_axis',(0.898104542869088,0.,0.439782025642143));
#2399=DIRECTION('',(0.,-1.,0.));
#2400=DIRECTION('center_axis',(0.,1.,0.));
#2401=DIRECTION('ref_axis',(1.,0.,0.));
#2402=DIRECTION('center_axis',(0.,-1.,0.));
#2403=DIRECTION('ref_axis',(-0.995015560372942,0.,0.0997197804636605));
#2404=DIRECTION('',(0.,1.,0.));
#2405=DIRECTION('center_axis',(0.,1.,0.));
#2406=DIRECTION('ref_axis',(1.,0.,0.));
#2407=DIRECTION('center_axis',(0.,-1.,0.));
#2408=DIRECTION('ref_axis',(0.,0.,-1.));
#2409=DIRECTION('center_axis',(0.,1.,0.));
#2410=DIRECTION('ref_axis',(0.,0.,-1.));
#2411=DIRECTION('center_axis',(3.35928815628803E-12,0.,-1.));
#2412=DIRECTION('ref_axis',(0.707106781186547,-0.707106781186547,2.37649194546376E-12));
#2413=DIRECTION('',(3.35928815628803E-12,0.,-1.));
#2414=DIRECTION('',(-3.35928815628803E-12,0.,1.));
#2415=DIRECTION('center_axis',(-1.,0.,-3.35928815628803E-12));
#2416=DIRECTION('ref_axis',(-3.35928815628803E-12,0.,1.));
#2417=DIRECTION('center_axis',(1.,0.,3.35928815628803E-12));
#2418=DIRECTION('ref_axis',(-3.13279624697375E-13,0.707106781186548,-0.707106781186547));
#2419=DIRECTION('center_axis',(-1.,0.,-3.35928815628803E-12));
#2420=DIRECTION('ref_axis',(0.,1.,0.));
#2421=DIRECTION('center_axis',(0.,1.,0.));
#2422=DIRECTION('ref_axis',(-0.898104542868965,0.,0.439782025642394));
#2423=DIRECTION('center_axis',(0.,1.,0.));
#2424=DIRECTION('ref_axis',(-0.898104542868965,0.,0.439782025642394));
#2425=DIRECTION('',(0.,-1.,0.));
#2426=DIRECTION('center_axis',(0.,-1.,0.));
#2427=DIRECTION('ref_axis',(-0.898104542868965,0.,0.439782025642394));
#2428=DIRECTION('center_axis',(-1.,0.,4.42977041002655E-13));
#2429=DIRECTION('ref_axis',(0.,1.,0.));
#2430=DIRECTION('',(1.,0.,-4.42977041002655E-13));
#2431=DIRECTION('center_axis',(1.,0.,-2.15315980533364E-13));
#2432=DIRECTION('ref_axis',(0.,1.,0.));
#2433=DIRECTION('',(-1.,0.,4.42977041002655E-13));
#2434=DIRECTION('center_axis',(0.,1.,0.));
#2435=DIRECTION('ref_axis',(1.,0.,0.));
#2436=DIRECTION('center_axis',(0.,1.,0.));
#2437=DIRECTION('ref_axis',(-0.914715011328326,0.,-0.404099552153453));
#2438=DIRECTION('center_axis',(0.,1.,0.));
#2439=DIRECTION('ref_axis',(1.,0.,0.));
#2440=DIRECTION('',(1.,0.,0.));
#2441=DIRECTION('',(-3.44169020689581E-13,0.,1.));
#2442=DIRECTION('center_axis',(0.,-1.,0.));
#2443=DIRECTION('ref_axis',(-0.00329744769884813,0.,0.999994563404559));
#2444=DIRECTION('',(-1.,0.,-4.09927450398858E-13));
#2445=DIRECTION('center_axis',(0.,-1.,0.));
#2446=DIRECTION('ref_axis',(-1.,0.,0.));
#2447=DIRECTION('',(0.,0.,-1.));
#2448=DIRECTION('',(1.,0.,0.));
#2449=DIRECTION('center_axis',(0.,1.,0.));
#2450=DIRECTION('ref_axis',(1.,0.,0.));
#2451=DIRECTION('',(0.196008209433871,0.,0.98060225465503));
#2452=DIRECTION('center_axis',(0.,1.,0.));
#2453=DIRECTION('ref_axis',(-0.987729002848402,0.,0.156177517370785));
#2454=DIRECTION('',(0.913123486612703,0.,-0.407683085491979));
#2455=DIRECTION('center_axis',(0.,1.,0.));
#2456=DIRECTION('ref_axis',(-0.995015560372942,0.,0.0997197804636605));
#2457=DIRECTION('center_axis',(0.,-1.,0.));
#2458=DIRECTION('ref_axis',(1.,0.,0.));
#2459=DIRECTION('center_axis',(0.,-1.,0.));
#2460=DIRECTION('ref_axis',(1.,0.,0.));
#2461=DIRECTION('center_axis',(0.,-1.,0.));
#2462=DIRECTION('ref_axis',(1.,0.,0.));
#2463=DIRECTION('center_axis',(0.,-1.,0.));
#2464=DIRECTION('ref_axis',(1.,0.,0.));
#2465=DIRECTION('center_axis',(0.,-1.,0.));
#2466=DIRECTION('ref_axis',(1.,0.,0.));
#2467=DIRECTION('center_axis',(0.,-1.,0.));
#2468=DIRECTION('ref_axis',(1.,0.,0.));
#2469=DIRECTION('center_axis',(0.,-1.,0.));
#2470=DIRECTION('ref_axis',(1.,0.,0.));
#2471=DIRECTION('center_axis',(0.,-1.,0.));
#2472=DIRECTION('ref_axis',(1.,0.,0.));
#2473=DIRECTION('center_axis',(1.,0.,-4.42977041002655E-13));
#2474=DIRECTION('ref_axis',(0.,-1.,0.));
#2475=DIRECTION('center_axis',(1.,0.,-2.15315980533364E-13));
#2476=DIRECTION('ref_axis',(0.,-1.,0.));
#2477=DIRECTION('',(-1.,0.,4.42977041002655E-13));
#2478=DIRECTION('',(1.,0.,-4.42977041002655E-13));
#2479=DIRECTION('center_axis',(0.,1.,0.));
#2480=DIRECTION('ref_axis',(1.,0.,0.));
#2481=DIRECTION('center_axis',(0.,-1.,0.));
#2482=DIRECTION('ref_axis',(-0.995015560372942,0.,0.0997197804636605));
#2483=DIRECTION('',(-0.707106781187048,0.,-0.707106781186047));
#2484=DIRECTION('',(-0.707106781186552,0.,0.707106781186543));
#2485=DIRECTION('',(0.707106781186447,0.,0.707106781186648));
#2486=DIRECTION('center_axis',(0.,-1.,0.));
#2487=DIRECTION('ref_axis',(-0.995015560372942,0.,0.0997197804636605));
#2488=DIRECTION('',(-0.707106781186648,0.,0.707106781186447));
#2489=DIRECTION('',(0.70710678118653,0.,0.707106781186565));
#2490=DIRECTION('',(0.707106781186043,0.,-0.707106781187052));
#2491=DIRECTION('center_axis',(0.,-1.,0.));
#2492=DIRECTION('ref_axis',(-0.995015560372942,0.,0.0997197804636605));
#2493=DIRECTION('',(-0.913123486612703,0.,0.407683085491979));
#2494=DIRECTION('center_axis',(0.,-1.,0.));
#2495=DIRECTION('ref_axis',(-0.987729002848402,0.,0.156177517370785));
#2496=DIRECTION('',(-0.196008209433871,0.,-0.98060225465503));
#2497=DIRECTION('center_axis',(0.,-1.,0.));
#2498=DIRECTION('ref_axis',(1.,0.,0.));
#2499=DIRECTION('',(1.,0.,0.));
#2500=DIRECTION('center_axis',(0.,-1.,0.));
#2501=DIRECTION('ref_axis',(1.,0.,0.));
#2502=DIRECTION('',(0.,0.,-1.));
#2503=DIRECTION('center_axis',(0.,-1.,0.));
#2504=DIRECTION('ref_axis',(-1.,0.,0.));
#2505=DIRECTION('',(-1.,0.,-4.09927450398858E-13));
#2506=DIRECTION('center_axis',(0.,-1.,0.));
#2507=DIRECTION('ref_axis',(-0.00329744769884813,0.,0.999994563404558));
#2508=DIRECTION('',(-3.44169020689581E-13,0.,1.));
#2509=DIRECTION('center_axis',(0.,-1.,0.));
#2510=DIRECTION('ref_axis',(0.,0.,-1.));
#2511=DIRECTION('',(1.,0.,0.));
#2512=DIRECTION('center_axis',(0.,-1.,0.));
#2513=DIRECTION('ref_axis',(1.,0.,0.));
#2514=DIRECTION('center_axis',(0.,-1.,0.));
#2515=DIRECTION('ref_axis',(-0.914715011328326,0.,-0.404099552153453));
#2516=DIRECTION('center_axis',(0.,1.,0.));
#2517=DIRECTION('ref_axis',(1.,0.,0.));
#2518=DIRECTION('',(0.707106781186644,0.,-0.707106781186451));
#2519=DIRECTION('',(-0.70710678118653,0.,-0.707106781186565));
#2520=DIRECTION('',(-0.707106781186045,0.,0.70710678118705));
#2521=DIRECTION('',(0.707106781186541,0.,0.707106781186554));
#2522=DIRECTION('',(-0.707106781186454,0.,-0.707106781186641));
#2523=DIRECTION('',(-0.707106781186563,0.,0.707106781186532));
#2524=DIRECTION('',(0.707106781187047,0.,0.707106781186048));
#2525=DIRECTION('',(0.707106781186556,0.,-0.707106781186539));
#2526=DIRECTION('center_axis',(0.,1.,0.));
#2527=DIRECTION('ref_axis',(1.,0.,0.));
#2528=DIRECTION('center_axis',(0.,1.,0.));
#2529=DIRECTION('ref_axis',(1.,0.,0.));
#2530=DIRECTION('center_axis',(0.,1.,0.));
#2531=DIRECTION('ref_axis',(0.,0.,1.));
#2532=DIRECTION('center_axis',(0.,1.,0.));
#2533=DIRECTION('ref_axis',(-0.995015560372942,0.,0.0997197804636605));
#2534=DIRECTION('center_axis',(0.,-1.,0.));
#2535=DIRECTION('ref_axis',(-0.914715011328326,0.,-0.404099552153453));
#2536=DIRECTION('',(0.,1.,0.));
#2537=DIRECTION('',(0.,1.,0.));
#2538=DIRECTION('center_axis',(1.,0.,-4.42583168446562E-13));
#2539=DIRECTION('ref_axis',(-3.13279624697375E-13,0.707106781186548,-0.707106781186547));
#2540=DIRECTION('',(1.,0.,-4.42583168446562E-13));
#2541=DIRECTION('center_axis',(-1.,0.,2.15315980533364E-13));
#2542=DIRECTION('ref_axis',(-3.13279624697375E-13,0.707106781186548,-0.707106781186547));
#2543=DIRECTION('center_axis',(1.,0.,0.));
#2544=DIRECTION('ref_axis',(0.,0.707106781186548,-0.707106781186547));
#2545=DIRECTION('',(-1.,0.,0.));
#2546=DIRECTION('center_axis',(1.,0.,-1.93784382480027E-14));
#2547=DIRECTION('ref_axis',(0.,0.707106781186548,-0.707106781186547));
#2548=DIRECTION('',(1.,0.,0.));
#2549=DIRECTION('center_axis',(0.,0.,-1.));
#2550=DIRECTION('ref_axis',(-1.,0.,0.));
#2551=DIRECTION('',(1.,0.,0.));
#2552=DIRECTION('',(0.,1.,0.));
#2553=DIRECTION('center_axis',(0.,1.,0.));
#2554=DIRECTION('ref_axis',(-2.55979081893508E-13,0.,1.));
#2555=DIRECTION('center_axis',(0.,-1.,0.));
#2556=DIRECTION('ref_axis',(1.,0.,0.));
#2557=DIRECTION('center_axis',(0.,1.,0.));
#2558=DIRECTION('ref_axis',(1.,0.,0.));
#2559=DIRECTION('',(0.,-1.,0.));
#2560=DIRECTION('center_axis',(0.,-1.,0.));
#2561=DIRECTION('ref_axis',(-0.995015560372942,0.,0.0997197804636605));
#2562=DIRECTION('',(0.,-1.,0.));
#2563=DIRECTION('center_axis',(-1.,0.,4.42583168446562E-13));
#2564=DIRECTION('ref_axis',(-3.13279624697375E-13,-0.707106781186549,-0.707106781186546));
#2565=DIRECTION('center_axis',(-1.,0.,2.15315980533364E-13));
#2566=DIRECTION('ref_axis',(-3.13279624697375E-13,-0.707106781186549,-0.707106781186546));
#2567=DIRECTION('',(-1.,0.,4.42583168446562E-13));
#2568=DIRECTION('center_axis',(1.,0.,0.));
#2569=DIRECTION('ref_axis',(0.,-0.707106781186548,-0.707106781186547));
#2570=DIRECTION('',(1.,0.,0.));
#2571=DIRECTION('center_axis',(1.,0.,-1.93784382480027E-14));
#2572=DIRECTION('ref_axis',(0.,-0.707106781186548,-0.707106781186547));
#2573=DIRECTION('center_axis',(-1.,0.,0.));
#2574=DIRECTION('ref_axis',(0.,0.,-1.));
#2575=DIRECTION('center_axis',(-1.,0.,2.15315980533364E-13));
#2576=DIRECTION('ref_axis',(0.,0.,-1.));
#2577=DIRECTION('',(-1.,0.,0.));
#2578=DIRECTION('center_axis',(-1.,0.,0.));
#2579=DIRECTION('ref_axis',(0.,0.,-1.));
#2580=DIRECTION('',(-1.,0.,0.));
#2581=DIRECTION('center_axis',(1.,0.,-1.93784382480027E-14));
#2582=DIRECTION('ref_axis',(0.,0.,-1.));
#2583=DIRECTION('center_axis',(-1.,0.,0.));
#2584=DIRECTION('ref_axis',(0.,0.,-1.));
#2585=DIRECTION('center_axis',(-1.,0.,2.15315980533364E-13));
#2586=DIRECTION('ref_axis',(0.,0.,-1.));
#2587=DIRECTION('',(-1.,0.,0.));
#2588=DIRECTION('center_axis',(-1.,0.,0.));
#2589=DIRECTION('ref_axis',(0.,0.,-1.));
#2590=DIRECTION('',(-1.,0.,0.));
#2591=DIRECTION('center_axis',(1.,0.,-1.93784382480027E-14));
#2592=DIRECTION('ref_axis',(0.,0.,-1.));
#2593=DIRECTION('center_axis',(1.,0.,-1.93784382480027E-14));
#2594=DIRECTION('ref_axis',(-1.93784382480027E-14,0.,-1.));
#2595=DIRECTION('',(-3.5527136788005E-14,0.,-1.));
#2596=DIRECTION('',(0.,-1.,0.));
#2597=DIRECTION('',(-3.5527136788005E-14,0.,-1.));
#2598=DIRECTION('center_axis',(-1.,0.,2.15315980533364E-13));
#2599=DIRECTION('ref_axis',(2.15315980533364E-13,0.,1.));
#2600=DIRECTION('',(2.15315980533364E-13,0.,1.));
#2601=DIRECTION('',(0.,1.,0.));
#2602=DIRECTION('',(2.15315980533364E-13,0.,1.));
#2603=DIRECTION('center_axis',(0.,1.,0.));
#2604=DIRECTION('ref_axis',(1.,0.,0.));
#2605=DIRECTION('center_axis',(0.,-1.,0.));
#2606=DIRECTION('ref_axis',(1.,0.,0.));
#2607=DIRECTION('center_axis',(0.,1.,0.));
#2608=DIRECTION('ref_axis',(0.,0.,1.));
#2609=DIRECTION('center_axis',(0.,-1.,0.));
#2610=DIRECTION('ref_axis',(1.,0.,0.));
#2611=DIRECTION('center_axis',(0.,-1.,0.));
#2612=DIRECTION('ref_axis',(-0.452108828625677,0.,0.891962783460565));
#2613=DIRECTION('center_axis',(0.,1.,0.));
#2614=DIRECTION('ref_axis',(1.,0.,0.));
#2615=DIRECTION('',(0.,-1.,0.));
#2616=DIRECTION('center_axis',(0.,-1.,0.));
#2617=DIRECTION('ref_axis',(1.,0.,0.));
#2618=DIRECTION('center_axis',(0.,1.,0.));
#2619=DIRECTION('ref_axis',(0.,0.,1.));
#2620=DIRECTION('center_axis',(0.,1.,0.));
#2621=DIRECTION('ref_axis',(1.,0.,0.));
#2622=DIRECTION('center_axis',(6.88338041379162E-13,5.84327907697451E-16,
-1.));
#2623=DIRECTION('ref_axis',(4.02215127507647E-28,-1.,-5.84327907697451E-16));
#2624=DIRECTION('',(0.,1.,0.));
#2625=DIRECTION('',(-1.,0.,-6.88338041379162E-13));
#2626=DIRECTION('',(4.02215127507647E-28,-1.,-5.84327907697451E-16));
#2627=DIRECTION('',(-1.,0.,-6.88338041379162E-13));
#2628=DIRECTION('center_axis',(0.,1.,0.));
#2629=DIRECTION('ref_axis',(6.88338041379162E-13,0.,-1.));
#2630=DIRECTION('center_axis',(0.,-1.,0.));
#2631=DIRECTION('ref_axis',(1.,0.,0.));
#2632=DIRECTION('',(-1.,0.,-6.88338041379162E-13));
#2633=DIRECTION('',(6.88338041379162E-13,0.,-1.));
#2634=DIRECTION('center_axis',(0.,1.,0.));
#2635=DIRECTION('ref_axis',(1.,0.,0.));
#2636=DIRECTION('center_axis',(0.,-1.,0.));
#2637=DIRECTION('ref_axis',(-6.88338041379162E-13,0.,1.));
#2638=DIRECTION('center_axis',(0.,1.,0.));
#2639=DIRECTION('ref_axis',(1.,0.,0.));
#2640=DIRECTION('',(-6.88338041379162E-13,0.,1.));
#2641=DIRECTION('',(-1.,0.,-6.88338041379162E-13));
#2642=DIRECTION('center_axis',(0.,-1.,0.));
#2643=DIRECTION('ref_axis',(1.,0.,0.));
#2644=DIRECTION('center_axis',(-6.88338041379162E-13,0.,1.));
#2645=DIRECTION('ref_axis',(0.,1.,0.));
#2646=DIRECTION('',(0.,-1.,0.));
#2647=DIRECTION('',(0.,1.,0.));
#2648=DIRECTION('center_axis',(1.,0.,6.88338041379162E-13));
#2649=DIRECTION('ref_axis',(6.88338041379162E-13,0.,-1.));
#2650=DIRECTION('center_axis',(0.,1.,0.));
#2651=DIRECTION('ref_axis',(1.,0.,0.));
#2652=DIRECTION('',(0.,-1.,0.));
#2653=DIRECTION('center_axis',(0.,-5.84327907697451E-16,1.));
#2654=DIRECTION('ref_axis',(0.,-1.,-5.84327907697451E-16));
#2655=DIRECTION('',(-1.16798698316587E-16,-1.,-5.84327907697451E-16));
#2656=DIRECTION('',(1.,0.,0.));
#2657=DIRECTION('',(0.,-1.,-5.84327907697451E-16));
#2658=DIRECTION('',(1.,0.,0.));
#2659=DIRECTION('center_axis',(0.,1.,0.));
#2660=DIRECTION('ref_axis',(0.,0.,1.));
#2661=DIRECTION('center_axis',(0.,1.,0.));
#2662=DIRECTION('ref_axis',(1.,0.,0.));
#2663=DIRECTION('',(1.,0.,0.));
#2664=DIRECTION('',(0.,0.,1.));
#2665=DIRECTION('',(0.196008209433871,0.,0.98060225465503));
#2666=DIRECTION('center_axis',(0.,-1.,0.));
#2667=DIRECTION('ref_axis',(1.,0.,0.));
#2668=DIRECTION('center_axis',(0.,0.,-1.));
#2669=DIRECTION('ref_axis',(0.,1.,0.));
#2670=DIRECTION('',(0.,1.,0.));
#2671=DIRECTION('',(1.,0.,0.));
#2672=DIRECTION('',(0.,1.,0.));
#2673=DIRECTION('center_axis',(0.,-1.,0.));
#2674=DIRECTION('ref_axis',(0.,0.,-1.));
#2675=DIRECTION('center_axis',(0.,-1.,0.));
#2676=DIRECTION('ref_axis',(1.,0.,0.));
#2677=DIRECTION('',(-0.196008209433871,0.,-0.98060225465503));
#2678=DIRECTION('',(0.,0.,-1.));
#2679=DIRECTION('center_axis',(0.,1.,0.));
#2680=DIRECTION('ref_axis',(1.,0.,0.));
#2681=DIRECTION('center_axis',(1.,0.,0.));
#2682=DIRECTION('ref_axis',(0.,0.,-1.));
#2683=DIRECTION('center_axis',(-0.98060225465503,0.,0.196008209433871));
#2684=DIRECTION('ref_axis',(0.196008209433871,0.,0.98060225465503));
#2685=DIRECTION('',(0.,1.,0.));
#2686=DIRECTION('',(0.,1.,0.));
#2687=DIRECTION('',(0.,1.,0.));
#2688=DIRECTION('center_axis',(0.,1.,0.));
#2689=DIRECTION('ref_axis',(-0.773307251173122,0.,-0.634031462376332));
#2690=DIRECTION('center_axis',(0.,0.707106781186548,-0.707106781186547));
#2691=DIRECTION('ref_axis',(0.,-0.707106781186547,-0.707106781186548));
#2692=DIRECTION('',(0.,1.,0.));
#2693=DIRECTION('center_axis',(0.,1.,0.));
#2694=DIRECTION('ref_axis',(1.,0.,0.));
#2695=DIRECTION('',(0.,-1.,0.));
#2696=DIRECTION('center_axis',(0.,0.707106781186548,-0.707106781186547));
#2697=DIRECTION('ref_axis',(-1.,0.,0.));
#2698=DIRECTION('center_axis',(0.,0.707106781186548,-0.707106781186547));
#2699=DIRECTION('ref_axis',(0.,-0.707106781186547,-0.707106781186548));
#2700=DIRECTION('',(-1.,0.,0.));
#2701=DIRECTION('center_axis',(0.,0.707106781186548,-0.707106781186547));
#2702=DIRECTION('ref_axis',(0.,-0.707106781186547,-0.707106781186548));
#2703=DIRECTION('',(-2.43364248403936E-13,0.707106781186547,0.707106781186548));
#2704=DIRECTION('center_axis',(0.,0.,-1.));
#2705=DIRECTION('ref_axis',(-1.,0.,0.));
#2706=DIRECTION('',(0.,1.,0.));
#2707=DIRECTION('',(0.,1.,0.));
#2708=DIRECTION('center_axis',(0.,1.,0.));
#2709=DIRECTION('ref_axis',(1.,0.,0.));
#2710=DIRECTION('center_axis',(0.,0.707106781186548,-0.707106781186547));
#2711=DIRECTION('ref_axis',(-1.,0.,0.));
#2712=DIRECTION('',(0.,-0.707106781186547,-0.707106781186548));
#2713=DIRECTION('center_axis',(0.,0.707106781186548,-0.707106781186547));
#2714=DIRECTION('ref_axis',(0.,-0.707106781186547,-0.707106781186548));
#2715=DIRECTION('',(-1.,0.,0.));
#2716=DIRECTION('center_axis',(1.,0.,0.));
#2717=DIRECTION('ref_axis',(0.,0.,-1.));
#2718=DIRECTION('',(0.,1.,0.));
#2719=DIRECTION('',(0.,0.,1.));
#2720=DIRECTION('',(0.,1.,0.));
#2721=DIRECTION('center_axis',(0.939692620785909,-0.342020143325668,0.));
#2722=DIRECTION('ref_axis',(0.,0.,-1.));
#2723=DIRECTION('center_axis',(0.939692620785909,-0.342020143325668,0.));
#2724=DIRECTION('ref_axis',(0.342020143325668,0.939692620785909,0.));
#2725=DIRECTION('',(-0.342020143325668,-0.939692620785909,0.));
#2726=DIRECTION('center_axis',(0.,-1.,0.));
#2727=DIRECTION('ref_axis',(-1.,0.,0.));
#2728=DIRECTION('',(0.,-0.939692620785909,0.342020143325668));
#2729=DIRECTION('center_axis',(0.,1.,0.));
#2730=DIRECTION('ref_axis',(-1.,0.,0.));
#2731=DIRECTION('center_axis',(3.85205800197389E-13,-0.342020143325668,
-0.939692620785909));
#2732=DIRECTION('ref_axis',(-1.,0.,-4.09927450398858E-13));
#2733=DIRECTION('',(-0.000563896677704856,-0.939692471384419,0.342020088947973));
#2734=DIRECTION('',(1.,0.,4.09927450398858E-13));
#2735=DIRECTION('center_axis',(0.,-1.,0.));
#2736=DIRECTION('ref_axis',(-0.00329744769884813,0.,0.999994563404559));
#2737=DIRECTION('center_axis',(0.,1.,0.));
#2738=DIRECTION('ref_axis',(-0.00329744769884813,0.,0.999994563404559));
#2739=DIRECTION('',(0.342020143325668,-0.939692620785909,-1.08751417924848E-12));
#2740=DIRECTION('center_axis',(-0.939692620785911,-0.342020143325662,-3.23413089045113E-13));
#2741=DIRECTION('ref_axis',(-3.44169020689581E-13,0.,1.));
#2742=DIRECTION('center_axis',(-0.939692620785911,-0.342020143325662,-3.23413089045113E-13));
#2743=DIRECTION('ref_axis',(-0.342020143325662,0.939692620785911,0.));
#2744=DIRECTION('',(3.44169020689581E-13,0.,-1.));
#2745=DIRECTION('center_axis',(0.,1.,0.));
#2746=DIRECTION('ref_axis',(-0.00329744769884813,0.,0.999994563404559));
#2747=DIRECTION('',(0.,1.,0.));
#2748=DIRECTION('',(0.,1.,0.));
#2749=DIRECTION('center_axis',(4.09927450398858E-13,0.,-1.));
#2750=DIRECTION('ref_axis',(-1.,0.,-4.09927450398858E-13));
#2751=DIRECTION('',(0.,1.,0.));
#2752=DIRECTION('center_axis',(0.,1.,0.));
#2753=DIRECTION('ref_axis',(-1.,0.,0.));
#2754=DIRECTION('center_axis',(0.,1.,0.));
#2755=DIRECTION('ref_axis',(1.,0.,0.));
#2756=DIRECTION('',(0.,1.,0.));
#2757=DIRECTION('center_axis',(0.,-1.,0.));
#2758=DIRECTION('ref_axis',(1.,0.,0.));
#2759=DIRECTION('',(0.0166090043351138,0.999862060973911,-2.03401639960217E-18));
#2760=DIRECTION('center_axis',(0.,-1.,0.));
#2761=DIRECTION('ref_axis',(1.,0.,0.));
#2762=DIRECTION('center_axis',(0.707106781186451,0.,0.707106781186644));
#2763=DIRECTION('ref_axis',(0.707106781186644,0.,-0.707106781186451));
#2764=DIRECTION('',(0.,1.,0.));
#2765=DIRECTION('',(0.707106781186644,0.,-0.707106781186451));
#2766=DIRECTION('',(0.,1.,0.));
#2767=DIRECTION('center_axis',(-0.707106781186554,0.,0.707106781186541));
#2768=DIRECTION('ref_axis',(0.707106781186541,0.,0.707106781186554));
#2769=DIRECTION('',(0.,1.,0.));
#2770=DIRECTION('',(0.707106781186541,0.,0.707106781186554));
#2771=DIRECTION('center_axis',(-0.70710678118705,0.,-0.707106781186045));
#2772=DIRECTION('ref_axis',(-0.707106781186045,0.,0.70710678118705));
#2773=DIRECTION('',(0.,1.,0.));
#2774=DIRECTION('',(-0.707106781186045,0.,0.70710678118705));
#2775=DIRECTION('center_axis',(0.707106781186565,0.,-0.70710678118653));
#2776=DIRECTION('ref_axis',(-0.70710678118653,0.,-0.707106781186565));
#2777=DIRECTION('',(-0.70710678118653,0.,-0.707106781186565));
#2778=DIRECTION('center_axis',(0.,1.,0.));
#2779=DIRECTION('ref_axis',(0.,0.,1.));
#2780=DIRECTION('center_axis',(0.,-1.,0.));
#2781=DIRECTION('ref_axis',(1.,0.,0.));
#2782=DIRECTION('center_axis',(0.707106781187052,0.,0.707106781186043));
#2783=DIRECTION('ref_axis',(0.707106781186043,0.,-0.707106781187052));
#2784=DIRECTION('',(0.,1.,0.));
#2785=DIRECTION('',(0.707106781186043,0.,-0.707106781187052));
#2786=DIRECTION('',(0.,1.,0.));
#2787=DIRECTION('center_axis',(-0.707106781186565,0.,0.70710678118653));
#2788=DIRECTION('ref_axis',(0.70710678118653,0.,0.707106781186565));
#2789=DIRECTION('',(0.,1.,0.));
#2790=DIRECTION('',(0.70710678118653,0.,0.707106781186565));
#2791=DIRECTION('center_axis',(-0.707106781186447,0.,-0.707106781186648));
#2792=DIRECTION('ref_axis',(-0.707106781186648,0.,0.707106781186447));
#2793=DIRECTION('',(0.,1.,0.));
#2794=DIRECTION('',(-0.707106781186648,0.,0.707106781186447));
#2795=DIRECTION('center_axis',(0.707106781186555,0.,-0.70710678118654));
#2796=DIRECTION('ref_axis',(-0.70710678118654,0.,-0.707106781186555));
#2797=DIRECTION('',(-0.70710678118654,0.,-0.707106781186555));
#2798=DIRECTION('center_axis',(0.,-1.,0.));
#2799=DIRECTION('ref_axis',(0.,0.,-1.));
#2800=DIRECTION('center_axis',(0.707106781186641,0.,-0.707106781186454));
#2801=DIRECTION('ref_axis',(-0.707106781186454,0.,-0.707106781186641));
#2802=DIRECTION('',(0.,1.,0.));
#2803=DIRECTION('',(-0.707106781186454,0.,-0.707106781186641));
#2804=DIRECTION('',(0.,1.,0.));
#2805=DIRECTION('center_axis',(0.707106781186539,0.,0.707106781186556));
#2806=DIRECTION('ref_axis',(0.707106781186556,0.,-0.707106781186539));
#2807=DIRECTION('',(0.,1.,0.));
#2808=DIRECTION('',(0.707106781186556,0.,-0.707106781186539));
#2809=DIRECTION('center_axis',(-0.707106781186048,0.,0.707106781187047));
#2810=DIRECTION('ref_axis',(0.707106781187047,0.,0.707106781186048));
#2811=DIRECTION('',(0.,1.,0.));
#2812=DIRECTION('',(0.707106781187047,0.,0.707106781186048));
#2813=DIRECTION('center_axis',(-0.707106781186532,0.,-0.707106781186563));
#2814=DIRECTION('ref_axis',(-0.707106781186563,0.,0.707106781186532));
#2815=DIRECTION('',(-0.707106781186563,0.,0.707106781186532));
#2816=DIRECTION('center_axis',(0.,1.,0.));
#2817=DIRECTION('ref_axis',(0.,0.,1.));
#2818=DIRECTION('center_axis',(0.,-1.,0.));
#2819=DIRECTION('ref_axis',(1.,0.,0.));
#2820=DIRECTION('center_axis',(-0.707106781186648,0.,0.707106781186447));
#2821=DIRECTION('ref_axis',(0.707106781186447,0.,0.707106781186648));
#2822=DIRECTION('',(0.,1.,0.));
#2823=DIRECTION('',(0.707106781186447,0.,0.707106781186648));
#2824=DIRECTION('',(0.,1.,0.));
#2825=DIRECTION('center_axis',(-0.707106781186543,0.,-0.707106781186552));
#2826=DIRECTION('ref_axis',(-0.707106781186552,0.,0.707106781186543));
#2827=DIRECTION('',(0.,1.,0.));
#2828=DIRECTION('',(-0.707106781186552,0.,0.707106781186543));
#2829=DIRECTION('center_axis',(0.707106781186047,0.,-0.707106781187048));
#2830=DIRECTION('ref_axis',(-0.707106781187048,0.,-0.707106781186047));
#2831=DIRECTION('',(0.,1.,0.));
#2832=DIRECTION('',(-0.707106781187048,0.,-0.707106781186047));
#2833=DIRECTION('center_axis',(0.70710678118653,0.,0.707106781186565));
#2834=DIRECTION('ref_axis',(0.707106781186565,0.,-0.70710678118653));
#2835=DIRECTION('',(0.707106781186565,0.,-0.70710678118653));
#2836=DIRECTION('center_axis',(0.,-1.,0.));
#2837=DIRECTION('ref_axis',(0.,0.,-1.));
#2838=DIRECTION('center_axis',(0.,-1.,0.));
#2839=DIRECTION('ref_axis',(1.,0.,0.));
#2840=DIRECTION('center_axis',(0.,1.,0.));
#2841=DIRECTION('ref_axis',(1.,0.,0.));
#2842=DIRECTION('',(0.,-1.,0.));
#2843=DIRECTION('center_axis',(0.,1.,0.));
#2844=DIRECTION('ref_axis',(1.,0.,0.));
#2845=DIRECTION('',(0.,-1.,0.));
#2846=DIRECTION('center_axis',(0.,1.,0.));
#2847=DIRECTION('ref_axis',(1.,0.,0.));
#2848=DIRECTION('',(0.,-1.,0.));
#2849=DIRECTION('center_axis',(0.,1.,0.));
#2850=DIRECTION('ref_axis',(1.16167675960844E-13,0.,1.));
#2851=DIRECTION('center_axis',(0.,1.,0.));
#2852=DIRECTION('ref_axis',(1.,0.,0.));
#2853=DIRECTION('',(0.,-1.,0.));
#2854=DIRECTION('center_axis',(0.,1.,0.));
#2855=DIRECTION('ref_axis',(1.,0.,0.));
#2856=DIRECTION('',(0.,-1.,0.));
#2857=DIRECTION('center_axis',(0.,1.,0.));
#2858=DIRECTION('ref_axis',(1.,0.,0.));
#2859=DIRECTION('',(0.,-1.,0.));
#2860=DIRECTION('center_axis',(0.407683085491979,0.,0.913123486612703));
#2861=DIRECTION('ref_axis',(0.913123486612703,0.,-0.407683085491979));
#2862=DIRECTION('',(0.,1.,0.));
#2863=DIRECTION('center_axis',(0.,1.,0.));
#2864=DIRECTION('ref_axis',(-0.987729002848402,0.,0.156177517370785));
#2865=DIRECTION('center_axis',(0.,0.,-1.));
#2866=DIRECTION('ref_axis',(-1.,0.,0.));
#2867=DIRECTION('center_axis',(-1.,0.,-3.44169020689581E-13));
#2868=DIRECTION('ref_axis',(-3.44169020689581E-13,0.,1.));
#2869=DIRECTION('',(0.,1.,0.));
#2870=DIRECTION('center_axis',(0.,1.,0.));
#2871=DIRECTION('ref_axis',(0.,0.,-1.));
#2872=CARTESIAN_POINT('',(0.,0.,0.));
#2873=CARTESIAN_POINT('Origin',(210.799995288662,-16.5125,-94.5818685702178));
#2874=CARTESIAN_POINT('',(210.799995288662,-19.2378553250589,-93.4527368896008));
#2875=CARTESIAN_POINT('',(210.799995288662,-13.7871446749411,-93.4527368896008));
#2876=CARTESIAN_POINT('Ctrl Pts',(210.799995288247,-19.2378553250589,-93.4527368896008));
#2877=CARTESIAN_POINT('Ctrl Pts',(210.799995288247,-19.0905348553412,-93.0971533615431));
#2878=CARTESIAN_POINT('Ctrl Pts',(210.839724431671,-18.8692803397339,-92.7710970918494));
#2879=CARTESIAN_POINT('Ctrl Pts',(210.940088984997,-18.3532672115165,-92.246466937756));
#2880=CARTESIAN_POINT('Ctrl Pts',(211.008121434848,-18.0211841331343,-92.015996972436));
#2881=CARTESIAN_POINT('Ctrl Pts',(211.111246990843,-17.2898716678708,-91.7086272922907));
#2882=CARTESIAN_POINT('Ctrl Pts',(211.143339990347,-16.8901631259742,-91.6318685702178));
#2883=CARTESIAN_POINT('Ctrl Pts',(211.143339990347,-16.1348368740258,-91.6318685702178));
#2884=CARTESIAN_POINT('Ctrl Pts',(211.111246990843,-15.7351283321292,-91.7086272922907));
#2885=CARTESIAN_POINT('Ctrl Pts',(211.008121434848,-15.0038158668657,-92.015996972436));
#2886=CARTESIAN_POINT('Ctrl Pts',(210.940088984997,-14.6717327884835,-92.246466937756));
#2887=CARTESIAN_POINT('Ctrl Pts',(210.839724431671,-14.1557196602661,-92.7710970918494));
#2888=CARTESIAN_POINT('Ctrl Pts',(210.799995288247,-13.9344651446588,-93.0971533615431));
#2889=CARTESIAN_POINT('Ctrl Pts',(210.799995288247,-13.7871446749411,-93.4527368896008));
#2890=CARTESIAN_POINT('Origin',(210.799995288662,-16.5125,-94.5818685702178));
#2891=CARTESIAN_POINT('Origin',(210.799995288662,10.9875,-94.5818685702178));
#2892=CARTESIAN_POINT('',(210.799995288662,7.63468639142476,-93.4527368896008));
#2893=CARTESIAN_POINT('',(210.799995288662,14.3403136085752,-93.4527368896008));
#2894=CARTESIAN_POINT('Ctrl Pts',(210.799995288247,7.63468639142476,-93.4527368896008));
#2895=CARTESIAN_POINT('Ctrl Pts',(210.799995288247,7.65793775841685,-93.3836948983014));
#2896=CARTESIAN_POINT('Ctrl Pts',(210.801427991111,7.68336116667231,-93.3152639669449));
#2897=CARTESIAN_POINT('Ctrl Pts',(210.821944516105,7.88689840246533,-92.8153943210163));
#2898=CARTESIAN_POINT('Ctrl Pts',(210.89719145505,8.15354837132868,-92.4197413979657));
#2899=CARTESIAN_POINT('Ctrl Pts',(211.073870782119,8.77246057965377,-91.7868722686872));
#2900=CARTESIAN_POINT('Ctrl Pts',(211.188451336452,9.16965776735697,-91.5095936826062));
#2901=CARTESIAN_POINT('Ctrl Pts',(211.363271386026,10.0474215634025,-91.1380815055223));
#2902=CARTESIAN_POINT('Ctrl Pts',(211.418427754866,10.5290701766553,-91.0440306081257));
#2903=CARTESIAN_POINT('Ctrl Pts',(211.418427754866,11.4459298233447,-91.0440306081257));
#2904=CARTESIAN_POINT('Ctrl Pts',(211.363271386026,11.9275784365975,-91.1380815055223));
#2905=CARTESIAN_POINT('Ctrl Pts',(211.188451336452,12.805342232643,-91.5095936826062));
#2906=CARTESIAN_POINT('Ctrl Pts',(211.073870782119,13.2025394203462,-91.7868722686872));
#2907=CARTESIAN_POINT('Ctrl Pts',(210.89719145505,13.8214516286713,-92.4197413979657));
#2908=CARTESIAN_POINT('Ctrl Pts',(210.821944516105,14.0881015975347,-92.8153943210163));
#2909=CARTESIAN_POINT('Ctrl Pts',(210.801427991111,14.2916388333277,-93.3152639669449));
#2910=CARTESIAN_POINT('Ctrl Pts',(210.799995288247,14.3170622415831,-93.3836948983014));
#2911=CARTESIAN_POINT('Ctrl Pts',(210.799995288247,14.3403136085752,-93.4527368896008));
#2912=CARTESIAN_POINT('Origin',(210.799995288662,10.9875,-94.5818685702178));
#2913=CARTESIAN_POINT('Origin',(210.79999528826,-25.2625,-90.6651370687347));
#2914=CARTESIAN_POINT('',(210.799995288245,-24.5290268198431,-93.4527368895786));
#2915=CARTESIAN_POINT('',(210.799995288247,0.,-93.4527368895786));
#2916=CARTESIAN_POINT('',(210.799995288225,-16.7625,-98.4986000716952));
#2917=CARTESIAN_POINT('Origin',(210.79999528826,-16.7625,-89.9986000716952));
#2918=CARTESIAN_POINT('',(210.799995288225,11.2375,-98.4986000716952));
#2919=CARTESIAN_POINT('',(210.799995288225,-25.2625,-98.4986000716952));
#2920=CARTESIAN_POINT('',(210.799995288245,19.0040268198431,-93.4527368895786));
#2921=CARTESIAN_POINT('Origin',(210.79999528826,11.2375,-89.9986000716952));
#2922=CARTESIAN_POINT('',(210.799995288247,0.,-93.4527368895786));
#2923=CARTESIAN_POINT('',(210.799995288247,0.,-93.4527368895786));
#2924=CARTESIAN_POINT('',(210.79999528826,-16.5125,-93.0818685702178));
#2925=CARTESIAN_POINT('Origin',(210.79999528826,-16.5125,-94.5818685702178));
#2926=CARTESIAN_POINT('',(210.79999528826,10.9875,-93.0818685702178));
#2927=CARTESIAN_POINT('Origin',(210.79999528826,10.9875,-94.5818685702178));
#2928=CARTESIAN_POINT('Origin',(203.017672632678,-19.2625,-91.8318685702178));
#2929=CARTESIAN_POINT('',(203.017672632683,-19.2625,-93.4527368895886));
#2930=CARTESIAN_POINT('',(203.017672632696,-19.2625,-97.3318685702178));
#2931=CARTESIAN_POINT('',(203.017672632689,-19.2625,-95.1652343209556));
#2932=CARTESIAN_POINT('',(202.747660570428,-19.2625,-91.8318685702178));
#2933=CARTESIAN_POINT('Origin',(198.017672632683,-19.2625,-93.4527368896053));
#2934=CARTESIAN_POINT('',(204.917672632678,-19.2625,-91.8318685702178));
#2935=CARTESIAN_POINT('',(203.017672632678,-19.2625,-91.8318685702178));
#2936=CARTESIAN_POINT('',(204.917672632696,-19.2625,-97.3318685702178));
#2937=CARTESIAN_POINT('',(204.917672632692,-19.2625,-95.9568685702309));
#2938=CARTESIAN_POINT('',(203.017672632696,-19.2625,-97.3318685702178));
#2939=CARTESIAN_POINT('Origin',(203.017672632678,-13.7625,-91.8318685702178));
#2940=CARTESIAN_POINT('',(202.747660570428,-17.525,-91.8318685702178));
#2941=CARTESIAN_POINT('',(202.747660570428,0.,-91.8318685702178));
#2942=CARTESIAN_POINT('',(202.197072284392,-13.7625,-91.8318685702178));
#2943=CARTESIAN_POINT('Ctrl Pts',(202.197072284392,-13.7625,-91.8318685702178));
#2944=CARTESIAN_POINT('Ctrl Pts',(202.337675485026,-14.1608106609758,-91.8318685702178));
#2945=CARTESIAN_POINT('Ctrl Pts',(202.444528777116,-14.5714501379482,-91.8318685702178));
#2946=CARTESIAN_POINT('Ctrl Pts',(202.619736750637,-15.4745863989755,-91.8318685702178));
#2947=CARTESIAN_POINT('Ctrl Pts',(202.679155247004,-15.9754552306939,-91.8318685702181));
#2948=CARTESIAN_POINT('Ctrl Pts',(202.736350891459,-16.8193909035192,-91.8318685702181));
#2949=CARTESIAN_POINT('Ctrl Pts',(202.747660570428,-17.1749053267397,-91.8318685702178));
#2950=CARTESIAN_POINT('Ctrl Pts',(202.747660570428,-17.525,-91.8318685702178));
#2951=CARTESIAN_POINT('',(204.917672632678,-13.7625,-91.8318685702178));
#2952=CARTESIAN_POINT('',(203.017672632678,-13.7625,-91.8318685702178));
#2953=CARTESIAN_POINT('',(204.917672632678,-11.0125,-91.8318685702178));
#2954=CARTESIAN_POINT('Origin',(203.017672632696,-13.7625,-97.3318685702178));
#2955=CARTESIAN_POINT('',(203.017672632696,-13.7625,-97.3318685702178));
#2956=CARTESIAN_POINT('',(203.01767263269,-13.7625,-95.5490744362529));
#2957=CARTESIAN_POINT('',(203.017672632698,-13.7625,-97.9152343209556));
#2958=CARTESIAN_POINT('',(204.917672632696,-13.7625,-97.3318685702178));
#2959=CARTESIAN_POINT('',(203.017672632696,-13.7625,-97.3318685702178));
#2960=CARTESIAN_POINT('',(204.917672632682,-13.7625,-93.2068685702309));
#2961=CARTESIAN_POINT('Ctrl Pts',(203.01767263269,-13.7625,-95.5490744362198));
#2962=CARTESIAN_POINT('Ctrl Pts',(203.017672632689,-13.7625,-95.2390937602319));
#2963=CARTESIAN_POINT('Ctrl Pts',(203.007620096032,-13.7625,-94.930118002093));
#2964=CARTESIAN_POINT('Ctrl Pts',(202.95217849197,-13.7625,-94.2439208386073));
#2965=CARTESIAN_POINT('Ctrl Pts',(202.899702852409,-13.7625,-93.8703424415683));
#2966=CARTESIAN_POINT('Ctrl Pts',(202.661982666012,-13.7625,-92.7994555166386));
#2967=CARTESIAN_POINT('Ctrl Pts',(202.431114325284,-13.7625,-92.254523438087));
#2968=CARTESIAN_POINT('Ctrl Pts',(202.197072284392,-13.7625,-91.8318685702178));
#2969=CARTESIAN_POINT('Origin',(203.017672632696,-19.2625,-97.3318685702178));
#2970=CARTESIAN_POINT('',(203.017672632696,-22.2625,-97.3318685702178));
#2971=CARTESIAN_POINT('',(204.917672632696,-8.2625,-97.3318685702178));
#2972=CARTESIAN_POINT('Origin',(204.917672632687,-2.7625,-94.5818685702178));
#2973=CARTESIAN_POINT('',(204.917672632687,-16.5125,-93.0818685702178));
#2974=CARTESIAN_POINT('Origin',(204.917672632687,-16.5125,-94.5818685702178));
#2975=CARTESIAN_POINT('Origin',(203.017672632696,8.2375,-97.3318685702178));
#2976=CARTESIAN_POINT('',(203.017672632696,8.2375,-97.3318685702178));
#2977=CARTESIAN_POINT('',(203.017672632696,13.7375,-97.3318685702178));
#2978=CARTESIAN_POINT('',(203.017672632696,-8.5125,-97.3318685702178));
#2979=CARTESIAN_POINT('',(204.917672632696,8.2375,-97.3318685702178));
#2980=CARTESIAN_POINT('',(203.017672632696,8.2375,-97.3318685702178));
#2981=CARTESIAN_POINT('',(204.917672632696,13.7375,-97.3318685702178));
#2982=CARTESIAN_POINT('',(204.917672632696,5.4875,-97.3318685702178));
#2983=CARTESIAN_POINT('',(203.017672632696,13.7375,-97.3318685702178));
#2984=CARTESIAN_POINT('Origin',(203.017672632678,8.2375,-91.8318685702178));
#2985=CARTESIAN_POINT('',(203.01767263269,8.2375,-95.5490744362256));
#2986=CARTESIAN_POINT('',(203.017672632689,8.2375,-95.1652343209556));
#2987=CARTESIAN_POINT('',(202.197072284392,8.2375,-91.8318685702178));
#2988=CARTESIAN_POINT('Ctrl Pts',(202.197072284392,8.2375,-91.8318685702178));
#2989=CARTESIAN_POINT('Ctrl Pts',(202.433487718341,8.2375,-92.2588095318373));
#2990=CARTESIAN_POINT('Ctrl Pts',(202.66580813356,8.23749999999999,-92.8089399307831));
#2991=CARTESIAN_POINT('Ctrl Pts',(202.968048314001,8.23749999999999,-94.1857086703828));
#2992=CARTESIAN_POINT('Ctrl Pts',(203.017672632688,8.2375,-94.8603522602919));
#2993=CARTESIAN_POINT('Ctrl Pts',(203.01767263269,8.2375,-95.5490744362199));
#2994=CARTESIAN_POINT('',(204.917672632678,8.2375,-91.8318685702178));
#2995=CARTESIAN_POINT('',(203.017672632678,8.2375,-91.8318685702178));
#2996=CARTESIAN_POINT('',(204.917672632692,8.2375,-95.9568685702309));
#2997=CARTESIAN_POINT('Origin',(203.017672632678,13.7375,-91.8318685702178));
#2998=CARTESIAN_POINT('',(202.747660570428,12.,-91.8318685702178));
#2999=CARTESIAN_POINT('Ctrl Pts',(202.747660570428,12.,-91.8318685702178));
#3000=CARTESIAN_POINT('Ctrl Pts',(202.747660570428,11.6884995436882,-91.8318685702178));
#3001=CARTESIAN_POINT('Ctrl Pts',(202.738706991923,11.3731790550735,-91.8318685702178));
#3002=CARTESIAN_POINT('Ctrl Pts',(202.696437398437,10.66528299748,-91.8318685702178));
#3003=CARTESIAN_POINT('Ctrl Pts',(202.656484125669,10.2645162299178,-91.8318685702357));
#3004=CARTESIAN_POINT('Ctrl Pts',(202.510891754741,9.31663188729533,-91.8318685702357));
#3005=CARTESIAN_POINT('Ctrl Pts',(202.383648554396,8.76604641354507,-91.8318685702178));
#3006=CARTESIAN_POINT('Ctrl Pts',(202.197072284392,8.2375,-91.8318685702178));
#3007=CARTESIAN_POINT('',(202.747660570428,13.7375,-91.8318685702178));
#3008=CARTESIAN_POINT('',(202.747660570428,0.,-91.8318685702178));
#3009=CARTESIAN_POINT('',(204.917672632678,13.7375,-91.8318685702178));
#3010=CARTESIAN_POINT('',(203.017672632678,13.7375,-91.8318685702178));
#3011=CARTESIAN_POINT('',(204.917672632678,2.7375,-91.8318685702178));
#3012=CARTESIAN_POINT('Origin',(203.017672632696,13.7375,-97.3318685702178));
#3013=CARTESIAN_POINT('',(203.017672632683,13.7375,-93.4527368895886));
#3014=CARTESIAN_POINT('',(203.017672632698,13.7375,-97.9152343209557));
#3015=CARTESIAN_POINT('',(204.917672632682,13.7375,-93.2068685702309));
#3016=CARTESIAN_POINT('Origin',(198.017672632683,13.7375,-93.4527368896053));
#3017=CARTESIAN_POINT('Origin',(204.917672632687,-2.7625,-94.5818685702178));
#3018=CARTESIAN_POINT('',(204.917672632687,10.9875,-93.0818685702178));
#3019=CARTESIAN_POINT('Origin',(204.917672632687,10.9875,-94.5818685702178));
#3020=CARTESIAN_POINT('Origin',(203.0176726327,-25.2625,-98.4986000716935));
#3021=CARTESIAN_POINT('',(203.017672632703,-12.525,-99.3536353787802));
#3022=CARTESIAN_POINT('Ctrl Pts',(203.017672632703,-12.525,-99.3536353787802));
#3023=CARTESIAN_POINT('Ctrl Pts',(203.017672632699,-12.5249999985138,-98.1339822180431));
#3024=CARTESIAN_POINT('Ctrl Pts',(203.017672632695,-12.9190078977692,-96.784379489826));
#3025=CARTESIAN_POINT('Ctrl Pts',(203.017672632691,-13.6840295740555,-95.6609296568199));
#3026=CARTESIAN_POINT('Ctrl Pts',(203.01767263269,-13.7646391010858,-95.5506409303923));
#3027=CARTESIAN_POINT('',(203.017672632657,-12.525,-101.434014793229));
#3028=CARTESIAN_POINT('',(203.017672632696,-12.525,-97.2487731085982));
#3029=CARTESIAN_POINT('',(203.017672632732,-18.7073369565217,-98.273115719908));
#3030=CARTESIAN_POINT('Origin',(203.017672632694,-22.025,-112.388465943333));
#3031=CARTESIAN_POINT('',(203.017672632716,-24.5290268198379,-93.4527368895886));
#3032=CARTESIAN_POINT('Origin',(203.017672632704,-16.7625,-89.9986000716935));
#3033=CARTESIAN_POINT('',(203.017672632683,0.,-93.4527368895886));
#3034=CARTESIAN_POINT('Ctrl Pts',(201.083590331917,12.,-89.5030345386018));
#3035=CARTESIAN_POINT('Ctrl Pts',(201.083590331917,10.3738808871676,-89.5030345386018));
#3036=CARTESIAN_POINT('Ctrl Pts',(200.823652914174,7.97115077319301,-90.091800372829));
#3037=CARTESIAN_POINT('Ctrl Pts',(199.703110381231,3.57789165689516,-92.9715325752035));
#3038=CARTESIAN_POINT('Ctrl Pts',(198.677590418264,1.99999996373513,-96.4393096601269));
#3039=CARTESIAN_POINT('Ctrl Pts',(198.017672604141,2.,-99.3536354972389));
#3040=CARTESIAN_POINT('Ctrl Pts',(201.426165661896,12.,-89.7689552774733));
#3041=CARTESIAN_POINT('Ctrl Pts',(201.426165661896,10.4286066524349,-89.7689552774733));
#3042=CARTESIAN_POINT('Ctrl Pts',(201.208707372647,8.10303528161993,-90.3273746676231));
#3043=CARTESIAN_POINT('Ctrl Pts',(200.259567485273,3.7791411273521,-93.0767689466408));
#3044=CARTESIAN_POINT('Ctrl Pts',(199.362717647364,2.09899374768528,-96.4391012797666));
#3045=CARTESIAN_POINT('Ctrl Pts',(198.765670857716,1.99999999572717,-99.3536354972364));
#3046=CARTESIAN_POINT('Ctrl Pts',(202.041362976745,12.,-90.390494416126));
#3047=CARTESIAN_POINT('Ctrl Pts',(202.041362976745,10.5565544165842,-90.390494416126));
#3048=CARTESIAN_POINT('Ctrl Pts',(201.90390387769,8.41508366537933,-90.8971786310258));
#3049=CARTESIAN_POINT('Ctrl Pts',(201.293285223276,4.33946509424271,-93.4075617947204));
#3050=CARTESIAN_POINT('Ctrl Pts',(200.685108430176,2.58014988490033,-96.5272893529218));
#3051=CARTESIAN_POINT('Ctrl Pts',(200.25835361429,2.3424191178226,-99.3536354934134));
#3052=CARTESIAN_POINT('Ctrl Pts',(202.80294930321,12.,-91.7185212986827));
#3053=CARTESIAN_POINT('Ctrl Pts',(202.80294930321,10.829938403276,-91.7185212986827));
#3054=CARTESIAN_POINT('Ctrl Pts',(202.77154836194,9.09239375743482,-92.1615118464342));
#3055=CARTESIAN_POINT('Ctrl Pts',(202.6281387555,5.7594681479511,-94.3255635320158));
#3056=CARTESIAN_POINT('Ctrl Pts',(202.475687652989,4.26373129145822,-96.9583331672123));
#3057=CARTESIAN_POINT('Ctrl Pts',(202.361137351666,4.01512569502699,-99.3536354747554));
#3058=CARTESIAN_POINT('Ctrl Pts',(203.017672632681,12.,-92.8022283837555));
#3059=CARTESIAN_POINT('Ctrl Pts',(203.017672632681,11.0530102513867,-92.8022283837555));
#3060=CARTESIAN_POINT('Ctrl Pts',(203.016429580398,9.65084424054523,-93.2159909903527));
#3061=CARTESIAN_POINT('Ctrl Pts',(203.017731698409,7.02746449869171,-95.1784431793671));
#3062=CARTESIAN_POINT('Ctrl Pts',(203.015707564583,5.97294004610044,-97.437973883976));
#3063=CARTESIAN_POINT('Ctrl Pts',(203.017672632703,5.87800261963768,-99.3536354539818));
#3064=CARTESIAN_POINT('Ctrl Pts',(203.017672632683,12.,-93.4527368895886));
#3065=CARTESIAN_POINT('Ctrl Pts',(203.017672632683,11.1869404435834,-93.4527368895886));
#3066=CARTESIAN_POINT('Ctrl Pts',(203.017672632685,9.98557538659641,-93.8491238687303));
#3067=CARTESIAN_POINT('Ctrl Pts',(203.017672632691,7.78894582844732,-95.6910983807125));
#3068=CARTESIAN_POINT('Ctrl Pts',(203.017672632698,6.99999998186756,-97.7274312152053));
#3069=CARTESIAN_POINT('Ctrl Pts',(203.017672632703,6.99999999999999,-99.3536354414713));
#3070=CARTESIAN_POINT('',(203.017672632703,7.,-99.3536354414713));
#3071=CARTESIAN_POINT('Ctrl Pts',(203.01767263269,8.23898606584157,-95.5501592873986));
#3072=CARTESIAN_POINT('Ctrl Pts',(203.017672632694,7.43845376754889,-96.64084145414));
#3073=CARTESIAN_POINT('Ctrl Pts',(203.017672632699,6.99999998488704,-97.9982325534682));
#3074=CARTESIAN_POINT('Ctrl Pts',(203.017672632703,6.99999999999999,-99.3536354414713));
#3075=CARTESIAN_POINT('',(198.017672632703,2.,-99.3536353711049));
#3076=CARTESIAN_POINT('Origin',(198.017672632703,6.99999999999999,-99.3536354414881));
#3077=CARTESIAN_POINT('',(201.083590331917,12.,-89.5030345386019));
#3078=CARTESIAN_POINT('Ctrl Pts',(198.017672632703,1.99999999999999,-99.3536353711049));
#3079=CARTESIAN_POINT('Ctrl Pts',(198.677590441937,2.00000000015766,-96.43930958008));
#3080=CARTESIAN_POINT('Ctrl Pts',(199.703110390469,3.57789169311293,-92.9715325514631));
#3081=CARTESIAN_POINT('Ctrl Pts',(200.823652914174,7.97115077319301,-90.091800372829));
#3082=CARTESIAN_POINT('Ctrl Pts',(201.083590331917,10.3738808871676,-89.5030345386018));
#3083=CARTESIAN_POINT('Ctrl Pts',(201.083590331917,12.,-89.5030345386018));
#3084=CARTESIAN_POINT('Origin',(198.017672632683,12.,-93.4527368896053));
#3085=CARTESIAN_POINT('Ctrl Pts',(198.017672629582,-7.525,-99.3536353848898));
#3086=CARTESIAN_POINT('Ctrl Pts',(198.512610988998,-7.52499999702752,-97.167891025294));
#3087=CARTESIAN_POINT('Ctrl Pts',(199.468052038222,-8.70627143791599,-93.6590926540111));
#3088=CARTESIAN_POINT('Ctrl Pts',(200.726440297649,-12.6944641040205,-90.2936327724861));
#3089=CARTESIAN_POINT('Ctrl Pts',(201.083590331917,-15.8988808991081,-89.5030345386018));
#3090=CARTESIAN_POINT('Ctrl Pts',(201.083590331917,-17.525,-89.5030345386018));
#3091=CARTESIAN_POINT('Ctrl Pts',(198.765670880734,-7.52499999953303,-99.3536353848873));
#3092=CARTESIAN_POINT('Ctrl Pts',(199.213455971528,-7.59924533707168,-97.1677347414994));
#3093=CARTESIAN_POINT('Ctrl Pts',(200.057469324034,-8.89270997061579,-93.736079788949));
#3094=CARTESIAN_POINT('Ctrl Pts',(201.128052431529,-12.8538758144018,-90.5184504689468));
#3095=CARTESIAN_POINT('Ctrl Pts',(201.426165661896,-15.9536066639737,-89.7689552774733));
#3096=CARTESIAN_POINT('Ctrl Pts',(201.426165661896,-17.525,-89.7689552774733));
#3097=CARTESIAN_POINT('Ctrl Pts',(200.258352380155,-7.86741980297623,-99.353635384465));
#3098=CARTESIAN_POINT('Ctrl Pts',(200.57841849062,-8.04571789997368,-97.2338758002426));
#3099=CARTESIAN_POINT('Ctrl Pts',(201.159958790805,-9.44857645705007,-94.0109650101001));
#3100=CARTESIAN_POINT('Ctrl Pts',(201.853646526832,-13.2298074563647,-91.0708387384073));
#3101=CARTESIAN_POINT('Ctrl Pts',(202.041362811398,-16.0815544271836,-90.3904944669515));
#3102=CARTESIAN_POINT('Ctrl Pts',(202.041362811398,-17.525,-90.3904944669515));
#3103=CARTESIAN_POINT('Ctrl Pts',(202.361134674054,-9.54012669302871,-99.3536353824197));
#3104=CARTESIAN_POINT('Ctrl Pts',(202.447047399523,-9.72658090777795,-97.5571586699667));
#3105=CARTESIAN_POINT('Ctrl Pts',(202.595867293345,-10.9361311049424,-94.8384010008529));
#3106=CARTESIAN_POINT('Ctrl Pts',(202.760282388449,-14.0420105132343,-92.3154369978421));
#3107=CARTESIAN_POINT('Ctrl Pts',(202.802948978515,-16.3549384118682,-91.7185213682306));
#3108=CARTESIAN_POINT('Ctrl Pts',(202.802948978515,-17.525,-91.7185213682306));
#3109=CARTESIAN_POINT('Ctrl Pts',(203.017672632703,-11.403002623272,-99.3536353801474));
#3110=CARTESIAN_POINT('Ctrl Pts',(203.01619883163,-11.4742057072125,-97.9168892151043));
#3111=CARTESIAN_POINT('Ctrl Pts',(203.017308332772,-12.2978822680914,-95.6329915969472));
#3112=CARTESIAN_POINT('Ctrl Pts',(203.016074277255,-14.7096423049868,-93.3617356196179));
#3113=CARTESIAN_POINT('Ctrl Pts',(203.017672632681,-16.578010258341,-92.8022283837555));
#3114=CARTESIAN_POINT('Ctrl Pts',(203.017672632681,-17.525,-92.8022283837555));
#3115=CARTESIAN_POINT('Ctrl Pts',(203.017672632703,-12.525,-99.3536353787802));
#3116=CARTESIAN_POINT('Ctrl Pts',(203.017672632699,-12.5249999985138,-98.1339822180431));
#3117=CARTESIAN_POINT('Ctrl Pts',(203.017672632692,-13.1156357189582,-96.1108664855904));
#3118=CARTESIAN_POINT('Ctrl Pts',(203.017672632685,-15.1097320520103,-93.9899796287902));
#3119=CARTESIAN_POINT('Ctrl Pts',(203.017672632683,-16.7119404495543,-93.4527368895885));
#3120=CARTESIAN_POINT('Ctrl Pts',(203.017672632683,-17.525,-93.4527368895885));
#3121=CARTESIAN_POINT('',(201.083590331917,-17.525,-89.5030345386018));
#3122=CARTESIAN_POINT('Origin',(198.017672632683,-17.525,-93.4527368896053));
#3123=CARTESIAN_POINT('',(198.017672632703,-7.525,-99.3536353711049));
#3124=CARTESIAN_POINT('Ctrl Pts',(201.083590331917,-17.525,-89.5030345386018));
#3125=CARTESIAN_POINT('Ctrl Pts',(201.083590331917,-17.2894625326949,-89.5030345386018));
#3126=CARTESIAN_POINT('Ctrl Pts',(201.079841783187,-17.0541122861966,-89.5113322206241));
#3127=CARTESIAN_POINT('Ctrl Pts',(201.072594355954,-16.8197490955934,-89.5276281355869));
#3128=CARTESIAN_POINT('Ctrl Pts',(201.065186976214,-16.5802134515642,-89.5442837054126));
#3129=CARTESIAN_POINT('Ctrl Pts',(201.054124751416,-16.3417095497275,-89.5692943012155));
#3130=CARTESIAN_POINT('Ctrl Pts',(201.039697265551,-16.1050897749165,-89.602289824164));
#3131=CARTESIAN_POINT('Ctrl Pts',(201.025031887983,-15.8645684276643,-89.6358294031751));
#3132=CARTESIAN_POINT('Ctrl Pts',(201.006889595096,-15.6259945762911,-89.6776191602157));
#3133=CARTESIAN_POINT('Ctrl Pts',(200.985594816298,-15.390251430944,-89.7272219637067));
#3134=CARTESIAN_POINT('Ctrl Pts',(200.965913743669,-15.1723727664408,-89.7730658950936));
#3135=CARTESIAN_POINT('Ctrl Pts',(200.943540266897,-14.9569123449831,-89.8255828560397));
#3136=CARTESIAN_POINT('Ctrl Pts',(200.918742686166,-14.7445504001111,-89.8843949789475));
#3137=CARTESIAN_POINT('Ctrl Pts',(200.912370710319,-14.6899819646561,-89.899507317153));
#3138=CARTESIAN_POINT('Ctrl Pts',(200.905838725988,-14.6356180106999,-89.9150351640246));
#3139=CARTESIAN_POINT('Ctrl Pts',(200.899151383718,-14.5814698449216,-89.9309718069593));
#3140=CARTESIAN_POINT('Ctrl Pts',(200.892560490768,-14.5281026401774,-89.9466786009791));
#3141=CARTESIAN_POINT('Ctrl Pts',(200.885819420618,-14.474950395771,-89.9627807242717));
#3142=CARTESIAN_POINT('Ctrl Pts',(200.878928394699,-14.4219918784597,-89.9792818732465));
#3143=CARTESIAN_POINT('Ctrl Pts',(200.834451687935,-14.0801820415907,-90.0857851389263));
#3144=CARTESIAN_POINT('Ctrl Pts',(200.783753441806,-13.7466461156355,-90.2088505023657));
#3145=CARTESIAN_POINT('Ctrl Pts',(200.727846023529,-13.4236980572499,-90.3472093955013));
#3146=CARTESIAN_POINT('Ctrl Pts',(200.698595067974,-13.2547305106552,-90.4195992492739));
#3147=CARTESIAN_POINT('Ctrl Pts',(200.667917876944,-13.0886616999819,-90.4961763084668));
#3148=CARTESIAN_POINT('Ctrl Pts',(200.635958054869,-12.9258264933489,-90.57676319709));
#3149=CARTESIAN_POINT('Ctrl Pts',(200.572787667445,-12.60397354106,-90.7360477188802));
#3150=CARTESIAN_POINT('Ctrl Pts',(200.504606649677,-12.2947511604279,-90.9109956980849));
#3151=CARTESIAN_POINT('Ctrl Pts',(200.432431279378,-11.9985503208795,-91.1003408814585));
#3152=CARTESIAN_POINT('Ctrl Pts',(200.396380737292,-11.8506023326999,-91.1949160318677));
#3153=CARTESIAN_POINT('Ctrl Pts',(200.359333557933,-11.7059036586396,-91.2930836226598));
#3154=CARTESIAN_POINT('Ctrl Pts',(200.321416082113,-11.5645069155581,-91.3946887091243));
#3155=CARTESIAN_POINT('Ctrl Pts',(200.244957587396,-11.2793881965479,-91.5995697514056));
#3156=CARTESIAN_POINT('Ctrl Pts',(200.165110344431,-11.0081820631267,-91.8180863472206));
#3157=CARTESIAN_POINT('Ctrl Pts',(200.08293398154,-10.7512260203562,-92.0488314246252));
#3158=CARTESIAN_POINT('Ctrl Pts',(199.9983536877,-10.4867531617772,-92.2863265602377));
#3159=CARTESIAN_POINT('Ctrl Pts',(199.911305677602,-10.2373758314295,-92.536776448633));
#3160=CARTESIAN_POINT('Ctrl Pts',(199.822928076773,-10.003492919639,-92.7986899836649));
#3161=CARTESIAN_POINT('Ctrl Pts',(199.762118955128,-9.84256736496826,-92.9789022983573));
#3162=CARTESIAN_POINT('Ctrl Pts',(199.700679997121,-9.68897793634232,-93.1645427304496));
#3163=CARTESIAN_POINT('Ctrl Pts',(199.638978821621,-9.54286447894594,-93.3551353259148));
#3164=CARTESIAN_POINT('Ctrl Pts',(199.549253793163,-9.33038823328387,-93.6322925423482));
#3165=CARTESIAN_POINT('Ctrl Pts',(199.45897431311,-9.13371914029565,-93.9199210743436));
#3166=CARTESIAN_POINT('Ctrl Pts',(199.36851303674,-8.9532741598032,-94.216758268987));
#3167=CARTESIAN_POINT('Ctrl Pts',(199.26067711091,-8.73817160638403,-94.5706081701776));
#3168=CARTESIAN_POINT('Ctrl Pts',(199.152603867371,-8.54605362022987,-94.9377164945384));
#3169=CARTESIAN_POINT('Ctrl Pts',(199.045034404907,-8.37784610584535,-95.3157391750461));
#3170=CARTESIAN_POINT('Ctrl Pts',(198.9357687417,-8.20698622429064,-95.69972267693));
#3171=CARTESIAN_POINT('Ctrl Pts',(198.82702308996,-8.0607971294407,-96.09496681306));
#3172=CARTESIAN_POINT('Ctrl Pts',(198.719576729261,-7.94020826015952,-96.4989790903919));
#3173=CARTESIAN_POINT('Ctrl Pts',(198.611033410474,-7.81838825624951,-96.9071160726659));
#3174=CARTESIAN_POINT('Ctrl Pts',(198.503816282599,-7.72269417897173,-97.3242004221073));
#3175=CARTESIAN_POINT('Ctrl Pts',(198.398727891824,-7.6540381052137,-97.7476367100536));
#3176=CARTESIAN_POINT('Ctrl Pts',(198.346681919936,-7.62003556641316,-97.9573473448504));
#3177=CARTESIAN_POINT('Ctrl Pts',(198.295158052618,-7.59266421234773,-98.1686156648624));
#3178=CARTESIAN_POINT('Ctrl Pts',(198.244253433947,-7.57203035221376,-98.3811249157472));
#3179=CARTESIAN_POINT('Ctrl Pts',(198.178861410622,-7.54552411568022,-98.6541140914491));
#3180=CARTESIAN_POINT('Ctrl Pts',(198.114509098976,-7.53014693936853,-98.9290787971889));
#3181=CARTESIAN_POINT('Ctrl Pts',(198.051428983577,-7.52608995187541,-99.2052158006414));
#3182=CARTESIAN_POINT('Ctrl Pts',(198.040135669884,-7.52536362421857,-99.2546529613482));
#3183=CARTESIAN_POINT('Ctrl Pts',(198.028883116011,-7.52500000000017,-99.3041276896477));
#3184=CARTESIAN_POINT('Ctrl Pts',(198.017672632703,-7.525,-99.3536353711049));
#3185=CARTESIAN_POINT('Origin',(198.017672632703,-12.525,-99.3536353711049));
#3186=CARTESIAN_POINT('Origin',(198.017672632683,0.,-93.4527368896053));
#3187=CARTESIAN_POINT('',(201.632771364842,-25.2625,-89.9986000717092));
#3188=CARTESIAN_POINT('Ctrl Pts',(203.017672632683,-24.5290268198295,-93.4527368896075));
#3189=CARTESIAN_POINT('Ctrl Pts',(203.017672632684,-24.7895037050679,-92.8670621402294));
#3190=CARTESIAN_POINT('Ctrl Pts',(202.906720911461,-24.9931889712442,-92.2122647545248));
#3191=CARTESIAN_POINT('Ctrl Pts',(202.422806407578,-25.224496708416,-91.0028330866183));
#3192=CARTESIAN_POINT('Ctrl Pts',(202.06006394387,-25.2624999999991,-90.4458043783541));
#3193=CARTESIAN_POINT('Ctrl Pts',(201.632771364842,-25.2625,-89.9986000717092));
#3194=CARTESIAN_POINT('',(201.083590331917,-25.2625,-89.5030345386019));
#3195=CARTESIAN_POINT('Origin',(198.017672632683,-25.2625,-93.4527368896053));
#3196=CARTESIAN_POINT('',(201.083590331917,0.,-89.5030345386019));
#3197=CARTESIAN_POINT('Origin',(198.017672632696,-12.525,-97.248773108615));
#3198=CARTESIAN_POINT('',(198.017672632747,-7.525,-112.388465943331));
#3199=CARTESIAN_POINT('',(198.017672632696,-7.525,-97.248773108615));
#3200=CARTESIAN_POINT('Ctrl Pts',(198.017672632747,-7.525,-112.388465943331));
#3201=CARTESIAN_POINT('Ctrl Pts',(199.139140228618,-7.525,-110.478675444625));
#3202=CARTESIAN_POINT('Ctrl Pts',(200.345969299316,-7.920220448274,-108.436408859514));
#3203=CARTESIAN_POINT('Ctrl Pts',(201.786142367652,-9.17767482333066,-105.585892954232));
#3204=CARTESIAN_POINT('Ctrl Pts',(202.204162079253,-9.70331514829184,-104.671305072711));
#3205=CARTESIAN_POINT('Ctrl Pts',(202.817476043861,-10.9595969022776,-102.957912177724));
#3206=CARTESIAN_POINT('Ctrl Pts',(203.017672632713,-11.6884119474412,-102.159526860462));
#3207=CARTESIAN_POINT('Ctrl Pts',(203.01767263271,-12.525,-101.434014793229));
#3208=CARTESIAN_POINT('Origin',(198.017672632683,0.,-93.4527368896053));
#3209=CARTESIAN_POINT('',(201.083590331917,19.7375,-89.5030345386019));
#3210=CARTESIAN_POINT('',(201.083590331917,0.,-89.5030345386019));
#3211=CARTESIAN_POINT('',(201.632771364885,19.7375,-89.9986000717549));
#3212=CARTESIAN_POINT('Origin',(198.017672632683,19.7375,-93.4527368896053));
#3213=CARTESIAN_POINT('',(203.017672632716,19.0040268198379,-93.4527368895886));
#3214=CARTESIAN_POINT('Ctrl Pts',(201.632771364885,19.7375,-89.9986000717549));
#3215=CARTESIAN_POINT('Ctrl Pts',(202.056752390327,19.7374999999968,-90.442338507254));
#3216=CARTESIAN_POINT('Ctrl Pts',(202.416239815996,19.7001704914913,-90.9927501330653));
#3217=CARTESIAN_POINT('Ctrl Pts',(202.904492292784,19.4717993537955,-92.2001603608649));
#3218=CARTESIAN_POINT('Ctrl Pts',(203.017672632684,19.2670756407165,-92.8612792172456));
#3219=CARTESIAN_POINT('Ctrl Pts',(203.017672632683,19.0040268198295,-93.4527368896076));
#3220=CARTESIAN_POINT('',(203.017672632683,0.,-93.4527368895886));
#3221=CARTESIAN_POINT('Origin',(206.908833960462,0.,-81.9986000716952));
#3222=CARTESIAN_POINT('',(197.723833960459,12.,-84.424661694974));
#3223=CARTESIAN_POINT('Origin',(206.908833960462,12.,-81.9986000716952));
#3224=CARTESIAN_POINT('',(197.723833960459,19.7375,-84.424661694974));
#3225=CARTESIAN_POINT('',(197.723833960459,2.,-84.424661694974));
#3226=CARTESIAN_POINT('Origin',(206.908833960462,19.7375,-81.9986000716952));
#3227=CARTESIAN_POINT('Origin',(206.908833960462,12.,-81.9986000716952));
#3228=CARTESIAN_POINT('',(191.923833960464,2.,-94.4765716616634));
#3229=CARTESIAN_POINT('Origin',(206.908833960462,2.,-81.9986000716952));
#3230=CARTESIAN_POINT('Ctrl Pts',(191.923833960464,2.,-94.4765716616634));
#3231=CARTESIAN_POINT('Ctrl Pts',(192.555637825316,2.,-93.9694767655994));
#3232=CARTESIAN_POINT('Ctrl Pts',(193.144552493702,2.09819727386273,-93.4174694416098));
#3233=CARTESIAN_POINT('Ctrl Pts',(194.534283935962,2.60131043400198,-91.9071440560291));
#3234=CARTESIAN_POINT('Ctrl Pts',(195.219025498818,3.13601972415288,-90.9444561291783));
#3235=CARTESIAN_POINT('Ctrl Pts',(196.578936495032,4.89157835054032,-88.5895592044454));
#3236=CARTESIAN_POINT('Ctrl Pts',(197.025217688938,6.2443707760843,-87.3297117216311));
#3237=CARTESIAN_POINT('Ctrl Pts',(197.494704598028,8.43376763762279,-85.6907787872391));
#3238=CARTESIAN_POINT('Ctrl Pts',(197.636827122745,9.59512893058737,-84.9558817204467));
#3239=CARTESIAN_POINT('Ctrl Pts',(197.713131372807,11.1385071427338,-84.4966126608781));
#3240=CARTESIAN_POINT('Ctrl Pts',(197.72383396046,11.561523320741,-84.424661694974));
#3241=CARTESIAN_POINT('Ctrl Pts',(197.72383396046,12.,-84.424661694974));
#3242=CARTESIAN_POINT('Origin',(198.017672632696,7.,-97.248773108615));
#3243=CARTESIAN_POINT('',(203.017672632657,7.,-101.434014793229));
#3244=CARTESIAN_POINT('',(203.017672632696,7.,-97.2487731085982));
#3245=CARTESIAN_POINT('',(198.017672632747,2.,-112.388465943331));
#3246=CARTESIAN_POINT('Ctrl Pts',(203.01767263271,7.00000000000001,-101.434014793229));
#3247=CARTESIAN_POINT('Ctrl Pts',(203.017672632713,6.1634119474412,-102.159526860462));
#3248=CARTESIAN_POINT('Ctrl Pts',(202.817476043861,5.43459690227758,-102.957912177724));
#3249=CARTESIAN_POINT('Ctrl Pts',(202.204162079253,4.17831514829184,-104.671305072711));
#3250=CARTESIAN_POINT('Ctrl Pts',(201.786142367652,3.65267482333066,-105.585892954232));
#3251=CARTESIAN_POINT('Ctrl Pts',(200.345969299316,2.395220448274,-108.436408859514));
#3252=CARTESIAN_POINT('Ctrl Pts',(199.139140228618,2.,-110.478675444625));
#3253=CARTESIAN_POINT('Ctrl Pts',(198.017672632747,2.,-112.388465943331));
#3254=CARTESIAN_POINT('',(198.017672632696,2.,-97.248773108615));
#3255=CARTESIAN_POINT('Origin',(203.0176726327,-25.2625,-98.4986000716935));
#3256=CARTESIAN_POINT('',(203.017672632732,13.1823369565217,-98.273115719908));
#3257=CARTESIAN_POINT('Origin',(203.017672632704,11.2375,-89.9986000716935));
#3258=CARTESIAN_POINT('Origin',(203.017672632694,16.5,-112.388465943333));
#3259=CARTESIAN_POINT('Origin',(215.799995288247,0.,-93.4527368896008));
#3260=CARTESIAN_POINT('',(212.184896556082,19.7375,-89.9986000717115));
#3261=CARTESIAN_POINT('Ctrl Pts',(210.799995288247,19.0040268198333,-93.4527368896008));
#3262=CARTESIAN_POINT('Ctrl Pts',(210.799995288247,19.264503705071,-92.8670621402224));
#3263=CARTESIAN_POINT('Ctrl Pts',(210.910947009471,19.4681889712465,-92.2122647545178));
#3264=CARTESIAN_POINT('Ctrl Pts',(211.394861513353,19.6994967084163,-91.0028330866154));
#3265=CARTESIAN_POINT('Ctrl Pts',(211.757603977058,19.7374999999991,-90.4458043783547));
#3266=CARTESIAN_POINT('Ctrl Pts',(212.184896556082,19.7375,-89.9986000717115));
#3267=CARTESIAN_POINT('',(212.734077589011,19.7375,-89.5030345385989));
#3268=CARTESIAN_POINT('Origin',(215.799995288247,19.7375,-93.4527368896008));
#3269=CARTESIAN_POINT('',(212.734077589011,-25.2625,-89.5030345385989));
#3270=CARTESIAN_POINT('',(212.734077589011,0.,-89.5030345385989));
#3271=CARTESIAN_POINT('',(212.184896556082,-25.2625,-89.9986000717115));
#3272=CARTESIAN_POINT('Origin',(215.799995288247,-25.2625,-93.4527368896008));
#3273=CARTESIAN_POINT('Ctrl Pts',(212.184896556082,-25.2625,-89.9986000717115));
#3274=CARTESIAN_POINT('Ctrl Pts',(211.757603977058,-25.2624999999991,-90.4458043783547));
#3275=CARTESIAN_POINT('Ctrl Pts',(211.394861513353,-25.2244967084163,-91.0028330866154));
#3276=CARTESIAN_POINT('Ctrl Pts',(210.910947009471,-24.9931889712465,-92.2122647545178));
#3277=CARTESIAN_POINT('Ctrl Pts',(210.799995288247,-24.789503705071,-92.8670621402224));
#3278=CARTESIAN_POINT('Ctrl Pts',(210.799995288247,-24.5290268198333,-93.4527368896008));
#3279=CARTESIAN_POINT('Origin',(206.608833960451,16.5,-112.388465943334));
#3280=CARTESIAN_POINT('',(206.308833960461,13.1823369565217,-98.2731157199095));
#3281=CARTESIAN_POINT('',(206.608833960457,13.1823369565217,-98.2731157199096));
#3282=CARTESIAN_POINT('',(206.308833960459,12.3380742362333,-98.4986000715235));
#3283=CARTESIAN_POINT('Origin',(206.308833960453,16.5,-112.388465943334));
#3284=CARTESIAN_POINT('',(204.573886074915,2.,-112.388465943334));
#3285=CARTESIAN_POINT('Ctrl Pts',(206.308833960459,12.3380742362333,-98.4986000715235));
#3286=CARTESIAN_POINT('Ctrl Pts',(206.02658895556,10.9894791917329,-98.9026898238935));
#3287=CARTESIAN_POINT('Ctrl Pts',(205.638233441218,9.71710694583761,-99.5083043331547));
#3288=CARTESIAN_POINT('Ctrl Pts',(204.911154411094,7.53568468501475,-100.916503639809));
#3289=CARTESIAN_POINT('Ctrl Pts',(204.507582764433,6.44504523240013,-101.843894482506));
#3290=CARTESIAN_POINT('Ctrl Pts',(203.882486759607,4.58087679671303,-104.008452935027));
#3291=CARTESIAN_POINT('Ctrl Pts',(203.667710654575,3.80732198364845,-105.247541420342));
#3292=CARTESIAN_POINT('Ctrl Pts',(203.569367528196,2.71122455805158,-107.708510753594));
#3293=CARTESIAN_POINT('Ctrl Pts',(203.675035586273,2.30993088357589,-109.100331575425));
#3294=CARTESIAN_POINT('Ctrl Pts',(204.143499441265,2.04060147917323,-111.122135353551));
#3295=CARTESIAN_POINT('Ctrl Pts',(204.339158138685,2.00000000000022,-111.767066374699));
#3296=CARTESIAN_POINT('Ctrl Pts',(204.573886074913,2.,-112.388465943328));
#3297=CARTESIAN_POINT('',(206.608833960451,2.,-112.388465943334));
#3298=CARTESIAN_POINT('Origin',(187.158833960459,2.,-95.9989461455561));
#3299=CARTESIAN_POINT('',(204.885414096396,2.,-113.149405445862));
#3300=CARTESIAN_POINT('Origin',(218.606139266321,2.,-107.08791216356));
#3301=CARTESIAN_POINT('',(202.853105870456,2.,-125.998600071703));
#3302=CARTESIAN_POINT('Origin',(193.908833960457,2.,-117.998600071703));
#3303=CARTESIAN_POINT('',(189.908833960456,2.,-125.998600071703));
#3304=CARTESIAN_POINT('',(190.533833960458,2.,-125.998600071703));
#3305=CARTESIAN_POINT('',(189.908833960456,2.,-110.998594635109));
#3306=CARTESIAN_POINT('',(189.908833960451,2.,-110.998594635109));
#3307=CARTESIAN_POINT('',(188.905536512766,2.,-109.998600071709));
#3308=CARTESIAN_POINT('Origin',(188.908833960465,2.,-110.998594635106));
#3309=CARTESIAN_POINT('',(174.908833960448,2.,-109.998600071715));
#3310=CARTESIAN_POINT('',(188.905536512766,2.,-109.998600071709));
#3311=CARTESIAN_POINT('',(173.908833960448,2.,-110.998600071715));
#3312=CARTESIAN_POINT('Origin',(174.908833960448,2.,-110.998600071715));
#3313=CARTESIAN_POINT('',(173.908833960448,2.,-125.998600071703));
#3314=CARTESIAN_POINT('',(173.908833960448,2.,-110.998600071715));
#3315=CARTESIAN_POINT('',(160.964562050457,2.,-125.998600071703));
#3316=CARTESIAN_POINT('',(179.033833960454,2.,-125.998600071703));
#3317=CARTESIAN_POINT('',(158.141606904596,2.,-115.646501558497));
#3318=CARTESIAN_POINT('Origin',(169.908833960457,2.,-117.998600071703));
#3319=CARTESIAN_POINT('',(166.293606908101,2.,-74.8631608684668));
#3320=CARTESIAN_POINT('',(166.293606908101,2.,-74.8631608684668));
#3321=CARTESIAN_POINT('',(188.506172350455,2.,-63.3893164336065));
#3322=CARTESIAN_POINT('Origin',(181.983242982581,2.,-77.9992922194087));
#3323=CARTESIAN_POINT('',(195.222833409497,2.,-66.3881102932538));
#3324=CARTESIAN_POINT('',(210.38227416439,2.,-73.1563597927973));
#3325=CARTESIAN_POINT('',(191.923833960456,2.,-69.5206284817369));
#3326=CARTESIAN_POINT('Origin',(206.908833960462,2.,-81.9986000716952));
#3327=CARTESIAN_POINT('Origin',(181.908833960457,2.,-81.9986000717034));
#3328=CARTESIAN_POINT('',(161.408833960457,2.,-117.998600071703));
#3329=CARTESIAN_POINT('Origin',(162.908833960457,2.,-117.998600071703));
#3330=CARTESIAN_POINT('',(199.408833960457,2.,-117.998600071703));
#3331=CARTESIAN_POINT('Origin',(200.908833960457,2.,-117.998600071703));
#3332=CARTESIAN_POINT('',(188.794115334695,2.,-90.4838814459419));
#3333=CARTESIAN_POINT('Origin',(190.394115334695,2.,-90.4838814459419));
#3334=CARTESIAN_POINT('',(171.823552586218,2.,-90.4838814459419));
#3335=CARTESIAN_POINT('Origin',(173.423552586218,2.,-90.4838814459419));
#3336=CARTESIAN_POINT('',(177.658833960457,2.,-81.9986000717034));
#3337=CARTESIAN_POINT('Origin',(181.908833960457,2.,-81.9986000717034));
#3338=CARTESIAN_POINT('',(171.823552586218,2.,-73.5133186974649));
#3339=CARTESIAN_POINT('Origin',(173.423552586218,2.,-73.5133186974649));
#3340=CARTESIAN_POINT('',(188.794115334695,2.,-73.513318697465));
#3341=CARTESIAN_POINT('Origin',(190.394115334695,2.,-73.513318697465));
#3342=CARTESIAN_POINT('Origin',(206.608833960451,-22.025,-112.388465943334));
#3343=CARTESIAN_POINT('',(206.308833960461,-18.7073369565217,-98.2731157199095));
#3344=CARTESIAN_POINT('',(206.308833960459,-17.8630742362331,-98.4986000715235));
#3345=CARTESIAN_POINT('Origin',(206.308833960453,-22.025,-112.388465943334));
#3346=CARTESIAN_POINT('',(206.608833960457,-18.7073369565217,-98.2731157199096));
#3347=CARTESIAN_POINT('',(204.573886074915,-7.525,-112.388465943334));
#3348=CARTESIAN_POINT('',(206.608833960451,-7.525,-112.388465943334));
#3349=CARTESIAN_POINT('Ctrl Pts',(204.573886074911,-7.525,-112.388465943324));
#3350=CARTESIAN_POINT('Ctrl Pts',(204.339158138684,-7.52500000000041,-111.767066374696));
#3351=CARTESIAN_POINT('Ctrl Pts',(204.143499441264,-7.56560147917343,-111.122135353549));
#3352=CARTESIAN_POINT('Ctrl Pts',(203.675035586273,-7.83493088357589,-109.100331575425));
#3353=CARTESIAN_POINT('Ctrl Pts',(203.569367528196,-8.23622455805158,-107.708510753594));
#3354=CARTESIAN_POINT('Ctrl Pts',(203.667710654575,-9.33232198364845,-105.247541420342));
#3355=CARTESIAN_POINT('Ctrl Pts',(203.882486759607,-10.105876796713,-104.008452935027));
#3356=CARTESIAN_POINT('Ctrl Pts',(204.507582764433,-11.9700452324001,-101.843894482506));
#3357=CARTESIAN_POINT('Ctrl Pts',(204.911154411094,-13.0606846850147,-100.916503639809));
#3358=CARTESIAN_POINT('Ctrl Pts',(205.638233441218,-15.242106945838,-99.5083043331545));
#3359=CARTESIAN_POINT('Ctrl Pts',(206.02658895556,-16.5144791917338,-98.902689823893));
#3360=CARTESIAN_POINT('Ctrl Pts',(206.308833960459,-17.8630742362347,-98.498600071523));
#3361=CARTESIAN_POINT('Origin',(187.158833960459,-7.525,-95.9989461455561));
#3362=CARTESIAN_POINT('',(191.206367335464,-7.525,-93.5607167417005));
#3363=CARTESIAN_POINT('Origin',(206.908833960462,-7.525,-81.9986000716952));
#3364=CARTESIAN_POINT('',(190.394115334695,-7.525,-94.3729687424682));
#3365=CARTESIAN_POINT('',(191.123344288628,-7.525,-93.6437397885369));
#3366=CARTESIAN_POINT('',(186.505028038169,-7.525,-90.4838814459423));
#3367=CARTESIAN_POINT('',(189.991789341908,-7.525,-93.9706427496812));
#3368=CARTESIAN_POINT('',(188.515256540465,-7.525,-88.4736529436461));
#3369=CARTESIAN_POINT('',(185.289713343838,-7.525,-91.6991961402736));
#3370=CARTESIAN_POINT('',(188.515256540461,-7.525,-75.5235471997565));
#3371=CARTESIAN_POINT('Origin',(206.908833960462,-7.525,-81.9986000716952));
#3372=CARTESIAN_POINT('',(186.505028038169,-7.525,-73.5133186974653));
#3373=CARTESIAN_POINT('',(194.234430029028,-7.525,-81.2427206883218));
#3374=CARTESIAN_POINT('',(190.394115334698,-7.525,-69.6242314009359));
#3375=CARTESIAN_POINT('',(181.047072656719,-7.525,-78.9712740789156));
#3376=CARTESIAN_POINT('',(191.206367335459,-7.525,-70.4364834016975));
#3377=CARTESIAN_POINT('',(196.178973677295,-7.525,-75.4090897435407));
#3378=CARTESIAN_POINT('',(195.222833409497,-7.525,-66.3881102932538));
#3379=CARTESIAN_POINT('Origin',(206.908833960462,-7.525,-81.9986000716952));
#3380=CARTESIAN_POINT('',(188.506172350455,-7.525,-63.3893164336065));
#3381=CARTESIAN_POINT('',(210.38227416439,-7.525,-73.1563597927973));
#3382=CARTESIAN_POINT('',(166.293606908101,-7.525,-74.8631608684668));
#3383=CARTESIAN_POINT('Origin',(181.983242982581,-7.525,-77.9992922194087));
#3384=CARTESIAN_POINT('',(158.141606904596,-7.525,-115.646501558497));
#3385=CARTESIAN_POINT('',(166.293606908101,-7.525,-74.8631608684668));
#3386=CARTESIAN_POINT('',(169.908833960457,-7.525,-129.998600071703));
#3387=CARTESIAN_POINT('Origin',(169.908833960457,-7.525,-117.998600071703));
#3388=CARTESIAN_POINT('',(170.908833960448,-7.525,-129.998600071703));
#3389=CARTESIAN_POINT('',(170.908833960448,-7.525,-129.998600071703));
#3390=CARTESIAN_POINT('',(171.908833960448,-7.525,-129.82702719645));
#3391=CARTESIAN_POINT('Origin',(170.908833960448,-7.525,-126.998600071703));
#3392=CARTESIAN_POINT('',(171.908833960448,-7.525,-110.998600071715));
#3393=CARTESIAN_POINT('',(171.908833960448,-7.525,-103.498773108636));
#3394=CARTESIAN_POINT('',(174.908833960448,-7.525,-107.998600071715));
#3395=CARTESIAN_POINT('Origin',(174.908833960448,-7.525,-110.998600071715));
#3396=CARTESIAN_POINT('',(188.902239065067,-7.525,-107.998600071709));
#3397=CARTESIAN_POINT('',(188.032185236615,-7.525,-107.99860007171));
#3398=CARTESIAN_POINT('',(191.908833960456,-7.525,-110.998594635115));
#3399=CARTESIAN_POINT('Origin',(188.908833960465,-7.525,-110.998594635106));
#3400=CARTESIAN_POINT('',(191.908833960457,-7.525,-129.82702719645));
#3401=CARTESIAN_POINT('',(191.908833960451,-7.525,-111.498773108629));
#3402=CARTESIAN_POINT('',(192.908833960457,-7.525,-129.998600071703));
#3403=CARTESIAN_POINT('Origin',(192.908833960457,-7.525,-126.998600071703));
#3404=CARTESIAN_POINT('',(193.908833960456,-7.525,-129.998600071703));
#3405=CARTESIAN_POINT('',(192.908833960457,-7.525,-129.998600071703));
#3406=CARTESIAN_POINT('',(204.885414096396,-7.525,-113.149405445862));
#3407=CARTESIAN_POINT('Origin',(193.908833960457,-7.525,-117.998600071703));
#3408=CARTESIAN_POINT('Origin',(218.606139266321,-7.525,-107.08791216356));
#3409=CARTESIAN_POINT('',(177.533833960457,-7.525,-81.9986000717034));
#3410=CARTESIAN_POINT('Origin',(181.908833960457,-7.525,-81.9986000717034));
#3411=CARTESIAN_POINT('',(173.423552586218,-7.525,-86.5947941494162));
#3412=CARTESIAN_POINT('',(177.312639882744,-7.525,-90.4838814459416));
#3413=CARTESIAN_POINT('',(179.208410928814,-7.525,-92.379652492011));
#3414=CARTESIAN_POINT('',(173.423552586215,-7.525,-94.372968742471));
#3415=CARTESIAN_POINT('',(178.395422227269,-7.525,-89.4010991014165));
#3416=CARTESIAN_POINT('',(169.534465289692,-7.525,-90.4838814459422));
#3417=CARTESIAN_POINT('',(177.263867280542,-7.525,-98.213283436804));
#3418=CARTESIAN_POINT('',(172.56179128248,-7.525,-87.4565554531538));
#3419=CARTESIAN_POINT('',(177.312639882744,-7.525,-73.5133186974646));
#3420=CARTESIAN_POINT('',(173.423552586218,-7.525,-77.4024059939911));
#3421=CARTESIAN_POINT('',(174.152781540149,-7.525,-76.67317704006));
#3422=CARTESIAN_POINT('',(169.534465289689,-7.525,-73.5133186974619));
#3423=CARTESIAN_POINT('',(181.50650796767,-7.525,-85.4853613754424));
#3424=CARTESIAN_POINT('',(173.423552586218,-7.525,-69.6242314009386));
#3425=CARTESIAN_POINT('',(168.319150595364,-7.525,-74.7286333917849));
#3426=CARTESIAN_POINT('',(183.451051615933,-7.525,-79.6517304306533));
#3427=CARTESIAN_POINT('',(161.408833960457,-7.525,-117.998600071703));
#3428=CARTESIAN_POINT('Origin',(162.908833960457,-7.525,-117.998600071703));
#3429=CARTESIAN_POINT('',(199.408833960457,-7.525,-117.998600071703));
#3430=CARTESIAN_POINT('Origin',(200.908833960457,-7.525,-117.998600071703));
#3431=CARTESIAN_POINT('Origin',(206.908833960462,-17.525,-81.9986000716952));
#3432=CARTESIAN_POINT('',(210.382274164418,-17.525,-73.1563597928097));
#3433=CARTESIAN_POINT('Origin',(206.908833960462,-17.525,-81.9986000716952));
#3434=CARTESIAN_POINT('Ctrl Pts',(210.382274164418,-17.525,-73.1563597928097));
#3435=CARTESIAN_POINT('Ctrl Pts',(210.382274164418,-17.4296137399445,-73.1563597928097));
#3436=CARTESIAN_POINT('Ctrl Pts',(210.347436544815,-17.3216956718019,-73.1408058086452));
#3437=CARTESIAN_POINT('Ctrl Pts',(210.233400311948,-17.0860407685196,-73.0898919465504));
#3438=CARTESIAN_POINT('Ctrl Pts',(210.11611649874,-16.9255259845981,-73.0375281342641));
#3439=CARTESIAN_POINT('Ctrl Pts',(209.625273005086,-16.2829583137249,-72.8183807868131));
#3440=CARTESIAN_POINT('Ctrl Pts',(209.111133334912,-15.7150263179434,-72.5888323739389));
#3441=CARTESIAN_POINT('Ctrl Pts',(208.05605691931,-14.5558965858099,-72.1177714332787));
#3442=CARTESIAN_POINT('Ctrl Pts',(207.351947707089,-13.8182950486582,-71.8034071437054));
#3443=CARTESIAN_POINT('Ctrl Pts',(205.891101866803,-12.4104894474131,-71.1511819536548));
#3444=CARTESIAN_POINT('Ctrl Pts',(205.132569490834,-11.7425218065662,-70.8125193039534));
#3445=CARTESIAN_POINT('Ctrl Pts',(203.723349209418,-10.6310274323935,-70.1833434247998));
#3446=CARTESIAN_POINT('Ctrl Pts',(202.938092777469,-10.0749968530903,-69.8327492611702));
#3447=CARTESIAN_POINT('Ctrl Pts',(201.300481261411,-9.10311883865884,-69.1016033367779));
#3448=CARTESIAN_POINT('Ctrl Pts',(200.44734965718,-8.68884147611351,-68.7207048823599));
#3449=CARTESIAN_POINT('Ctrl Pts',(198.976040058526,-8.1257441981465,-68.0638079284567));
#3450=CARTESIAN_POINT('Ctrl Pts',(198.226633327389,-7.89930995955985,-67.729219613823));
#3451=CARTESIAN_POINT('Ctrl Pts',(196.704018227107,-7.59850415282452,-67.0494162452751));
#3452=CARTESIAN_POINT('Ctrl Pts',(195.930667080776,-7.525,-66.7041374454988));
#3453=CARTESIAN_POINT('Ctrl Pts',(195.222833409497,-7.525,-66.3881102932538));
#3454=CARTESIAN_POINT('',(194.283202631349,-8.49098022266574,-73.5133186975921));
#3455=CARTESIAN_POINT('Ctrl Pts',(191.206367335459,-7.525,-70.4364834016975));
#3456=CARTESIAN_POINT('Ctrl Pts',(191.650781197422,-7.525,-70.8808972636615));
#3457=CARTESIAN_POINT('Ctrl Pts',(192.13616371792,-7.5867386060797,-71.3662797841607));
#3458=CARTESIAN_POINT('Ctrl Pts',(193.087184329196,-7.85211888216755,-72.3173003954377));
#3459=CARTESIAN_POINT('Ctrl Pts',(193.552828922033,-8.05571394829907,-72.7829449882752));
#3460=CARTESIAN_POINT('Ctrl Pts',(194.069323254507,-8.35457969867515,-73.2994393207498));
#3461=CARTESIAN_POINT('Ctrl Pts',(194.1759781018,-8.42035145005591,-73.4060941680432));
#3462=CARTESIAN_POINT('Ctrl Pts',(194.283202631372,-8.49098022259681,-73.5133186976149));
#3463=CARTESIAN_POINT('',(190.394115340956,-7.80689359857098,-77.4024059877296));
#3464=CARTESIAN_POINT('Ctrl Pts',(194.283202631232,-8.49098022249919,-73.5133186974541));
#3465=CARTESIAN_POINT('Ctrl Pts',(193.977948547299,-8.4515454778653,-73.8185727813868));
#3466=CARTESIAN_POINT('Ctrl Pts',(193.670569155495,-8.40475600296027,-74.1259521731914));
#3467=CARTESIAN_POINT('Ctrl Pts',(192.342744569814,-8.18239362411091,-75.4537767588722));
#3468=CARTESIAN_POINT('Ctrl Pts',(191.324399895025,-7.96380732495518,-76.4721214336612));
#3469=CARTESIAN_POINT('Ctrl Pts',(190.394115341044,-7.80689359752972,-77.4024059876417));
#3470=CARTESIAN_POINT('Ctrl Pts',(190.394115334999,-7.80689359654944,-77.402405994294));
#3471=CARTESIAN_POINT('Ctrl Pts',(190.312107014191,-7.78239238487234,-77.3203976734866));
#3472=CARTESIAN_POINT('Ctrl Pts',(190.229725888228,-7.75937984178707,-77.238016547523));
#3473=CARTESIAN_POINT('Ctrl Pts',(189.593523929225,-7.59415413950545,-76.6018145885209));
#3474=CARTESIAN_POINT('Ctrl Pts',(189.030533566923,-7.525,-76.0388242262187));
#3475=CARTESIAN_POINT('Ctrl Pts',(188.515256540461,-7.525,-75.5235471997565));
#3476=CARTESIAN_POINT('',(190.394115334688,-7.80689359645379,-86.5947941494222));
#3477=CARTESIAN_POINT('Ctrl Pts',(188.515256540465,-7.525,-88.4736529436461));
#3478=CARTESIAN_POINT('Ctrl Pts',(189.030533566927,-7.525,-87.9583759171839));
#3479=CARTESIAN_POINT('Ctrl Pts',(189.593523929229,-7.59415413950543,-87.3953855548818));
#3480=CARTESIAN_POINT('Ctrl Pts',(190.229725888126,-7.75937984175968,-86.7591835959849));
#3481=CARTESIAN_POINT('Ctrl Pts',(190.312107013984,-7.78239238481358,-86.6768024701262));
#3482=CARTESIAN_POINT('Ctrl Pts',(190.394115334688,-7.80689359645564,-86.5947941494225));
#3483=CARTESIAN_POINT('',(194.283202631164,-8.49098022247829,-90.4838814458848));
#3484=CARTESIAN_POINT('Ctrl Pts',(190.394115334694,-7.80689359645758,-86.5947941494155));
#3485=CARTESIAN_POINT('Ctrl Pts',(191.324399890387,-7.96380732398689,-87.5250787051079));
#3486=CARTESIAN_POINT('Ctrl Pts',(192.342744567488,-8.18239362371875,-88.5434233822091));
#3487=CARTESIAN_POINT('Ctrl Pts',(193.670569155468,-8.40475600295214,-89.8712479701892));
#3488=CARTESIAN_POINT('Ctrl Pts',(193.977948547252,-8.45154547785403,-90.1786273619725));
#3489=CARTESIAN_POINT('Ctrl Pts',(194.283202631163,-8.490980222486,-90.4838814458844));
#3490=CARTESIAN_POINT('Ctrl Pts',(194.28320263122,-8.49098022249105,-90.4838814459492));
#3491=CARTESIAN_POINT('Ctrl Pts',(194.175978101702,-8.42035144999016,-90.5911059754667));
#3492=CARTESIAN_POINT('Ctrl Pts',(194.069323254463,-8.35457969864465,-90.6977608227062));
#3493=CARTESIAN_POINT('Ctrl Pts',(193.552828922041,-8.05571394829893,-91.2142551551273));
#3494=CARTESIAN_POINT('Ctrl Pts',(193.087184329203,-7.85211888216745,-91.679899747964));
#3495=CARTESIAN_POINT('Ctrl Pts',(192.136163717927,-7.58673860607967,-92.6309203592391));
#3496=CARTESIAN_POINT('Ctrl Pts',(191.650781197428,-7.525,-93.1163028797373));
#3497=CARTESIAN_POINT('Ctrl Pts',(191.206367335464,-7.525,-93.5607167417005));
#3498=CARTESIAN_POINT('Origin',(218.606139266321,-25.2625,-107.08791216356));
#3499=CARTESIAN_POINT('',(204.885414096396,-25.2625,-113.149405445862));
#3500=CARTESIAN_POINT('',(206.308833960459,-25.2625,-98.498600071695));
#3501=CARTESIAN_POINT('Origin',(206.608833960461,11.2375,-89.9986000716951));
#3502=CARTESIAN_POINT('',(206.308833960461,19.7375,-89.998600071695));
#3503=CARTESIAN_POINT('',(206.608833960461,19.7375,-89.9986000716951));
#3504=CARTESIAN_POINT('Origin',(206.308833960463,11.2375,-89.998600071695));
#3505=CARTESIAN_POINT('Origin',(208.854414624344,11.2375,-89.9986000716952));
#3506=CARTESIAN_POINT('',(207.508833960462,11.2375,-98.4986000716952));
#3507=CARTESIAN_POINT('',(208.854414624344,11.2375,-98.4986000716952));
#3508=CARTESIAN_POINT('',(207.508833960462,19.7375,-89.9986000716952));
#3509=CARTESIAN_POINT('Origin',(207.508833960462,11.2375,-89.9986000716952));
#3510=CARTESIAN_POINT('',(208.854414624344,19.7375,-89.9986000716952));
#3511=CARTESIAN_POINT('Origin',(210.799995288225,-25.2625,-98.4986000716952));
#3512=CARTESIAN_POINT('',(207.508833960462,-16.7625,-98.4986000716952));
#3513=CARTESIAN_POINT('',(208.854414624344,-16.7625,-98.4986000716952));
#3514=CARTESIAN_POINT('',(207.508833960462,-25.2625,-98.4986000716952));
#3515=CARTESIAN_POINT('Origin',(206.908833960462,0.,-81.9986000716952));
#3516=CARTESIAN_POINT('Origin',(206.908833960462,-25.2625,-81.9986000716952));
#3517=CARTESIAN_POINT('',(197.723833960458,19.7375,-79.5725384484224));
#3518=CARTESIAN_POINT('Origin',(206.908833960462,19.7375,-81.9986000716952));
#3519=CARTESIAN_POINT('',(197.723833960458,12.,-79.5725384484224));
#3520=CARTESIAN_POINT('',(197.723833960458,2.,-79.5725384484224));
#3521=CARTESIAN_POINT('',(210.382274164418,12.,-73.1563597928097));
#3522=CARTESIAN_POINT('Origin',(206.908833960462,12.,-81.9986000716952));
#3523=CARTESIAN_POINT('',(210.38227416439,0.,-73.1563597927973));
#3524=CARTESIAN_POINT('Origin',(206.608833960461,-16.7625,-89.9986000716951));
#3525=CARTESIAN_POINT('',(206.308833960461,-25.2625,-89.998600071695));
#3526=CARTESIAN_POINT('Origin',(206.308833960463,-16.7625,-89.998600071695));
#3527=CARTESIAN_POINT('',(206.608833960461,-25.2625,-89.9986000716951));
#3528=CARTESIAN_POINT('Origin',(208.854414624344,-16.7625,-89.9986000716952));
#3529=CARTESIAN_POINT('',(207.508833960462,-25.2625,-89.9986000716952));
#3530=CARTESIAN_POINT('',(208.854414624344,-25.2625,-89.9986000716952));
#3531=CARTESIAN_POINT('Origin',(207.508833960462,-16.7625,-89.9986000716952));
#3532=CARTESIAN_POINT('Origin',(210.799995288662,-16.5125,-94.5818685702178));
#3533=CARTESIAN_POINT('',(206.308833960459,-16.5125,-93.0818685702178));
#3534=CARTESIAN_POINT('Origin',(206.308833960459,-16.5125,-94.5818685702178));
#3535=CARTESIAN_POINT('',(210.799995288662,-16.5125,-93.0818685702178));
#3536=CARTESIAN_POINT('Origin',(210.799995288662,-16.5125,-94.5818685702178));
#3537=CARTESIAN_POINT('',(207.508833960462,-16.5125,-93.0818685702178));
#3538=CARTESIAN_POINT('',(210.799995288662,-16.5125,-93.0818685702178));
#3539=CARTESIAN_POINT('Origin',(207.508833960462,-16.5125,-94.5818685702178));
#3540=CARTESIAN_POINT('Origin',(210.799995288662,10.9875,-94.5818685702178));
#3541=CARTESIAN_POINT('',(206.308833960459,10.9875,-93.0818685702178));
#3542=CARTESIAN_POINT('Origin',(206.308833960459,10.9875,-94.5818685702178));
#3543=CARTESIAN_POINT('',(210.799995288662,10.9875,-93.0818685702178));
#3544=CARTESIAN_POINT('Origin',(210.799995288662,10.9875,-94.5818685702178));
#3545=CARTESIAN_POINT('',(207.508833960462,10.9875,-93.0818685702178));
#3546=CARTESIAN_POINT('',(210.799995288662,10.9875,-93.0818685702178));
#3547=CARTESIAN_POINT('Origin',(207.508833960462,10.9875,-94.5818685702178));
#3548=CARTESIAN_POINT('Origin',(207.508833960462,-25.2625,-89.4745615483215));
#3549=CARTESIAN_POINT('',(207.508833960462,-25.2625,-89.4745615483215));
#3550=CARTESIAN_POINT('',(207.508833960462,-25.2625,-89.4986000716952));
#3551=CARTESIAN_POINT('',(207.508833960462,19.7375,-89.4745615483215));
#3552=CARTESIAN_POINT('',(207.508833960462,0.,-89.4745615483215));
#3553=CARTESIAN_POINT('',(207.508833960462,19.7375,-96.5402343209551));
#3554=CARTESIAN_POINT('Origin',(206.308833960459,-25.2625,-98.4986000716952));
#3555=CARTESIAN_POINT('',(206.308833960461,19.7375,-89.4745615483214));
#3556=CARTESIAN_POINT('',(206.30883396046,19.7375,-93.0307511704135));
#3557=CARTESIAN_POINT('',(206.308833960461,-25.2625,-89.4745615483214));
#3558=CARTESIAN_POINT('',(206.308833960461,0.,-89.4745615483214));
#3559=CARTESIAN_POINT('',(206.308833960459,-25.2625,-98.4986000716952));
#3560=CARTESIAN_POINT('Origin',(181.908833960457,2.,-81.9986000717034));
#3561=CARTESIAN_POINT('Ctrl Pts',(197.723833960458,12.,-79.5725384484224));
#3562=CARTESIAN_POINT('Ctrl Pts',(197.723833960458,11.6047150923729,-79.5725384484224));
#3563=CARTESIAN_POINT('Ctrl Pts',(197.715119260327,11.2216263753506,-79.5141834991249));
#3564=CARTESIAN_POINT('Ctrl Pts',(197.658859179838,9.96084393287928,-79.1709187345782));
#3565=CARTESIAN_POINT('Ctrl Pts',(197.572579306454,9.07583235352502,-78.686803754417));
#3566=CARTESIAN_POINT('Ctrl Pts',(197.277146688992,7.29108791822889,-77.4988873037366));
#3567=CARTESIAN_POINT('Ctrl Pts',(197.026398706892,6.24987656399555,-76.653857164952));
#3568=CARTESIAN_POINT('Ctrl Pts',(196.229544205771,4.42311876437535,-74.7976238724437));
#3569=CARTESIAN_POINT('Ctrl Pts',(195.725290963751,3.6639905831009,-73.8450165664491));
#3570=CARTESIAN_POINT('Ctrl Pts',(194.47954957201,2.60067178987586,-72.0485228713048));
#3571=CARTESIAN_POINT('Ctrl Pts',(193.792718908033,2.26006405671158,-71.2276618465411));
#3572=CARTESIAN_POINT('Ctrl Pts',(192.648436616022,2.03347967464591,-70.1291248602147));
#3573=CARTESIAN_POINT('Ctrl Pts',(192.292429139105,2.,-69.8164682893176));
#3574=CARTESIAN_POINT('Ctrl Pts',(191.923833960456,2.,-69.5206284817369));
#3575=CARTESIAN_POINT('Origin',(181.908833960457,19.7375,-81.9986000717034));
#3576=CARTESIAN_POINT('Origin',(206.908833960462,19.7375,-81.9986000716952));
#3577=CARTESIAN_POINT('Origin',(206.908833960462,19.7375,-81.9986000716952));
#3578=CARTESIAN_POINT('Origin',(206.908833960462,12.,-81.9986000716952));
#3579=CARTESIAN_POINT('Ctrl Pts',(195.222833409497,2.,-66.3881102932537));
#3580=CARTESIAN_POINT('Ctrl Pts',(195.930667080776,2.,-66.7041374454988));
#3581=CARTESIAN_POINT('Ctrl Pts',(196.704018227108,2.07350415282452,-67.0494162452751));
#3582=CARTESIAN_POINT('Ctrl Pts',(198.226633327389,2.37430995955985,-67.729219613823));
#3583=CARTESIAN_POINT('Ctrl Pts',(198.976040058526,2.6007441981465,-68.0638079284567));
#3584=CARTESIAN_POINT('Ctrl Pts',(200.44734965718,3.16384147611351,-68.7207048823599));
#3585=CARTESIAN_POINT('Ctrl Pts',(201.300481261411,3.57811883865885,-69.1016033367779));
#3586=CARTESIAN_POINT('Ctrl Pts',(202.938092777469,4.54999685309027,-69.8327492611702));
#3587=CARTESIAN_POINT('Ctrl Pts',(203.723349209418,5.10602743239349,-70.1833434247998));
#3588=CARTESIAN_POINT('Ctrl Pts',(205.132569490834,6.21752180656619,-70.8125193039534));
#3589=CARTESIAN_POINT('Ctrl Pts',(205.891101866803,6.88548944741308,-71.1511819536548));
#3590=CARTESIAN_POINT('Ctrl Pts',(207.351947707089,8.29329504865819,-71.8034071437054));
#3591=CARTESIAN_POINT('Ctrl Pts',(208.05605691931,9.03089658580989,-72.1177714332787));
#3592=CARTESIAN_POINT('Ctrl Pts',(209.111133334912,10.1900263179434,-72.5888323739389));
#3593=CARTESIAN_POINT('Ctrl Pts',(209.625273005086,10.7579583137249,-72.8183807868131));
#3594=CARTESIAN_POINT('Ctrl Pts',(210.11611649874,11.4005259845981,-73.0375281342641));
#3595=CARTESIAN_POINT('Ctrl Pts',(210.233400311948,11.5610407685196,-73.0898919465504));
#3596=CARTESIAN_POINT('Ctrl Pts',(210.347436544815,11.7966956718019,-73.1408058086452));
#3597=CARTESIAN_POINT('Ctrl Pts',(210.382274164418,11.9046137399445,-73.1563597928097));
#3598=CARTESIAN_POINT('Ctrl Pts',(210.382274164418,12.,-73.1563597928097));
#3599=CARTESIAN_POINT('Origin',(190.394115334695,0.,-73.513318697465));
#3600=CARTESIAN_POINT('',(188.794115334695,-3.46,-73.513318697465));
#3601=CARTESIAN_POINT('',(188.794115334695,0.,-73.513318697465));
#3602=CARTESIAN_POINT('Origin',(190.394115334695,-3.46,-73.513318697465));
#3603=CARTESIAN_POINT('Origin',(206.908833960462,-25.2625,-81.9986000716952));
#3604=CARTESIAN_POINT('Origin',(206.908833960462,-25.2625,-81.9986000716952));
#3605=CARTESIAN_POINT('Origin',(205.908833960443,-2.,-115.248600071687));
#3606=CARTESIAN_POINT('',(205.589480346676,-3.9,-115.248600071687));
#3607=CARTESIAN_POINT('',(205.589480346676,-2.,-115.248600071687));
#3608=CARTESIAN_POINT('',(205.589480346676,0.,-115.248600071687));
#3609=CARTESIAN_POINT('',(198.108833960443,-3.9,-115.248600071692));
#3610=CARTESIAN_POINT('',(205.908833960443,-3.9,-115.248600071687));
#3611=CARTESIAN_POINT('',(198.108833960443,-2.,-115.248600071692));
#3612=CARTESIAN_POINT('',(198.108833960443,-2.,-115.248600071692));
#3613=CARTESIAN_POINT('',(205.908833960443,-2.,-115.248600071687));
#3614=CARTESIAN_POINT('Origin',(205.908833960443,-3.9,-115.248600071687));
#3615=CARTESIAN_POINT('',(205.589480346684,-3.9,-120.748600071687));
#3616=CARTESIAN_POINT('Origin',(193.908833960457,-3.9,-117.998600071703));
#3617=CARTESIAN_POINT('',(198.108833960447,-3.9,-120.748600071692));
#3618=CARTESIAN_POINT('',(205.908833960447,-3.9,-120.748600071687));
#3619=CARTESIAN_POINT('',(198.108833960443,-3.9,-115.248600071692));
#3620=CARTESIAN_POINT('',(199.408833960457,-3.9,-117.998600071703));
#3621=CARTESIAN_POINT('Origin',(200.908833960457,-3.9,-117.998600071703));
#3622=CARTESIAN_POINT('Origin',(205.908833960447,-2.,-120.748600071687));
#3623=CARTESIAN_POINT('',(205.589480346684,-2.,-120.748600071687));
#3624=CARTESIAN_POINT('Origin',(193.908833960457,-2.,-117.998600071703));
#3625=CARTESIAN_POINT('',(198.108833960447,-2.,-120.748600071692));
#3626=CARTESIAN_POINT('',(198.108833960447,-2.,-120.748600071692));
#3627=CARTESIAN_POINT('',(205.908833960447,-2.,-120.748600071687));
#3628=CARTESIAN_POINT('',(199.408833960457,-2.,-117.998600071703));
#3629=CARTESIAN_POINT('Origin',(200.908833960457,-2.,-117.998600071703));
#3630=CARTESIAN_POINT('Origin',(205.908833960447,-3.9,-120.748600071687));
#3631=CARTESIAN_POINT('',(205.589480346684,0.,-120.748600071687));
#3632=CARTESIAN_POINT('',(198.108833960447,-3.9,-120.748600071692));
#3633=CARTESIAN_POINT('Origin',(198.108833960445,-2.95,-117.998600071692));
#3634=CARTESIAN_POINT('Origin',(200.908833960457,0.,-117.998600071703));
#3635=CARTESIAN_POINT('',(199.408833960457,0.,-117.998600071703));
#3636=CARTESIAN_POINT('Origin',(157.908833960457,-2.,-115.248600071703));
#3637=CARTESIAN_POINT('',(158.221141657435,-2.,-115.248600071703));
#3638=CARTESIAN_POINT('',(158.221141657435,-3.9,-115.248600071703));
#3639=CARTESIAN_POINT('',(158.221141657435,-1.,-115.248600071703));
#3640=CARTESIAN_POINT('',(165.708833960457,-2.,-115.248600071703));
#3641=CARTESIAN_POINT('',(157.908833960457,-2.,-115.248600071703));
#3642=CARTESIAN_POINT('',(165.708833960457,-3.9,-115.248600071703));
#3643=CARTESIAN_POINT('',(165.708833960457,-2.,-115.248600071703));
#3644=CARTESIAN_POINT('',(157.908833960457,-3.9,-115.248600071703));
#3645=CARTESIAN_POINT('Origin',(157.908833960457,-2.,-120.748600071703));
#3646=CARTESIAN_POINT('',(158.228187574233,-2.,-120.748600071703));
#3647=CARTESIAN_POINT('',(158.141606904596,-2.,-115.646501558497));
#3648=CARTESIAN_POINT('Origin',(169.908833960457,-2.,-117.998600071703));
#3649=CARTESIAN_POINT('',(165.708833960457,-2.,-120.748600071703));
#3650=CARTESIAN_POINT('',(157.908833960457,-2.,-120.748600071703));
#3651=CARTESIAN_POINT('',(165.708833960457,-2.,-120.748600071703));
#3652=CARTESIAN_POINT('',(157.646808218963,-2.,-118.12191168613));
#3653=CARTESIAN_POINT('',(161.408833960457,-2.,-117.998600071703));
#3654=CARTESIAN_POINT('Origin',(162.908833960457,-2.,-117.998600071703));
#3655=CARTESIAN_POINT('Origin',(157.908833960457,-3.9,-120.748600071703));
#3656=CARTESIAN_POINT('',(158.228187574233,-3.9,-120.748600071703));
#3657=CARTESIAN_POINT('',(158.228187574233,0.,-120.748600071703));
#3658=CARTESIAN_POINT('',(165.708833960457,-3.9,-120.748600071703));
#3659=CARTESIAN_POINT('',(157.908833960457,-3.9,-120.748600071703));
#3660=CARTESIAN_POINT('',(165.708833960457,-3.9,-120.748600071703));
#3661=CARTESIAN_POINT('Origin',(157.908833960457,-3.9,-115.248600071703));
#3662=CARTESIAN_POINT('',(158.141606904596,-3.9,-115.646501558497));
#3663=CARTESIAN_POINT('Origin',(169.908833960457,-3.9,-117.998600071703));
#3664=CARTESIAN_POINT('',(158.175374972243,-3.9,-115.477564536085));
#3665=CARTESIAN_POINT('',(165.708833960457,-3.9,-115.248600071703));
#3666=CARTESIAN_POINT('',(161.408833960457,-3.9,-117.998600071703));
#3667=CARTESIAN_POINT('Origin',(162.908833960457,-3.9,-117.998600071703));
#3668=CARTESIAN_POINT('Origin',(165.708833960457,-2.95,-117.998600071703));
#3669=CARTESIAN_POINT('Origin',(158.141606904596,0.,-115.646501558497));
#3670=CARTESIAN_POINT('',(158.141606904596,0.,-115.646501558497));
#3671=CARTESIAN_POINT('',(166.293606908101,0.,-74.8631608684668));
#3672=CARTESIAN_POINT('',(158.141606904596,0.,-115.646501558497));
#3673=CARTESIAN_POINT('Origin',(169.908833960457,0.,-117.998600071703));
#3674=CARTESIAN_POINT('',(169.908833960457,-2.,-129.998600071703));
#3675=CARTESIAN_POINT('Origin',(169.908833960457,10.,-117.998600071703));
#3676=CARTESIAN_POINT('',(169.908833960457,0.,-129.998600071703));
#3677=CARTESIAN_POINT('Origin',(162.908833960457,0.,-117.998600071703));
#3678=CARTESIAN_POINT('',(161.408833960457,0.,-117.998600071703));
#3679=CARTESIAN_POINT('Origin',(190.533833960458,0.,-127.998600071703));
#3680=CARTESIAN_POINT('',(193.908833960456,-2.,-129.998600071703));
#3681=CARTESIAN_POINT('Origin',(193.908833960457,10.,-117.998600071703));
#3682=CARTESIAN_POINT('',(192.908833960457,-2.,-129.998600071703));
#3683=CARTESIAN_POINT('',(190.533833960458,-2.,-129.998600071703));
#3684=CARTESIAN_POINT('',(189.908833960457,1.00000000000001,-126.998600071703));
#3685=CARTESIAN_POINT('Origin',(192.908833960457,1.00000000000001,-126.998600071703));
#3686=CARTESIAN_POINT('',(189.908833960457,0.24999999999995,-127.748600071703));
#3687=CARTESIAN_POINT('Origin',(193.908833960456,0.,-129.998600071703));
#3688=CARTESIAN_POINT('',(193.908833960456,0.,-129.998600071703));
#3689=CARTESIAN_POINT('',(192.908833960457,0.,-129.998600071703));
#3690=CARTESIAN_POINT('Origin',(193.908833960457,0.,-117.998600071703));
#3691=CARTESIAN_POINT('Origin',(179.033833960454,0.,-127.998600071703));
#3692=CARTESIAN_POINT('',(173.908833960448,1.00000000000001,-126.998600071703));
#3693=CARTESIAN_POINT('',(173.908833960448,4.24999999999706,-123.748600071706));
#3694=CARTESIAN_POINT('',(170.908833960448,-2.,-129.998600071703));
#3695=CARTESIAN_POINT('Origin',(170.908833960448,1.00000000000001,-126.998600071703));
#3696=CARTESIAN_POINT('',(179.033833960454,-2.,-129.998600071703));
#3697=CARTESIAN_POINT('Origin',(173.908833960448,0.,-110.998600071715));
#3698=CARTESIAN_POINT('',(173.908833960448,-2.03004516109076,-110.998600071715));
#3699=CARTESIAN_POINT('',(173.908833960448,0.,-110.998600071715));
#3700=CARTESIAN_POINT('',(173.908833960448,-2.03004516109076,-126.998600071703));
#3701=CARTESIAN_POINT('',(173.908833960448,-2.03004516109076,-103.498773108636));
#3702=CARTESIAN_POINT('',(173.908833960448,0.,-126.998600071703));
#3703=CARTESIAN_POINT('Origin',(172.908833960448,-4.77752258054538,-103.498773108636));
#3704=CARTESIAN_POINT('Origin',(170.908833960448,-10.2724774194547,-126.998600071703));
#3705=CARTESIAN_POINT('',(173.908833960448,-2.03004516109076,-110.998600071715));
#3706=CARTESIAN_POINT('Origin',(174.908833960448,-4.77752258054538,-110.998600071715));
#3707=CARTESIAN_POINT('',(174.908833960448,-2.03004516109076,-109.998600071715));
#3708=CARTESIAN_POINT('',(174.908833960448,-2.03004516109076,-109.998600071715));
#3709=CARTESIAN_POINT('Origin',(174.908833960448,-2.03004516109076,-110.998600071715));
#3710=CARTESIAN_POINT('Origin',(188.032185236615,-4.77752258054538,-108.99860007171));
#3711=CARTESIAN_POINT('',(188.905536512766,-2.03004516109076,-109.998600071709));
#3712=CARTESIAN_POINT('',(188.905536512766,-2.03004516109076,-109.998600071709));
#3713=CARTESIAN_POINT('',(188.032185236616,-2.03004516109076,-109.99860007171));
#3714=CARTESIAN_POINT('Origin',(188.908833960465,-4.77752258054538,-110.998594635106));
#3715=CARTESIAN_POINT('',(189.908833960456,-2.03004516109076,-110.998594635109));
#3716=CARTESIAN_POINT('Origin',(188.908833960465,-2.03004516109076,-110.998594635106));
#3717=CARTESIAN_POINT('',(189.908833960456,-2.03004516109076,-110.998594635109));
#3718=CARTESIAN_POINT('Origin',(190.908833960451,-4.77752258054538,-111.498773108629));
#3719=CARTESIAN_POINT('',(189.908833960457,-2.03004516109076,-126.998600071703));
#3720=CARTESIAN_POINT('Origin',(192.908833960457,-10.2724774194548,-126.998600071703));
#3721=CARTESIAN_POINT('',(189.908833960451,-2.03004516109076,-111.498773108629));
#3722=CARTESIAN_POINT('Origin',(188.908833960465,0.,-110.998594635106));
#3723=CARTESIAN_POINT('',(188.905536512766,0.,-109.998600071709));
#3724=CARTESIAN_POINT('',(189.908833960456,0.,-110.998594635109));
#3725=CARTESIAN_POINT('Origin',(188.905536512766,0.,-109.998600071709));
#3726=CARTESIAN_POINT('',(174.908833960448,0.,-109.998600071715));
#3727=CARTESIAN_POINT('Origin',(174.908833960448,0.,-110.998600071715));
#3728=CARTESIAN_POINT('Origin',(170.908833960448,0.,-126.998600071703));
#3729=CARTESIAN_POINT('',(170.908833960448,0.,-129.998600071703));
#3730=CARTESIAN_POINT('Origin',(181.908833960457,-7.525,-81.9986000717034));
#3731=CARTESIAN_POINT('',(177.658833960457,0.,-81.9986000717034));
#3732=CARTESIAN_POINT('',(177.533833960457,-7.525,-81.9986000717034));
#3733=CARTESIAN_POINT('Origin',(181.908833960457,0.,-81.9986000717034));
#3734=CARTESIAN_POINT('Origin',(173.423552586218,-7.525,-86.5947941494162));
#3735=CARTESIAN_POINT('',(173.423552586218,-3.46,-86.5947941494162));
#3736=CARTESIAN_POINT('',(173.423552586218,-7.525,-86.5947941494162));
#3737=CARTESIAN_POINT('',(177.312639882744,-3.46,-90.4838814459416));
#3738=CARTESIAN_POINT('',(176.340368058613,-3.46,-89.5116096218107));
#3739=CARTESIAN_POINT('',(177.312639882744,-7.525,-90.4838814459416));
#3740=CARTESIAN_POINT('Origin',(169.534465289692,-7.525,-90.4838814459422));
#3741=CARTESIAN_POINT('',(169.534465289692,-3.46,-90.4838814459422));
#3742=CARTESIAN_POINT('',(169.534465289692,-7.525,-90.4838814459422));
#3743=CARTESIAN_POINT('',(176.693921449206,-3.46,-83.3244252864283));
#3744=CARTESIAN_POINT('Origin',(173.423552586215,-7.525,-94.372968742471));
#3745=CARTESIAN_POINT('',(173.423552586215,-3.46,-94.372968742471));
#3746=CARTESIAN_POINT('',(173.423552586215,-7.525,-94.372968742471));
#3747=CARTESIAN_POINT('',(170.506737113819,-3.46,-91.4561532700707));
#3748=CARTESIAN_POINT('Origin',(177.312639882744,-7.525,-90.4838814459416));
#3749=CARTESIAN_POINT('',(178.638465097467,-3.46,-89.1580562312186));
#3750=CARTESIAN_POINT('Origin',(181.908833960457,-3.46,-81.9986000717034));
#3751=CARTESIAN_POINT('',(171.823552586218,-3.46,-90.4838814459419));
#3752=CARTESIAN_POINT('Origin',(173.423552586218,-3.46,-90.4838814459419));
#3753=CARTESIAN_POINT('Origin',(190.394115334698,-7.525,-69.6242314009359));
#3754=CARTESIAN_POINT('',(190.394115334698,-3.46,-69.6242314009359));
#3755=CARTESIAN_POINT('',(190.394115334698,-7.525,-69.6242314009359));
#3756=CARTESIAN_POINT('',(194.283202631221,-3.46,-73.5133186974647));
#3757=CARTESIAN_POINT('',(193.310930807094,-3.46,-72.5410468733362));
#3758=CARTESIAN_POINT('',(194.283202631221,-7.525,-73.5133186974647));
#3759=CARTESIAN_POINT('Origin',(186.505028038169,-7.525,-73.5133186974653));
#3760=CARTESIAN_POINT('',(186.505028038169,-3.46,-73.5133186974653));
#3761=CARTESIAN_POINT('',(186.505028038169,-7.525,-73.5133186974653));
#3762=CARTESIAN_POINT('',(185.179202823446,-3.46,-74.8391439121883));
#3763=CARTESIAN_POINT('Origin',(190.394115334695,-7.525,-77.4024059939907));
#3764=CARTESIAN_POINT('',(190.394115334695,-3.46,-77.4024059939907));
#3765=CARTESIAN_POINT('',(190.394115334695,-7.525,-77.4024059939907));
#3766=CARTESIAN_POINT('',(187.4772998623,-3.46,-74.4855905215961));
#3767=CARTESIAN_POINT('Origin',(194.283202631221,-7.525,-73.5133186974647));
#3768=CARTESIAN_POINT('',(187.123746471708,-3.46,-80.6727748569786));
#3769=CARTESIAN_POINT('Origin',(181.908833960457,-3.46,-81.9986000717034));
#3770=CARTESIAN_POINT('Origin',(177.312639882744,-7.525,-73.5133186974646));
#3771=CARTESIAN_POINT('',(177.312639882744,-3.46,-73.5133186974646));
#3772=CARTESIAN_POINT('',(177.312639882744,-7.525,-73.5133186974646));
#3773=CARTESIAN_POINT('',(173.423552586218,-3.46,-77.4024059939911));
#3774=CARTESIAN_POINT('',(174.395824410349,-3.46,-76.4301341698599));
#3775=CARTESIAN_POINT('',(173.423552586218,-7.525,-77.4024059939911));
#3776=CARTESIAN_POINT('Origin',(173.423552586218,-7.525,-69.6242314009387));
#3777=CARTESIAN_POINT('',(173.423552586218,-3.46,-69.6242314009386));
#3778=CARTESIAN_POINT('',(173.423552586218,-7.525,-69.6242314009386));
#3779=CARTESIAN_POINT('',(180.583008745732,-3.46,-76.7836875604524));
#3780=CARTESIAN_POINT('Origin',(169.534465289689,-7.525,-73.5133186974619));
#3781=CARTESIAN_POINT('',(169.534465289689,-3.46,-73.5133186974619));
#3782=CARTESIAN_POINT('',(169.534465289689,-7.525,-73.5133186974619));
#3783=CARTESIAN_POINT('',(172.451280762089,-3.46,-70.5965032250658));
#3784=CARTESIAN_POINT('Origin',(173.423552586218,-7.525,-77.4024059939911));
#3785=CARTESIAN_POINT('',(174.749377800941,-3.46,-78.7282312087141));
#3786=CARTESIAN_POINT('Origin',(181.908833960457,-3.46,-81.9986000717034));
#3787=CARTESIAN_POINT('',(171.823552586218,-3.46,-73.5133186974649));
#3788=CARTESIAN_POINT('Origin',(173.423552586218,-3.46,-73.5133186974649));
#3789=CARTESIAN_POINT('Origin',(186.505028038169,-7.525,-90.4838814459423));
#3790=CARTESIAN_POINT('',(186.505028038169,-3.46,-90.4838814459423));
#3791=CARTESIAN_POINT('',(186.505028038169,-7.525,-90.4838814459423));
#3792=CARTESIAN_POINT('',(190.394115334695,-3.46,-86.5947941494158));
#3793=CARTESIAN_POINT('',(189.421843510564,-3.46,-87.5670659735469));
#3794=CARTESIAN_POINT('',(190.394115334695,-7.525,-86.5947941494158));
#3795=CARTESIAN_POINT('Origin',(190.394115334695,-7.525,-94.3729687424682));
#3796=CARTESIAN_POINT('',(190.394115334695,-3.46,-94.3729687424682));
#3797=CARTESIAN_POINT('',(190.394115334695,-7.525,-94.3729687424682));
#3798=CARTESIAN_POINT('',(183.234659175181,-3.46,-87.2135125829544));
#3799=CARTESIAN_POINT('Origin',(194.283202631224,-7.525,-90.483881445945));
#3800=CARTESIAN_POINT('',(194.283202631224,-3.46,-90.483881445945));
#3801=CARTESIAN_POINT('',(194.283202631224,-7.525,-90.483881445945));
#3802=CARTESIAN_POINT('',(191.366387158824,-3.46,-93.4006969183411));
#3803=CARTESIAN_POINT('Origin',(190.394115334695,-7.525,-86.5947941494157));
#3804=CARTESIAN_POINT('',(189.068290119972,-3.46,-85.2689689346928));
#3805=CARTESIAN_POINT('Origin',(181.908833960457,-3.46,-81.9986000717034));
#3806=CARTESIAN_POINT('',(188.794115334695,-3.46,-90.4838814459419));
#3807=CARTESIAN_POINT('Origin',(190.394115334695,-3.46,-90.4838814459419));
#3808=CARTESIAN_POINT('Origin',(190.394115334695,0.,-90.4838814459419));
#3809=CARTESIAN_POINT('',(188.794115334695,0.,-90.4838814459419));
#3810=CARTESIAN_POINT('Origin',(173.423552586218,0.,-73.5133186974649));
#3811=CARTESIAN_POINT('',(171.823552586218,0.,-73.5133186974649));
#3812=CARTESIAN_POINT('Origin',(181.908833960457,0.,-81.9986000717034));
#3813=CARTESIAN_POINT('',(177.658833960457,0.,-81.9986000717034));
#3814=CARTESIAN_POINT('Origin',(206.908833960462,0.,-81.9986000716952));
#3815=CARTESIAN_POINT('Origin',(173.423552586218,0.,-90.4838814459419));
#3816=CARTESIAN_POINT('',(171.823552586218,0.,-90.4838814459419));
#3817=CARTESIAN_POINT('Origin',(200.908833960457,0.,-117.998600071703));
#3818=CARTESIAN_POINT('',(199.408833960457,0.,-117.998600071703));
#3819=CARTESIAN_POINT('Origin',(162.908833960457,0.,-117.998600071703));
#3820=CARTESIAN_POINT('',(161.408833960457,0.,-117.998600071703));
#3821=CARTESIAN_POINT('Origin',(188.506172350455,0.,-63.3893164336065));
#3822=CARTESIAN_POINT('',(188.506172350455,0.,-63.3893164336065));
#3823=CARTESIAN_POINT('Origin',(181.983242982581,0.,-77.9992922194087));
#3824=CARTESIAN_POINT('Origin',(170.908833960448,0.,-129.998600071703));
#3825=CARTESIAN_POINT('Origin',(189.908833960457,0.,-126.998600071703));
#3826=CARTESIAN_POINT('',(189.908833960457,0.,-126.998600071703));
#3827=CARTESIAN_POINT('Origin',(192.908833960457,0.,-126.998600071703));
#3828=UNCERTAINTY_MEASURE_WITH_UNIT(LENGTH_MEASURE(0.01),#3832,
'DISTANCE_ACCURACY_VALUE',
'Maximum model space distance between geometric entities at asserted c
onnectivities');
#3829=UNCERTAINTY_MEASURE_WITH_UNIT(LENGTH_MEASURE(0.01),#3832,
'DISTANCE_ACCURACY_VALUE',
'Maximum model space distance between geometric entities at asserted c
onnectivities');
#3830=(
GEOMETRIC_REPRESENTATION_CONTEXT(3)
GLOBAL_UNCERTAINTY_ASSIGNED_CONTEXT((#3828))
GLOBAL_UNIT_ASSIGNED_CONTEXT((#3832,#3834,#3835))
REPRESENTATION_CONTEXT('','3D')
);
#3831=(
GEOMETRIC_REPRESENTATION_CONTEXT(3)
GLOBAL_UNCERTAINTY_ASSIGNED_CONTEXT((#3829))
GLOBAL_UNIT_ASSIGNED_CONTEXT((#3832,#3834,#3835))
REPRESENTATION_CONTEXT('','3D')
);
#3832=(
LENGTH_UNIT()
NAMED_UNIT(*)
SI_UNIT(.MILLI.,.METRE.)
);
#3833=(
LENGTH_UNIT()
NAMED_UNIT(*)
SI_UNIT($,.METRE.)
);
#3834=(
NAMED_UNIT(*)
PLANE_ANGLE_UNIT()
SI_UNIT($,.RADIAN.)
);
#3835=(
NAMED_UNIT(*)
SI_UNIT($,.STERADIAN.)
SOLID_ANGLE_UNIT()
);
#3836=SHAPE_DEFINITION_REPRESENTATION(#3837,#3838);
#3837=PRODUCT_DEFINITION_SHAPE('',$,#3840);
#3838=SHAPE_REPRESENTATION('',(#2095),#3830);
#3839=PRODUCT_DEFINITION_CONTEXT('part definition',#3844,'design');
#3840=PRODUCT_DEFINITION('carriage_60mL','carriage_60mL v81',#3841,#3839);
#3841=PRODUCT_DEFINITION_FORMATION('',$,#3846);
#3842=PRODUCT_RELATED_PRODUCT_CATEGORY('carriage_60mL v81',
'carriage_60mL v81',(#3846));
#3843=APPLICATION_PROTOCOL_DEFINITION('international standard',
'automotive_design',2009,#3844);
#3844=APPLICATION_CONTEXT(
'Core Data for Automotive Mechanical Design Process');
#3845=PRODUCT_CONTEXT('part definition',#3844,'mechanical');
#3846=PRODUCT('carriage_60mL','carriage_60mL v81',$,(#3845));
#3847=PRESENTATION_STYLE_ASSIGNMENT((#3849));
#3848=PRESENTATION_STYLE_ASSIGNMENT((#3850));
#3849=SURFACE_STYLE_USAGE(.BOTH.,#3851);
#3850=SURFACE_STYLE_USAGE(.BOTH.,#3852);
#3851=SURFACE_SIDE_STYLE('',(#3853));
#3852=SURFACE_SIDE_STYLE('',(#3854));
#3853=SURFACE_STYLE_FILL_AREA(#3855);
#3854=SURFACE_STYLE_FILL_AREA(#3856);
#3855=FILL_AREA_STYLE('Steel - Satin',(#3857));
#3856=FILL_AREA_STYLE('ABS (White)',(#3858));
#3857=FILL_AREA_STYLE_COLOUR('Steel - Satin',#3859);
#3858=FILL_AREA_STYLE_COLOUR('ABS (White)',#3860);
#3859=COLOUR_RGB('Steel - Satin',0.627450980392157,0.627450980392157,0.627450980392157);
#3860=COLOUR_RGB('ABS (White)',0.741176470588235,0.72156862745098,1.);
ENDSEC;
END-ISO-10303-21;
